Fecha,NO
2008-11-01,2.5416666666666665
2008-11-02,2.476190476190476
2008-11-03,4.0
2008-11-04,3.5000000000000004
2008-11-05,3.4782608695652177
2008-11-06,3.2916666666666665
2008-11-07,1.9523809523809523
2008-11-08,2.35
2008-11-09,0.13043478260869568
2008-11-10,-2.3333333333333335
2008-11-11,-1.0476190476190477
2008-11-12,0.7619047619047618
2008-11-13,5.875000000000001
2008-11-14,6.857142857142858
2008-11-18,13.100000000000001
2008-11-19,13.541666666666668
2008-11-20,16.791666666666668
2008-11-21,12.291666666666666
2008-11-22,10.291666666666666
2008-11-23,11.416666666666668
2008-11-24,12.458333333333334
2008-11-25,8.958333333333334
2008-11-26,11.375000000000002
2008-11-27,11.166666666666666
2008-11-28,10.636363636363637
2008-12-01,8.818181818181818
2008-12-02,10.958333333333334
2008-12-03,9.708333333333334
2008-12-04,12.75
2008-12-05,12.833333333333334
2008-12-06,13.708333333333334
2008-12-07,14.333333333333332
2008-12-08,11.777777777777777
2008-12-09,12.652173913043477
2008-12-10,8.8125
2008-12-11,16.166666666666664
2008-12-12,14.791666666666666
2008-12-13,8.0
2008-12-14,7.083333333333333
2008-12-15,10.708333333333334
2008-12-16,12.75
2008-12-17,11.083333333333334
2008-12-18,11.46153846153846
2008-12-19,14.291666666666668
2008-12-20,13.833333333333334
2008-12-21,12.249999999999998
2008-12-22,11.000000000000002
2008-12-23,8.958333333333334
2008-12-24,10.25
2008-12-25,8.095238095238095
2008-12-26,8.083333333333332
2008-12-27,7.681818181818181
2008-12-28,6.227272727272728
2008-12-29,9.083333333333334
2008-12-30,9.625
2008-12-31,11.916666666666666
2009-01-01,10.083333333333332
2009-01-02,8.958333333333334
2009-01-03,7.5
2009-01-04,6.75
2009-01-05,8.749999999999998
2009-01-06,7.083333333333334
2009-01-07,9.208333333333334
2009-01-08,11.874999999999998
2009-01-09,9.75
2009-01-10,11.166666666666666
2009-01-11,8.041666666666668
2009-01-12,8.583333333333334
2009-01-13,10.583333333333334
2009-01-14,10.416666666666666
2009-01-15,13.458333333333334
2009-01-16,6.791666666666667
2009-01-17,6.000000000000001
2009-01-19,12.384615384615385
2009-01-20,9.75
2009-01-21,8.041666666666668
2009-01-22,8.749999999999998
2009-01-23,9.416666666666666
2009-01-24,10.708333333333334
2009-01-25,7.249999999999999
2009-01-26,7.083333333333334
2009-01-27,7.041666666666668
2009-01-28,7.625
2009-01-29,5.666666666666667
2009-01-30,5.750000000000001
2009-01-31,5.291666666666667
2009-02-01,3.6521739130434785
2009-02-02,4.875
2009-02-03,6.666666666666667
2009-02-04,6.249999999999999
2009-02-05,5.750000000000001
2009-02-06,7.875
2009-02-07,7.875
2009-02-08,6.0476190476190474
2009-02-09,4.181818181818182
2009-02-10,3.8095238095238093
2009-02-11,5.375
2009-02-12,7.458333333333333
2009-02-13,6.583333333333333
2009-02-14,6.083333333333333
2009-02-15,4.166666666666667
2009-02-16,3.956521739130435
2009-02-17,5.708333333333334
2009-02-18,6.124999999999999
2009-02-19,6.666666666666667
2009-02-20,5.916666666666666
2009-02-21,-1.0434782608695654
2009-02-22,-1.2941176470588234
2009-02-23,0.21052631578947373
2009-02-24,1.4761904761904763
2009-02-25,3.3333333333333335
2009-02-27,2.0
2009-02-28,2.2173913043478266
2009-03-01,1.7142857142857144
2009-03-02,0.8823529411764707
2009-03-03,1.0
2009-03-04,1.6818181818181817
2009-03-05,1.5217391304347827
2009-03-06,2.0952380952380953
2009-03-07,2.0526315789473686
2009-03-08,1.7222222222222223
2009-03-09,0.9473684210526316
2009-03-10,3.8333333333333335
2009-03-11,8.956521739130434
2009-03-12,3.6666666666666665
2009-03-13,2.8333333333333335
2009-03-14,3.375
2009-03-15,3.714285714285715
2009-03-17,3.416666666666667
2009-03-18,2.8750000000000004
2009-03-19,3.2083333333333335
2009-03-20,2.416666666666667
2009-03-21,2.565217391304348
2009-03-22,3.1666666666666665
2009-03-23,2.7083333333333335
2009-03-24,2.6956521739130435
2009-03-25,2.285714285714286
2009-03-26,1.8181818181818181
2009-03-27,2.076923076923077
2009-03-28,2.375
2009-03-29,1.875
2009-03-30,1.6956521739130435
2009-03-31,2.2916666666666665
2009-04-01,2.0
2009-04-02,1.625
2009-04-03,1.523809523809524
2009-04-04,1.8636363636363638
2009-04-05,2.2173913043478266
2009-04-06,2.2173913043478266
2009-04-07,2.5
2009-04-08,2.7391304347826084
2009-04-09,2.2916666666666665
2009-04-10,1.9166666666666665
2009-04-11,2.041666666666667
2009-04-12,2.041666666666667
2009-04-13,2.2173913043478266
2009-04-14,1.5833333333333333
2009-04-15,1.8571428571428574
2009-04-16,1.5454545454545456
2009-04-17,1.3636363636363635
2009-04-18,1.6818181818181817
2009-04-19,1.625
2009-04-20,1.0
2009-04-21,1.6956521739130435
2009-04-22,1.4583333333333335
2009-04-23,1.5833333333333333
2009-04-24,2.041666666666667
2009-04-25,1.9130434782608694
2009-04-26,1.625
2009-04-27,1.791666666666667
2009-04-28,1.791666666666667
2009-04-29,2.086956521739131
2009-04-30,2.125
2009-05-01,2.0
2009-05-02,1.875
2009-05-03,1.75
2009-05-04,2.125
2009-05-05,1.8333333333333333
2009-05-06,1.6956521739130435
2009-05-07,1.8260869565217392
2009-05-08,1.8333333333333333
2009-05-09,1.9166666666666665
2009-05-10,1.0833333333333335
2009-05-11,1.173913043478261
2009-05-12,1.0952380952380953
2009-05-13,1.3333333333333333
2009-05-14,1.0434782608695654
2009-05-15,1.2608695652173914
2009-05-16,1.75
2009-05-17,1.2666666666666666
2009-05-18,0.25
2009-05-19,0.3125
2009-05-20,0.6500000000000001
2009-05-21,0.7333333333333334
2009-05-22,0.782608695652174
2009-05-23,0.8333333333333333
2009-05-24,1.5
2009-05-25,0.75
2009-05-26,0.7142857142857143
2009-05-27,0.25
2009-05-28,-1.0
2009-05-29,0.3125
2009-05-30,1.0
2009-05-31,1.0
2009-06-01,0.4666666666666667
2009-06-02,0.125
2009-06-03,0.5
2009-06-04,-0.23529411764705876
2009-06-05,-0.2857142857142857
2009-06-06,0.7142857142857143
2009-06-07,1.0
2009-06-08,0.7500000000000001
2009-06-09,1.0
2009-06-10,1.0
2009-06-11,-0.6666666666666666
2009-06-12,0.27272727272727276
2009-06-13,1.0
2009-06-14,1.0
2009-06-15,-1.0
2009-06-16,-1.0476190476190477
2009-06-17,-1.0
2009-06-18,-1.5789473684210527
2009-06-19,-1.6842105263157896
2009-06-20,-1.125
2009-06-21,-1.1304347826086958
2009-06-22,-2.166666666666667
2009-07-21,9.111111111111109
2009-07-22,15.375
2009-07-23,16.041666666666664
2009-07-24,14.75
2009-07-25,12.875
2009-07-26,8.416666666666666
2009-07-27,7.833333333333333
2009-07-28,6.363636363636364
2009-07-29,9.384615384615383
2009-07-30,8.666666666666666
2009-07-31,8.291666666666668
2009-08-01,8.541666666666666
2009-08-02,6.208333333333333
2009-08-03,6.916666666666667
2009-08-04,7.041666666666668
2009-08-05,6.333333333333333
2009-08-06,5.142857142857142
2009-08-07,5.458333333333333
2009-08-08,5.875000000000001
2009-08-09,5.375
2009-08-10,6.291666666666667
2009-08-11,7.944444444444443
2009-08-12,-1.5384615384615385
2009-08-13,-0.2941176470588236
2009-08-14,5.999999999999999
2009-08-15,4.875
2009-08-16,4.25
2009-08-17,4.833333333333333
2009-08-18,5.541666666666667
2009-08-19,4.916666666666666
2009-08-20,5.041666666666666
2009-08-21,6.125
2009-08-24,6.133333333333334
2009-08-25,4.875
2009-08-26,4.916666666666667
2009-08-27,4.75
2009-08-28,4.25
2009-08-29,4.666666666666667
2009-08-30,2.7916666666666665
2009-08-31,2.458333333333333
2009-09-01,3.375
2009-09-02,4.304347826086957
2009-09-03,3.583333333333334
2009-09-04,4.208333333333334
2009-09-05,3.0416666666666665
2009-09-06,2.6666666666666665
2009-09-07,3.25
2009-09-08,4.416666666666667
2009-09-09,3.0416666666666665
2009-09-10,3.4583333333333335
2009-09-11,3.5
2009-09-12,2.5416666666666665
2009-09-13,2.5416666666666665
2009-09-14,2.5
2009-09-15,2.4090909090909087
2009-09-16,2.4782608695652173
2009-09-17,3.6521739130434785
2009-09-18,3.1666666666666665
2009-09-19,2.6666666666666665
2009-09-20,1.791666666666667
2009-09-21,2.5416666666666665
2009-09-22,2.2916666666666665
2009-09-23,2.4347826086956523
2009-09-24,2.5
2009-09-25,2.0833333333333335
2009-09-26,1.782608695652174
2009-09-27,1.8333333333333333
2009-09-28,1.9047619047619047
2009-09-29,2.0
2009-09-30,1.4761904761904763
2009-10-01,2.7777777777777777
2009-10-02,2.6000000000000005
2009-10-03,2.0
2009-10-04,1.2272727272727273
2009-10-05,2.5416666666666665
2009-10-06,1.791666666666667
2009-10-07,1.5
2009-10-08,1.8571428571428574
2009-10-09,1.5454545454545456
2009-10-10,1.142857142857143
2009-10-11,1.142857142857143
2009-10-12,0.5454545454545455
2009-10-13,1.3636363636363635
2009-10-14,1.3333333333333333
2009-10-15,0.888888888888889
2009-10-16,1.0999999999999999
2009-10-17,-0.6000000000000001
2009-10-18,-1.0
2009-10-19,-1.0
2009-10-20,-0.8333333333333334
2009-10-21,-0.625
2009-10-22,1.090909090909091
2009-10-23,2.6000000000000005
2009-10-24,1.5333333333333334
2009-10-25,-0.18181818181818182
2009-10-26,0.0
2009-10-27,0.15384615384615385
2009-10-28,0.07142857142857144
2009-10-29,0.07692307692307693
2009-10-30,1.6666666666666667
2009-10-31,0.07692307692307693
2009-11-01,-0.6875
2009-11-02,-0.8333333333333334
2009-11-03,-0.7222222222222223
2009-11-04,-0.6363636363636364
2009-11-05,-1.05
2009-11-06,-0.7894736842105263
2009-11-07,-1.0
2009-11-08,-1.1304347826086958
2009-11-09,-0.8421052631578948
2009-11-10,-0.35
2009-11-11,-1.15
2009-11-12,-0.5714285714285715
2009-11-13,-1.3888888888888888
2009-11-14,-0.8947368421052633
2009-11-15,-1.0454545454545454
2009-11-16,-1.0
2009-11-17,2.8181818181818183
2009-11-18,6.130434782608696
2009-11-19,4.458333333333333
2009-11-20,2.5833333333333335
2009-11-21,2.4583333333333335
2009-11-22,1.9166666666666665
2009-11-23,1.875
2009-11-24,1.6363636363636365
2009-11-25,1.058823529411765
2009-11-26,1.9375
2009-11-27,1.9545454545454548
2009-11-28,0.8333333333333333
2009-11-29,0.5
2009-11-30,1.5
2009-12-01,1.1666666666666667
2009-12-02,0.5625000000000001
2009-12-03,-0.6875
2009-12-04,0.5
2009-12-05,1.3529411764705883
2009-12-06,0.7333333333333334
2009-12-07,-0.26666666666666666
2009-12-08,-0.09090909090909091
2009-12-09,-0.06666666666666667
2009-12-10,-0.6875
2009-12-11,-0.5294117647058825
2009-12-12,-0.4
2009-12-13,-0.4666666666666667
2009-12-14,-1.1363636363636365
2009-12-15,-1.5625
2009-12-16,-1.4782608695652175
2009-12-17,-1.619047619047619
2009-12-18,-2.0
2009-12-19,-1.7391304347826089
2009-12-20,-2.045454545454545
2009-12-21,-2.3809523809523814
2009-12-22,-1.4761904761904763
2009-12-23,-2.3809523809523814
2009-12-24,-2.3125
2009-12-25,-1.0526315789473684
2009-12-26,-1.6111111111111112
2009-12-27,-1.5789473684210527
2009-12-28,-2.076923076923077
2009-12-29,-1.777777777777778
2009-12-30,-1.4285714285714286
2009-12-31,-2.058823529411765
2010-01-01,-2.0952380952380953
2010-01-02,-3.6249999999999996
2010-01-03,-2.6666666666666665
2010-01-04,-2.8
2010-01-05,-3.541666666666667
2010-01-06,-5.625000000000001
2010-01-07,-3.5217391304347827
2010-01-08,-3.75
2010-01-09,-3.25
2010-01-10,-3.0416666666666665
2010-01-11,-3.0000000000000004
2010-01-12,-4.458333333333333
2010-01-13,-3.625
2010-01-14,-2.4499999999999997
2010-01-15,-1.2105263157894737
2010-01-16,-2.6666666666666665
2010-01-17,-2.761904761904762
2010-01-18,-2.4761904761904763
2010-01-19,-2.9047619047619047
2010-01-20,-3.2272727272727275
2010-01-21,-2.7083333333333335
2010-01-22,-4.958333333333334
2010-01-23,-3.875
2010-01-24,-4.0
2010-01-25,-4.333333333333333
2010-01-26,-3.956521739130435
2010-01-27,-3.3
2010-01-28,-3.0833333333333335
2010-01-29,-3.3333333333333335
2010-01-30,-2.8333333333333335
2010-01-31,-2.6666666666666665
2010-08-19,159.0
2010-08-20,13.000000000000002
2010-08-23,1.2499999999999998
2010-08-24,32.18181818181819
2010-08-25,28.874999999999996
2010-08-26,20.25
2010-08-27,18.0
2010-08-28,14.708333333333332
2010-08-29,11.208333333333334
2010-08-30,15.208333333333332
2010-08-31,17.166666666666668
2010-09-01,12.666666666666666
2010-09-02,15.0
2010-09-03,15.416666666666668
2010-09-04,18.208333333333332
2010-09-05,14.625
2010-09-06,15.208333333333332
2010-09-07,12.541666666666666
2010-09-08,16.125
2010-09-09,13.875
2010-09-10,13.291666666666666
2010-09-11,14.208333333333336
2010-09-12,11.624999999999998
2010-09-13,15.083333333333332
2010-09-14,14.0
2010-09-15,14.208333333333332
2010-09-16,13.208333333333334
2010-09-17,15.166666666666666
2010-09-18,13.458333333333334
2010-09-19,11.375000000000002
2010-09-20,14.916666666666666
2010-09-21,15.125
2010-09-22,15.041666666666666
2010-09-23,12.583333333333334
2010-09-24,15.541666666666668
2010-09-25,14.041666666666668
2010-09-26,13.25
2010-09-27,15.083333333333332
2010-09-28,18.416666666666668
2010-09-29,20.75
2010-09-30,14.374999999999998
2010-10-01,16.25
2010-10-02,17.208333333333332
2010-10-03,14.444444444444445
2011-02-04,27.181818181818183
2011-02-05,3.625
2011-02-06,4.0
2011-02-07,4.666666666666667
2011-02-08,5.208333333333333
2011-02-09,6.583333333333333
2011-02-10,6.166666666666667
2011-02-11,7.291666666666666
2011-02-12,6.75
2011-02-13,5.916666666666667
2011-02-14,9.75
2011-02-15,7.666666666666666
2011-02-16,5.791666666666667
2011-02-17,5.791666666666667
2011-02-18,6.958333333333334
2011-02-19,5.875000000000001
2011-02-20,57.49999999999999
2011-02-21,64.29166666666666
2011-02-22,5.625000000000001
2011-02-23,4.875
2011-02-24,4.541666666666667
2011-02-25,5.458333333333333
2011-02-26,4.791666666666667
2011-02-27,4.75
2011-02-28,7.333333333333333
2011-03-01,7.166666666666667
2011-03-04,10.222222222222223
2011-03-05,5.458333333333333
2011-03-06,3.9166666666666665
2011-03-07,4.75
2011-03-08,5.791666666666667
2011-03-09,9.083333333333334
2011-03-10,7.166666666666666
2011-03-11,8.541666666666666
2011-03-12,5.083333333333333
2011-03-13,4.75
2011-03-14,6.958333333333334
2011-03-15,7.833333333333333
2011-03-16,8.416666666666668
2011-03-17,7.208333333333334
2011-03-18,9.0
2011-03-19,9.541666666666668
2011-03-20,5.166666666666667
2011-03-21,5.208333333333333
2011-03-22,5.041666666666666
2011-03-23,4.708333333333333
2011-03-24,5.750000000000001
2011-03-25,5.583333333333333
2011-03-26,4.541666666666667
2011-03-27,4.083333333333334
2011-03-28,5.125
2011-03-29,5.666666666666667
2011-03-30,6.583333333333333
2011-03-31,8.583333333333334
2011-04-01,6.083333333333333
2011-04-02,6.375
2011-04-03,5.434782608695652
2011-04-04,8.499999999999998
2011-04-05,6.708333333333334
2011-04-06,6.833333333333334
2011-04-07,6.5
2011-04-08,6.875
2011-04-09,5.416666666666667
2011-04-10,4.125
2011-04-11,4.208333333333334
2011-04-12,4.083333333333334
2011-04-13,4.916666666666666
2011-04-14,4.916666666666667
2011-04-15,5.333333333333333
2011-04-16,6.958333333333334
2011-04-17,9.833333333333332
2011-04-18,8.666666666666666
2011-04-19,5.625000000000001
2011-04-20,6.041666666666667
2011-04-21,6.458333333333333
2011-04-22,4.416666666666667
2011-04-23,3.9166666666666665
2011-04-24,3.708333333333333
2011-04-25,4.958333333333333
2011-04-26,4.875
2011-04-27,4.791666666666667
2011-04-28,6.583333333333333
2011-04-29,5.791666666666667
2011-04-30,5.541666666666667
2011-05-01,4.458333333333333
2011-05-02,4.541666666666667
2011-05-03,4.041666666666666
2011-05-04,5.041666666666666
2011-05-05,5.583333333333333
2011-05-06,7.791666666666666
2011-05-07,6.458333333333333
2011-05-08,4.708333333333333
2011-05-09,5.833333333333334
2011-05-10,5.208333333333333
2011-05-11,5.333333333333333
2011-05-12,5.875000000000001
2011-05-13,7.124999999999999
2011-05-14,9.478260869565217
2011-05-15,4.166666666666667
2011-05-16,4.75
2011-05-17,5.750000000000001
2011-05-18,11.375
2011-05-19,4.791666666666667
2011-05-20,5.0
2011-06-21,6.375000000000001
2011-06-22,12.846153846153847
2011-06-28,11.000000000000002
2011-07-11,3.0000000000000004
2011-07-13,-19.111111111111114
2011-07-14,-16.708333333333336
2011-07-15,-13.375
2011-07-16,-12.791666666666666
2011-07-17,-12.916666666666666
2011-07-18,-13.916666666666668
2011-07-19,-16.791666666666668
2011-07-20,-18.041666666666668
2011-07-21,-16.416666666666668
2011-07-22,-13.875
2011-07-23,-12.444444444444445
2011-07-25,-14.0
2011-07-26,-13.208333333333334
2011-07-27,-13.708333333333334
2011-07-28,-13.5
2011-07-29,-13.333333333333334
2011-07-30,-12.499999999999998
2011-07-31,-13.791666666666668
2011-08-01,-13.833333333333334
2011-08-02,-14.565217391304348
2011-08-03,-5.333333333333333
2011-08-04,3.9166666666666665
2011-08-05,3.9583333333333335
2011-08-06,0.20833333333333345
2011-08-07,2.956521739130435
2011-08-08,-2.7500000000000004
2011-08-09,-8.416666666666668
2011-08-10,-8.416666666666666
2011-08-11,11.500000000000002
2011-08-12,27.846153846153847
2011-08-13,28.181818181818183
2011-08-14,28.333333333333336
2011-08-15,28.5
2011-08-16,27.25
2011-08-17,28.333333333333336
2011-08-18,28.0
2011-08-19,27.05
2011-08-20,28.0
2011-08-21,28.0
2011-08-22,28.0
2011-08-23,25.941176470588236
2011-08-24,28.041666666666668
2011-08-25,28.083333333333336
2011-08-26,28.333333333333336
2011-08-27,28.16666666666667
2011-08-28,28.0
2011-08-29,28.458333333333336
2011-08-30,28.458333333333336
2011-08-31,28.59090909090909
2011-09-01,28.458333333333336
2011-09-02,28.208333333333336
2011-09-03,28.208333333333336
2011-09-04,28.25
2011-09-05,28.25
2011-09-06,28.375
2011-09-07,28.375
2011-09-08,27.5
2011-09-09,28.5
2011-09-10,28.583333333333336
2011-09-11,28.54166666666667
2011-09-12,28.375
2011-09-13,28.25
2011-09-14,28.29166666666667
2011-09-15,27.916666666666668
2011-09-16,28.25
2011-09-17,28.25
2011-09-18,27.958333333333336
2011-09-19,28.083333333333336
2011-09-20,27.958333333333336
2011-09-21,27.916666666666668
2011-09-22,27.75
2011-09-23,27.541666666666668
2011-09-24,28.25
2011-09-25,28.333333333333336
2011-09-26,28.333333333333336
2011-09-27,28.16666666666667
2011-09-28,27.833333333333336
2011-09-29,28.041666666666668
2011-09-30,28.29166666666667
2011-10-01,28.208333333333336
2011-10-02,28.0
2011-10-03,28.333333333333336
2011-10-04,28.375
2011-10-05,28.208333333333336
2011-10-06,28.0
2011-10-07,27.875
2011-10-08,28.208333333333336
2011-10-09,27.958333333333336
2011-10-10,28.125
2011-10-11,27.583333333333336
2011-10-12,28.47826086956522
2011-10-13,28.79166666666667
2011-10-14,28.66666666666667
2011-10-15,28.54166666666667
2011-10-16,28.54166666666667
2011-10-17,28.333333333333336
2011-10-18,28.458333333333336
2011-10-19,28.458333333333336
2011-10-20,28.5
2011-10-21,27.26086956521739
2011-10-22,28.458333333333336
2011-10-23,28.583333333333336
2011-10-24,28.583333333333336
2011-10-25,28.66666666666667
2011-10-26,28.625
2011-10-27,28.5
2011-10-28,26.82608695652174
2011-10-29,24.41666666666667
2011-10-30,24.374999999999996
2011-10-31,25.124999999999996
2011-11-01,26.666666666666668
2011-11-02,28.75
2011-11-03,28.625
2011-11-04,27.375
2011-11-05,24.624999999999996
2011-11-06,24.583333333333336
2011-11-07,24.66666666666667
2011-11-08,24.624999999999996
2011-11-09,24.66666666666667
2011-11-10,24.791666666666668
2011-11-11,26.791666666666668
2011-11-12,28.79166666666667
2011-11-13,28.833333333333336
2011-11-14,28.833333333333336
2011-11-15,28.875
2011-11-16,28.708333333333336
2011-11-17,28.583333333333336
2011-11-18,28.79166666666667
2011-11-19,28.66666666666667
2011-11-20,28.5
2011-11-21,28.583333333333336
2011-11-22,28.625
2011-11-23,28.583333333333336
2011-11-24,28.708333333333336
2011-11-25,28.79166666666667
2011-11-26,28.91666666666667
2011-11-27,29.0
2011-11-28,29.0
2011-11-29,29.04166666666667
2011-11-30,29.083333333333336
2011-12-01,29.04166666666667
2011-12-02,29.0
2011-12-03,29.04166666666667
2011-12-04,29.0
2011-12-05,28.91666666666667
2011-12-06,28.54166666666667
2011-12-07,28.25
2011-12-08,27.833333333333336
2011-12-09,28.041666666666668
2011-12-10,28.625
2011-12-11,28.583333333333336
2011-12-12,28.625
2011-12-13,28.708333333333336
2011-12-14,28.708333333333336
2011-12-15,28.708333333333336
2011-12-16,28.79166666666667
2011-12-17,28.75
2011-12-18,28.75
2011-12-19,28.333333333333336
2012-01-05,30.166666666666664
2012-01-06,29.875
2012-01-07,29.875
2012-01-08,29.833333333333332
2012-01-09,29.75
2012-01-10,29.625
2012-01-11,29.541666666666664
2012-01-12,29.416666666666664
2012-01-13,29.333333333333332
2012-01-14,29.25
2012-01-15,29.25
2012-01-16,29.25
2012-01-17,29.083333333333336
2012-01-18,29.16666666666667
2012-01-19,28.91666666666667
2012-01-20,29.0
2012-01-21,29.0
2012-01-22,29.0
2012-01-23,28.833333333333336
2012-01-24,29.0
2012-01-25,29.0
2012-01-26,29.0
2012-01-27,29.0
2012-01-28,29.04166666666667
2012-01-29,29.0
2012-01-30,29.0
2012-01-31,28.6
2012-02-01,29.0
2012-02-02,29.043478260869566
2012-02-03,28.5
2012-02-04,29.0
2012-02-05,29.0
2012-02-06,29.0
2012-02-07,28.958333333333336
2012-02-08,28.54166666666667
2012-02-09,29.0
2012-02-10,29.375
2012-02-11,29.0
2012-02-12,29.0
2012-02-13,29.083333333333336
2012-02-14,28.875
2012-02-15,29.0
2012-02-16,29.0
2012-02-17,28.91666666666667
2012-02-18,29.0
2012-02-19,29.0
2012-02-20,28.79166666666667
2012-02-21,28.708333333333336
2012-02-22,28.5
2012-02-23,28.083333333333336
2012-02-24,28.25
2012-02-25,28.583333333333336
2012-02-26,28.54166666666667
2012-02-27,28.5
2012-02-28,28.25
2012-02-29,28.041666666666668
2012-03-01,28.16666666666667
2012-03-02,28.41666666666667
2012-03-03,28.458333333333336
2012-03-04,28.458333333333336
2012-03-05,28.54166666666667
2012-03-06,28.5
2012-03-07,28.54166666666667
2012-03-08,28.375
2012-03-09,28.375
2012-03-10,28.5
2012-03-11,28.91666666666667
2012-03-12,28.66666666666667
2012-03-13,28.583333333333336
2012-03-14,28.708333333333336
2012-03-15,28.625
2012-03-16,28.875
2012-03-17,28.91666666666667
2012-03-18,28.91666666666667
2012-03-19,28.958333333333336
2012-03-20,29.0
2012-03-21,29.125
2012-03-22,29.125
2012-03-23,29.125
2012-03-24,29.125
2012-03-25,29.083333333333336
2012-03-26,29.083333333333336
2012-03-27,29.125
2012-03-28,29.083333333333336
2012-03-29,29.083333333333336
2012-03-30,29.208333333333336
2012-03-31,29.208333333333336
2012-04-01,29.130434782608695
2012-04-02,29.16666666666667
2012-04-03,29.16666666666667
2012-04-04,29.125
2012-04-05,29.04166666666667
2012-04-06,28.875
2012-04-07,29.083333333333336
2012-04-08,28.875
2012-04-09,28.875
2012-04-10,28.91666666666667
2012-04-11,29.0
2012-04-12,28.958333333333336
2012-04-13,29.0
2012-04-16,29.0
2012-04-17,28.79166666666667
2012-04-18,28.79166666666667
2012-04-19,28.875
2012-04-20,28.833333333333336
2012-04-21,28.875
2012-04-22,28.833333333333336
2012-04-23,28.79166666666667
2012-04-24,28.91666666666667
2012-04-25,28.75
2012-04-26,28.583333333333336
2012-04-27,28.583333333333336
2012-04-28,28.66666666666667
2012-04-29,28.583333333333336
2012-04-30,28.458333333333336
2012-05-01,28.54166666666667
2012-05-02,28.29166666666667
2012-05-03,28.333333333333336
2012-05-04,28.29166666666667
2012-05-05,28.25
2012-05-06,28.333333333333336
2012-05-07,28.375
2012-05-08,28.041666666666668
2012-05-09,27.583333333333336
2012-05-10,28.0
2012-05-11,27.916666666666668
2012-05-12,28.16666666666667
2012-05-13,28.0
2012-05-14,28.0
2012-05-15,27.875
2012-05-16,27.958333333333336
2012-05-17,28.208333333333336
2012-05-18,28.125
2012-05-19,28.0
2012-05-20,27.791666666666668
2012-05-21,23.666666666666668
2012-05-22,21.791666666666668
2012-05-23,27.375
2012-05-24,27.0
2012-05-25,27.041666666666668
2012-05-26,26.416666666666668
2012-05-27,26.041666666666668
2012-05-28,25.916666666666668
2012-05-29,26.333333333333332
2012-05-30,23.833333333333332
2012-05-31,19.083333333333332
2012-06-01,19.125
2012-06-02,19.125
2012-06-03,19.541666666666664
2012-06-04,19.291666666666668
2012-06-05,18.909090909090907
2012-06-06,3.0
2012-06-08,-5.0
2012-06-09,-8.458333333333334
2012-06-10,-3.875
2012-06-11,-3.260869565217391
2012-06-12,-2.7727272727272725
2012-06-13,-2.75
2012-06-14,-3.6666666666666665
2012-06-15,-7.043478260869565
2012-06-16,-3.764705882352941
2012-06-17,-1.1363636363636365
2012-06-18,6.4
2012-06-19,22.833333333333336
2012-06-20,22.625000000000004
2012-06-21,23.041666666666668
2012-06-22,12.0
2012-06-23,-0.75
2012-06-24,-0.23809523809523808
2012-06-25,-0.3333333333333333
2012-06-26,-1.2105263157894737
2012-06-27,5.952380952380952
2012-06-28,13.583333333333334
2012-06-29,17.166666666666668
2012-06-30,27.208333333333336
2012-07-01,27.916666666666668
2012-07-02,28.375
2012-07-03,28.125
2012-07-04,27.583333333333336
2012-07-05,25.291666666666668
2012-07-06,24.749999999999996
2012-07-07,24.708333333333332
2012-07-08,23.833333333333332
2012-07-09,24.041666666666664
2012-07-10,23.708333333333336
2012-07-11,23.708333333333336
2012-07-12,23.750000000000004
2012-07-13,23.583333333333336
2012-07-14,21.5
2012-07-15,22.333333333333332
2012-07-16,23.500000000000004
2012-07-17,23.416666666666668
2012-07-18,22.208333333333332
2012-07-19,22.041666666666668
2012-07-20,16.541666666666668
2012-07-21,5.666666666666667
2012-07-22,8.227272727272727
2012-07-23,4.25
2012-07-24,7.357142857142857
2012-07-25,4.0
2012-07-26,-0.4166666666666666
2012-07-27,-0.761904761904762
2012-07-28,-1.05
2012-07-29,-2.6363636363636362
2012-07-30,-1.3157894736842104
2012-07-31,13.0
2012-08-01,24.583333333333336
2012-08-02,24.66666666666667
2012-08-03,24.66666666666667
2012-08-04,24.874999999999996
2012-08-05,24.91666666666667
2012-08-06,25.0
2012-08-07,25.0
2012-08-08,24.791666666666668
2012-08-09,24.000000000000004
2012-08-10,23.750000000000004
2012-08-11,24.041666666666664
2012-08-12,24.16666666666667
2012-08-13,24.166666666666668
2012-08-14,24.16666666666667
2012-08-15,24.000000000000004
2012-08-16,24.23809523809524
2012-08-17,25.0
2012-08-18,24.791666666666668
2012-08-19,24.291666666666668
2012-08-20,24.083333333333336
2012-08-21,24.16666666666667
2012-08-22,24.16666666666667
2012-08-23,24.208333333333332
2012-08-24,24.000000000000004
2012-08-25,23.958333333333332
2012-08-26,24.124999999999996
2012-08-27,24.208333333333332
2012-08-28,24.000000000000004
2012-08-29,23.958333333333332
2012-08-30,24.041666666666664
2012-08-31,24.333333333333332
2012-09-01,24.333333333333336
2012-09-02,24.41666666666667
2012-09-03,23.333333333333336
2012-09-04,23.708333333333332
2012-09-05,23.874999999999996
2012-09-06,24.041666666666668
2012-09-07,23.583333333333336
2012-09-08,24.500000000000004
2012-09-09,24.208333333333332
2012-09-10,24.333333333333332
2012-09-11,24.999999999999996
2012-09-12,24.583333333333332
2012-09-13,24.124999999999996
2012-09-14,24.250000000000004
2012-09-15,24.499999999999996
2012-09-16,24.666666666666668
2012-09-17,24.083333333333336
2012-09-18,23.833333333333336
2012-09-19,24.083333333333336
2012-09-20,24.124999999999996
2012-09-21,24.041666666666664
2012-09-22,24.083333333333336
2012-09-23,24.041666666666664
2012-09-24,24.000000000000004
2012-09-25,24.083333333333336
2012-09-26,24.16666666666667
2012-09-27,24.000000000000004
2012-09-28,23.874999999999996
2012-09-29,24.208333333333332
2012-09-30,24.374999999999996
2012-10-01,24.333333333333332
2012-10-02,23.916666666666668
2012-10-03,24.041666666666664
2012-10-04,23.833333333333336
2012-10-05,24.083333333333336
2012-10-06,24.250000000000004
2012-10-07,24.374999999999996
2012-10-08,23.250000000000004
2012-10-09,21.125
2012-10-10,22.250000000000004
2012-10-11,21.625000000000004
2012-10-12,22.041666666666668
2012-10-13,22.500000000000004
2012-10-14,22.166666666666668
2012-10-15,22.041666666666668
2012-10-16,23.000000000000004
2012-10-17,23.000000000000004
2012-10-18,22.125000000000004
2012-10-19,22.083333333333332
2012-10-20,22.20833333333333
2012-10-21,22.083333333333332
2012-10-22,22.291666666666664
2012-10-23,21.875000000000004
2012-10-24,21.833333333333332
2012-10-25,22.124999999999996
2012-10-26,22.166666666666668
2012-10-27,22.041666666666664
2012-10-28,22.000000000000004
2012-10-29,21.875000000000004
2012-10-30,21.625000000000004
2012-10-31,22.375000000000004
2012-11-01,21.708333333333332
2012-11-02,21.875000000000004
2012-11-03,22.333333333333332
2012-11-04,21.458333333333332
2012-11-05,21.375
2012-11-06,20.166666666666664
2012-11-07,22.208333333333332
2012-11-08,23.166666666666668
2012-11-09,23.458333333333336
2012-11-10,24.291666666666668
2012-11-11,24.16666666666667
2012-11-12,23.874999999999996
2012-11-13,23.916666666666668
2012-11-14,23.874999999999996
2012-11-15,23.833333333333336
2012-11-16,24.333333333333332
2012-11-17,25.375
2012-11-18,25.5
2012-11-19,25.375
2012-11-20,24.375000000000004
2012-11-21,24.624999999999996
2012-11-22,23.90909090909091
2012-11-23,23.583333333333336
2012-11-24,23.583333333333336
2012-11-25,23.500000000000004
2012-11-26,22.708333333333332
2012-11-27,23.333333333333336
2012-11-28,24.708333333333336
2012-11-29,24.500000000000004
2012-11-30,23.250000000000004
2012-12-01,22.541666666666664
2012-12-02,22.45833333333333
2012-12-03,22.916666666666668
2012-12-04,15.833333333333334
2012-12-05,17.458333333333332
2012-12-06,9.0
2012-12-07,9.0
2012-12-08,9.0
2012-12-09,9.0
2012-12-10,8.749999999999998
2012-12-11,8.666666666666666
2012-12-12,9.0
2012-12-13,9.0
2012-12-14,9.416666666666666
2012-12-15,9.083333333333332
2012-12-16,9.0
2012-12-17,8.958333333333334
2012-12-18,9.0
2012-12-19,9.0
2012-12-20,9.0
2012-12-21,9.0
2012-12-22,9.0
2012-12-23,9.0
2012-12-24,9.0
2012-12-25,9.0
2012-12-26,9.0
2012-12-27,9.0
2012-12-28,9.0
2012-12-29,9.0
2012-12-30,9.041666666666664
2012-12-31,9.25
2013-01-01,9.333333333333332
2013-01-02,9.0
2013-01-03,9.0
2013-01-04,9.0
2013-01-05,9.041666666666664
2013-01-06,8.958333333333334
2013-01-07,8.708333333333334
2013-01-08,9.041666666666664
2013-01-09,9.0
2013-01-10,9.0
2013-01-11,9.0
2013-01-12,9.0
2013-01-13,9.0
2013-01-14,9.0
2013-01-15,9.0
2013-01-16,9.125
2013-01-17,9.083333333333332
2013-01-18,9.0
2013-01-19,9.083333333333332
2013-01-20,9.083333333333332
2013-01-21,9.041666666666664
2013-01-22,8.958333333333334
2013-01-23,9.0
2013-01-24,9.0
2013-01-25,9.041666666666664
2013-01-26,9.208333333333332
2013-01-27,9.458333333333332
2013-01-28,9.0
2013-01-29,9.086956521739129
2013-01-30,9.217391304347826
2013-01-31,9.086956521739129
2013-02-01,9.0
2013-02-02,9.0
2013-02-03,9.083333333333332
2013-02-04,9.0
2013-02-05,9.0
2013-02-06,9.130434782608695
2013-02-07,9.5
2013-02-08,9.125
2013-02-09,9.0
2013-02-10,9.0
2013-02-11,9.083333333333332
2013-02-12,9.0
2013-02-13,8.958333333333334
2013-02-14,9.0
2013-02-15,9.0
2013-02-16,9.0
2013-02-17,9.0
2013-02-18,9.0
2013-02-19,9.0
2013-02-20,18.583333333333332
2013-02-21,9.0
2013-02-22,9.0
2013-02-23,9.0
2013-02-24,9.041666666666664
2013-02-25,8.863636363636363
2013-02-26,9.0
2013-02-27,9.041666666666664
2013-02-28,9.083333333333332
2013-03-01,9.333333333333332
2013-03-02,9.125
2013-03-03,9.041666666666664
2013-03-04,9.0
2013-03-05,9.0
2013-03-06,9.0
2013-03-07,9.0
2013-03-08,9.041666666666664
2013-03-09,9.0
2013-03-10,9.0
2013-03-11,9.0
2013-03-12,9.0
2013-03-13,9.0
2013-03-14,9.0
2013-03-15,9.041666666666664
2013-03-16,9.0
2013-03-17,9.0
2013-03-18,9.0
2013-03-19,9.041666666666664
2013-03-20,9.0
2013-03-21,9.041666666666664
2013-03-22,9.0
2013-03-23,9.0
2013-03-24,9.0
2013-03-25,9.0
2013-03-26,9.0
2013-03-27,9.041666666666664
2013-03-28,9.0
2013-03-29,9.0
2013-03-30,9.0
2013-03-31,9.0
2013-04-01,9.0
2013-04-02,9.041666666666664
2013-04-03,9.0
2013-04-04,12.249999999999998
2013-04-05,9.041666666666664
2013-04-06,9.0
2013-04-07,9.0
2013-04-08,9.0
2013-04-09,9.0
2013-04-10,9.0
2013-04-11,9.0
2013-04-12,9.083333333333332
2013-04-13,9.291666666666664
2013-04-14,9.166666666666664
2013-04-15,9.166666666666664
2013-04-16,9.166666666666664
2013-04-17,9.0
2013-04-18,9.0
2013-04-19,9.0
2013-04-20,9.0
2013-04-21,9.0
2013-04-22,9.041666666666664
2013-04-23,9.0
2013-04-24,9.0
2013-04-25,9.0
2013-04-26,9.0
2013-04-27,9.0
2013-04-28,9.0
2013-04-29,9.0
2013-04-30,9.0
2013-05-01,9.0
2013-05-02,9.0
2013-05-03,9.083333333333332
2013-05-04,9.0
2013-05-05,9.0
2013-05-06,9.583333333333332
2013-05-07,9.0
2013-05-08,9.0
2013-05-09,9.0
2013-05-10,9.0
2013-05-11,9.0
2013-05-12,9.0
2013-05-13,9.083333333333332
2013-05-14,9.125
2013-05-15,9.041666666666664
2013-05-16,9.041666666666664
2013-05-17,9.0
2013-05-18,9.0
2013-05-19,9.0
2013-05-20,9.041666666666664
2013-05-21,9.291666666666664
2013-05-22,9.375
2013-05-23,9.125
2013-05-24,9.166666666666664
2013-05-25,9.0
2013-05-26,9.0
2013-05-27,9.0
2013-05-28,36.625
2013-05-29,47.869565217391305
2013-05-30,9.125
2013-05-31,9.083333333333332
2013-06-01,9.0
2013-06-02,9.125
2013-06-03,9.083333333333332
2013-06-04,9.125
2013-06-05,9.083333333333332
2013-06-06,9.125
2013-06-07,9.125
2013-06-08,9.083333333333332
2013-06-09,9.0
2013-06-10,51.87500000000001
2013-06-11,140.125
2013-06-12,138.91666666666666
2013-06-13,136.33333333333334
2013-06-14,135.0
2013-06-15,135.04166666666666
2013-06-16,135.83333333333334
2013-06-17,135.29166666666666
2013-06-18,136.875
2013-06-19,139.5
2013-06-20,136.75
2013-06-21,86.125
2013-06-22,9.833333333333332
2013-06-23,9.208333333333332
2013-06-24,9.333333333333332
2013-06-25,9.375
2013-06-26,9.083333333333332
2013-06-27,9.166666666666664
2013-06-28,9.125
2013-06-29,9.208333333333332
2013-06-30,9.0
2013-07-01,9.041666666666664
2013-07-02,9.041666666666664
2013-07-03,9.041666666666664
2013-07-04,9.0
2013-07-05,9.0
2013-07-06,9.041666666666664
2013-07-07,9.041666666666664
2013-07-08,9.0
2013-07-09,9.0
2013-07-10,9.0
2013-07-11,9.0
2013-07-12,9.0
2013-07-13,8.958333333333334
2013-07-14,8.749999999999998
2013-07-15,22.000000000000004
2013-07-16,45.625
2013-07-17,51.583333333333336
2013-07-18,128.25
2013-07-19,127.91666666666669
2013-07-20,129.08333333333331
2013-07-21,131.91666666666666
2013-07-22,65.58333333333334
2013-07-23,9.375
2013-07-24,9.5
2013-07-25,12.124999999999998
2013-07-26,16.416666666666668
2013-07-27,13.291666666666666
2013-07-28,10.5
2013-07-29,16.416666666666668
2013-07-30,23.208333333333332
2013-07-31,23.958333333333336
2013-08-01,21.625000000000004
2013-08-02,20.125
2013-08-03,19.625
2013-08-04,20.041666666666664
2013-08-05,21.818181818181817
2013-08-08,13.333333333333334
2013-08-09,15.625
2013-08-10,11.666666666666668
2013-08-12,21.92857142857143
2013-08-13,18.291666666666668
2013-08-14,19.083333333333332
2013-08-15,22.041666666666668
2013-08-16,22.541666666666668
2013-08-17,19.083333333333336
2013-08-18,17.666666666666668
2013-08-19,17.249999999999996
2013-08-20,22.791666666666668
2013-08-21,19.25
2013-08-22,20.958333333333332
2013-08-23,23.833333333333332
2013-08-24,23.625000000000004
2013-08-25,17.958333333333332
2013-08-26,17.727272727272727
2013-08-27,12.11111111111111
2013-08-28,9.25
2013-08-29,11.458333333333334
2013-08-30,21.791666666666668
2013-08-31,20.166666666666664
2013-09-01,17.249999999999996
2013-09-02,24.708333333333332
2013-09-03,24.39130434782609
2013-09-04,28.454545454545453
2013-09-05,14.08695652173913
2013-09-06,11.130434782608697
2013-09-07,10.142857142857142
2013-09-09,3.777777777777778
2013-09-10,7.681818181818182
2013-09-11,5.8
2013-09-12,4.0
2013-09-13,4.739130434782608
2013-09-14,10.263157894736842
2013-09-15,4.333333333333333
2013-09-16,3.857142857142857
2013-09-17,5.5625
2013-09-18,6.857142857142857
2013-09-19,6.826086956521739
2013-09-20,5.071428571428572
2013-09-23,5.888888888888888
2013-09-24,8.047619047619046
2013-09-25,8.954545454545455
2013-09-26,24.499999999999996
2013-09-27,27.125
2013-09-28,5.444444444444445
2013-09-29,3.368421052631579
2013-10-01,15.357142857142858
2013-10-02,8.61111111111111
2013-10-03,10.466666666666667
2013-10-04,7.1764705882352935
2013-10-07,5.333333333333333
2013-10-08,6.0
2013-10-09,8.23076923076923
2013-10-10,10.733333333333334
2013-10-12,5.999999999999999
2013-10-13,3.894736842105263
2013-10-15,9.2
2013-10-16,6.666666666666667
2013-10-17,6.666666666666667
2013-10-18,12.695652173913041
2013-10-19,19.583333333333332
2013-10-20,19.428571428571427
2013-10-22,11.928571428571427
2013-10-23,9.842105263157896
2013-10-24,7.500000000000001
2013-10-25,6.0
2013-10-26,8.125
2013-10-27,4.733333333333334
2013-10-28,1.0
2013-10-29,7.0
2013-10-31,3.2
2013-11-01,8.555555555555555
2013-11-02,4.315789473684211
2013-11-04,4.500000000000001
2013-11-05,2.0
2013-11-06,5.636363636363637
2013-11-07,5.909090909090909
2013-11-08,1.75
2013-11-09,10.545454545454545
2013-11-10,5.263157894736842
2013-11-11,6.1875
2013-11-12,6.904761904761904
2013-11-13,8.263157894736842
2013-11-14,11.5625
2013-11-15,10.708333333333334
2013-11-16,16.416666666666668
2013-11-17,16.71428571428571
2013-11-18,8.90909090909091
2013-11-19,12.9375
2013-11-27,11.444444444444445
2013-11-28,7.7272727272727275
2013-11-29,13.692307692307692
2013-11-30,8.210526315789474
2013-12-02,17.428571428571427
2013-12-03,9.0
2013-12-06,8.538461538461538
2013-12-07,6.875
2014-01-30,2.5
2014-01-31,2.0
2014-02-03,1.0
2014-02-04,1.0
2014-02-06,1.0
2014-02-11,2.0
2014-02-15,8.0
2014-02-16,8.0
2014-02-17,6.0
2014-02-18,10.0
2014-02-19,4.0
2014-02-20,1.0
2014-02-21,5.0
2014-02-22,1.0
2014-02-23,4.0
2014-02-24,5.0
2014-02-25,3.0
2014-02-27,14.0
2014-02-28,7.666666666666666
2014-03-01,6.5
2014-03-02,13.888888888888888
2014-03-03,16.785714285714285
2014-03-04,11.000000000000002
2014-03-05,6.5
2014-03-06,8.5
2014-03-07,10.666666666666666
2014-03-08,17.333333333333332
2014-03-10,9.285714285714286
2014-03-11,6.999999999999999
2014-03-12,2.0
2014-03-13,31.0
2014-03-14,14.083333333333336
2014-03-15,15.545454545454547
2014-03-16,2.2500000000000004
2014-03-17,5.0
2014-03-18,5.0
2014-03-19,7.0
2014-03-20,9.0
2014-03-21,14.0
2014-03-22,14.238095238095237
2014-03-23,14.499999999999998
2014-03-24,20.57142857142857
2014-03-25,11.0
2014-03-26,5.5
2014-03-27,4.500000000000001
2014-03-28,17.0
2014-03-29,10.666666666666666
2014-03-30,13.777777777777779
2014-03-31,15.66666666666667
2014-04-01,18.75
2014-04-05,14.833333333333332
2014-04-06,16.0
2014-04-07,11.785714285714286
2014-04-08,12.499999999999998
2014-04-09,12.23076923076923
2014-05-01,14.0
2014-05-15,17.642857142857146
2014-05-19,14.0
2014-05-26,18.166666666666668
2014-05-27,24.458333333333332
2014-05-28,31.916666666666668
2014-06-05,10.0
2014-06-12,10.375
2014-06-13,16.125
2014-06-19,30.666666666666664
2014-06-20,31.875
2014-06-22,25.416666666666668
2014-06-24,27.875
2014-06-28,21.833333333333332
2014-07-03,24.833333333333332
2014-07-04,28.875
2014-07-08,28.458333333333336
2014-07-09,29.75
2014-07-10,25.249999999999996
2014-07-12,38.79166666666667
2014-07-13,27.666666666666668
2014-07-14,28.54166666666667
2014-07-15,27.166666666666668
2014-07-16,27.416666666666668
2014-07-17,59.541666666666664
2014-07-21,27.909090909090907
2014-07-22,35.888888888888886
2014-07-27,32.29166666666667
2014-07-30,32.625
2014-08-03,24.583333333333332
2014-08-04,23.624999999999996
2014-08-10,29.541666666666664
2014-08-13,27.166666666666668
2014-08-14,26.875
2014-08-15,29.208333333333332
2014-08-17,24.791666666666668
2014-08-18,23.458333333333332
2014-08-19,27.916666666666668
2014-08-24,24.416666666666668
2014-08-26,27.541666666666668
2014-08-27,26.208333333333332
2014-08-28,24.416666666666668
2014-09-05,23.958333333333332
2014-09-06,26.708333333333336
2014-09-07,26.916666666666668
2014-09-08,27.5
2014-09-09,26.25
2014-09-10,26.25
2014-09-11,44.75000000000001
2014-09-12,25.625
2014-09-13,24.791666666666668
2014-09-14,24.833333333333332
2014-09-15,35.125
2014-09-16,24.374999999999996
2014-09-17,82.95833333333334
2014-09-18,37.958333333333336
2014-09-27,24.541666666666668
2014-10-03,19.875
2014-10-04,25.958333333333332
2014-10-05,26.833333333333336
2014-10-06,26.458333333333332
2014-10-07,25.375
2014-10-08,107.29166666666667
2014-10-09,40.958333333333336
2014-10-11,30.416666666666664
2014-10-12,25.208333333333332
2014-10-14,27.666666666666668
2014-10-18,26.125
2014-10-22,28.208333333333336
2014-11-02,20.625
2014-11-03,20.833333333333332
2014-11-08,17.416666666666668
2014-11-11,14.75
2014-11-12,15.25
2014-11-16,15.25
2014-11-17,15.333333333333332
2014-11-20,23.333333333333336
2014-11-22,18.333333333333332
2014-11-23,16.958333333333332
2014-11-24,18.625
2014-11-25,20.458333333333332
2014-11-26,18.250000000000004
2014-11-30,18.75
2014-12-07,20.125
2014-12-14,19.333333333333336
2014-12-17,16.125
2014-12-18,17.208333333333332
2014-12-19,15.0
2014-12-21,13.666666666666668
2014-12-23,11.500000000000002
2014-12-24,11.583333333333332
2014-12-25,8.833333333333334
2014-12-26,12.374999999999998
2014-12-27,11.999999999999998
2014-12-28,13.041666666666666
2014-12-29,13.791666666666668
2014-12-31,16.5
2015-01-01,13.083333333333334
2015-01-02,11.375000000000002
2015-01-03,12.291666666666666
2015-01-04,14.083333333333336
2015-01-05,12.583333333333334
2015-01-06,16.041666666666664
2015-01-07,12.791666666666666
2015-01-08,14.25
2015-01-09,17.041666666666668
2015-01-10,16.0
2015-01-11,14.041666666666668
2015-01-12,17.625
2015-01-13,16.923076923076923
2015-01-14,4.666666666666667
2015-01-15,20.208333333333332
2015-01-16,23.791666666666664
2015-01-17,22.833333333333336
2015-01-18,22.875000000000004
2015-01-19,25.666666666666668
2015-01-20,12.291666666666666
2015-01-21,8.200000000000001
2015-01-22,11.315789473684209
2015-01-23,8.217391304347826
2015-01-24,6.947368421052632
2015-01-25,7.55
2015-01-26,17.291666666666668
2015-01-27,16.833333333333336
2015-01-28,13.25
2015-01-29,13.0
2015-01-30,8.041666666666668
2015-01-31,8.8125
2015-02-01,2.0
2015-02-02,5.071428571428572
2015-02-03,6.166666666666667
2015-02-04,5.3
2015-02-05,11.125000000000002
2015-02-06,11.208333333333334
2015-02-07,17.458333333333332
2015-02-08,11.958333333333332
2015-02-09,11.416666666666668
2015-02-10,10.25
2015-02-11,10.916666666666666
2015-02-12,7.952380952380952
2015-02-13,9.0
2015-02-14,8.375
2015-02-15,5.304347826086957
2015-02-16,5.6521739130434785
2015-02-17,5.318181818181818
2015-02-18,7.208333333333334
2015-02-19,3.5
2015-02-20,-1.0
2015-02-21,-1.0
2015-02-22,-1.0
2015-02-23,5.695652173913044
2015-02-24,9.291666666666666
2015-02-25,6.166666666666667
2015-02-26,5.125
2015-02-27,5.208333333333333
2015-02-28,4.5
2015-03-01,4.583333333333333
2015-03-02,4.666666666666667
2015-03-03,6.041666666666667
2015-03-04,6.041666666666667
2015-03-05,5.916666666666666
2015-03-06,7.083333333333334
2015-03-07,5.916666666666667
2015-03-08,5.916666666666666
2015-03-09,5.041666666666666
2015-03-10,5.041666666666666
2015-03-11,4.625
2015-03-12,6.533333333333334
2015-03-13,6.416666666666667
2015-03-14,6.416666666666667
2015-03-15,3.2222222222222223
2015-03-16,2.6666666666666665
2015-03-17,3.260869565217391
2015-03-18,3.0416666666666665
2015-03-19,4.458333333333333
2015-03-20,4.875
2015-03-21,3.7058823529411766
2015-03-22,2.8750000000000004
2015-03-23,0.7083333333333334
2015-03-24,0.4166666666666667
2015-03-25,3.416666666666667
2015-03-26,4.125
2015-03-27,5.708333333333333
2015-03-28,5.708333333333334
2015-03-29,5.125
2015-03-30,4.166666666666667
2015-03-31,5.874999999999999
2015-04-01,5.749999999999999
2015-04-02,3.833333333333333
2015-04-03,5.291666666666667
2015-04-04,4.791666666666667
2015-04-05,3.0434782608695654
2015-04-06,4.0
2015-04-07,5.125
2015-04-08,5.0
2015-04-09,3.416666666666667
2015-04-10,4.739130434782608
2015-04-11,-1.0
2015-04-12,-1.0
2015-04-13,4.0
2015-04-14,5.166666666666667
2015-04-15,5.916666666666666
2015-04-16,6.208333333333333
2015-04-17,7.416666666666666
2015-04-18,5.583333333333333
2015-04-19,3.1666666666666665
2015-04-20,4.291666666666667
2015-04-21,4.625
2015-04-22,5.25
2015-04-23,5.0
2015-04-24,5.791666666666667
2015-04-25,5.791666666666667
2015-04-26,3.416666666666667
2015-04-27,4.166666666666667
2015-04-28,3.1249999999999996
2015-04-29,4.625
2015-04-30,6.541666666666667
2015-05-01,6.75
2015-05-02,5.25
2015-05-03,3.75
2015-05-04,3.7916666666666665
2015-05-05,4.625
2015-05-06,5.666666666666667
2015-05-07,5.666666666666667
2015-05-08,6.875
2015-05-09,4.916666666666666
2015-05-10,3.25
2015-05-11,6.416666666666667
2015-05-12,5.500000000000001
2015-05-13,4.916666666666666
2015-05-14,33.55555555555556
2015-05-15,36.958333333333336
2015-05-16,37.958333333333336
2015-05-17,20.458333333333332
2015-05-18,26.25
2015-05-19,33.75
2015-05-20,21.458333333333332
2015-05-21,27.05263157894737
2015-05-22,24.857142857142858
2015-05-23,12.333333333333334
2015-05-24,13.375
2015-05-25,12.714285714285715
2015-05-26,10.181818181818182
2015-05-27,13.0
2015-05-28,12.291666666666666
2015-05-29,14.333333333333332
2015-05-30,17.166666666666668
2015-05-31,14.125
2015-06-01,11.708333333333334
2015-06-02,11.136363636363637
2015-06-03,10.75
2015-06-04,16.25
2015-06-05,8.125
2015-06-06,12.374999999999998
2015-06-07,9.541666666666668
2015-06-08,9.791666666666666
2015-06-09,12.083333333333334
2015-06-10,12.249999999999998
2015-06-11,9.833333333333332
2015-06-12,11.916666666666666
2015-06-13,12.208333333333334
2015-06-14,10.375
2015-06-15,11.583333333333334
2015-06-16,10.291666666666666
2015-06-17,13.999999999999998
2015-06-18,13.541666666666668
2015-06-19,14.25
2015-06-20,12.541666666666666
2015-06-21,10.5
2015-06-22,11.833333333333334
2015-06-23,13.958333333333332
2015-06-24,10.75
2015-06-25,15.208333333333332
2015-06-26,18.291666666666668
2015-06-27,17.291666666666668
2015-06-28,13.75
2015-06-29,14.041666666666666
2015-06-30,11.541666666666666
2015-07-01,12.583333333333334
2015-07-02,15.583333333333332
2015-07-03,14.0
2015-07-04,16.041666666666664
2015-07-05,13.875
2015-07-06,12.3125
2015-07-14,7.8
2015-07-15,12.083333333333334
2015-07-16,14.0
2015-07-17,13.086956521739129
2015-07-18,15.166666666666666
2015-07-19,13.25
2015-07-20,12.583333333333334
2015-07-21,16.791666666666668
2015-07-22,14.166666666666666
2015-07-23,12.958333333333334
2015-07-24,13.458333333333334
2015-07-25,15.125
2015-07-26,13.75
2015-07-27,12.249999999999998
2015-07-28,13.791666666666668
2015-07-29,18.333333333333332
2015-07-30,15.916666666666666
2015-07-31,17.541666666666668
2015-08-01,14.916666666666666
2015-08-02,14.083333333333336
2015-08-03,11.291666666666666
2015-08-04,14.166666666666668
2015-08-05,14.666666666666666
2015-08-06,12.458333333333334
2015-08-07,16.208333333333336
2015-08-08,15.958333333333334
2015-08-09,13.916666666666668
2015-08-10,14.791666666666666
2015-08-11,14.541666666666666
2015-08-12,12.791666666666666
2015-08-13,12.791666666666666
2015-08-14,12.166666666666666
2015-08-15,12.249999999999998
2015-08-16,10.583333333333334
2015-08-17,14.916666666666666
2015-08-18,12.374999999999998
2015-08-19,13.541666666666668
2015-08-20,15.166666666666666
2015-08-21,15.916666666666666
2015-08-22,14.374999999999998
2015-08-23,15.125
2015-08-24,15.375
2015-08-25,15.75
2015-08-26,15.458333333333332
2015-08-27,15.083333333333332
2015-08-28,14.958333333333332
2015-08-29,13.833333333333334
2015-08-30,10.75
2015-08-31,15.916666666666666
2015-09-01,13.291666666666666
2015-09-02,11.458333333333334
2015-09-03,11.666666666666666
2015-09-04,12.958333333333334
2015-09-05,14.416666666666666
2015-09-06,12.041666666666666
2015-09-07,12.458333333333334
2015-09-08,11.416666666666668
2015-09-09,12.333333333333334
2015-09-10,15.208333333333332
2015-09-11,14.75
2015-09-12,12.499999999999998
2015-09-13,11.291666666666666
2015-09-14,16.375
2015-09-15,15.791666666666666
2015-09-16,12.291666666666666
2015-09-17,12.041666666666668
2015-09-18,12.666666666666666
2015-09-19,13.375
2015-09-20,10.791666666666666
2015-09-21,12.333333333333334
2015-09-22,13.333333333333334
2015-09-23,14.916666666666666
2015-09-24,14.0
2015-09-25,11.833333333333332
2015-09-26,12.458333333333334
2015-09-27,11.583333333333332
2015-09-28,10.833333333333334
2015-09-29,13.041666666666666
2015-09-30,15.75
2015-10-01,13.958333333333334
2015-10-02,16.166666666666664
2015-10-03,16.75
2015-10-04,12.416666666666666
2015-10-05,15.0
2015-10-06,13.875
2015-10-07,14.791666666666666
2015-10-08,17.333333333333332
2015-10-09,16.5
2015-10-10,15.666666666666666
2015-10-11,13.791666666666668
2015-10-12,15.416666666666668
2015-10-13,15.625
2015-10-14,14.208333333333336
2015-10-15,13.25
2015-10-16,13.791666666666668
2015-10-17,13.0
2015-10-18,10.708333333333334
2015-10-19,15.166666666666666
2015-10-20,18.0
2015-10-21,18.625
2015-10-22,13.125
2015-10-23,9.25
2015-10-24,10.083333333333332
2015-10-25,13.458333333333334
2015-10-26,13.75
2015-10-27,11.708333333333332
2015-10-28,12.333333333333334
2015-10-29,10.291666666666666
2015-10-30,12.916666666666666
2015-10-31,11.416666666666668
2015-11-01,11.791666666666666
2015-11-02,11.958333333333334
2015-11-03,11.999999999999998
2015-11-04,13.708333333333334
2015-11-05,17.583333333333332
2015-11-06,17.249999999999996
2015-11-07,17.249999999999996
2015-11-08,14.833333333333332
2015-11-09,18.416666666666668
2015-11-10,19.25
2015-11-11,21.61904761904762
2015-11-12,16.166666666666664
2015-11-13,12.458333333333334
2015-11-14,12.166666666666666
2015-11-15,13.166666666666666
2015-11-16,15.5
2015-11-17,13.375
2015-11-18,15.25
2015-11-19,20.958333333333332
2015-11-20,17.041666666666668
2015-11-21,20.75
2015-11-22,19.291666666666668
2015-11-23,19.916666666666664
2015-11-24,19.875
2015-11-25,15.625
2015-11-26,16.958333333333336
2015-11-27,16.833333333333332
2015-11-28,15.25
2015-11-29,19.041666666666668
2015-11-30,18.0
2015-12-01,14.875
2015-12-02,15.541666666666668
2015-12-03,14.583333333333332
2015-12-04,16.125
2015-12-05,20.291666666666668
2015-12-06,15.125
2015-12-07,17.666666666666668
2015-12-08,22.291666666666668
2015-12-09,22.833333333333336
2015-12-10,21.041666666666668
2015-12-11,21.666666666666668
2015-12-12,15.25
2015-12-13,7.583333333333333
2015-12-14,11.791666666666668
2015-12-15,12.958333333333334
2015-12-16,12.75
2015-12-17,13.541666666666668
2015-12-18,17.791666666666668
2015-12-19,21.166666666666668
2015-12-20,24.208333333333332
2015-12-21,25.916666666666668
2015-12-22,24.999999999999996
2015-12-23,22.791666666666668
2015-12-24,17.708333333333332
2015-12-25,12.958333333333334
2015-12-26,11.458333333333332
2015-12-27,7.666666666666666
2015-12-28,11.708333333333334
2015-12-29,13.208333333333334
2015-12-30,15.125
2015-12-31,16.916666666666668
2016-01-01,16.25
2016-01-02,17.625
2016-01-03,16.958333333333336
2016-01-04,24.874999999999996
2016-01-05,17.041666666666668
2016-01-06,26.916666666666668
2016-01-07,54.70833333333333
2016-01-08,55.125
2016-01-09,56.375
2016-01-10,53.91666666666667
2016-01-11,53.541666666666664
2016-01-12,54.16666666666667
2016-01-13,57.75
2016-01-14,53.583333333333336
2016-01-15,55.333333333333336
2016-01-16,66.20833333333333
2016-01-17,61.458333333333336
2016-01-18,58.33333333333333
2016-01-19,53.583333333333336
2016-01-20,51.826086956521735
2016-01-21,58.541666666666664
2016-01-22,61.958333333333336
2016-01-23,63.95833333333333
2016-01-24,56.58333333333334
2016-01-25,52.29166666666666
2016-01-26,48.875
2016-01-27,45.416666666666664
2016-01-28,53.125
2016-01-29,56.875
2016-01-30,53.95833333333333
2016-01-31,49.875
2016-02-01,50.416666666666664
2016-02-02,50.875
2016-02-03,56.083333333333336
2016-02-04,58.291666666666664
2016-02-05,55.583333333333336
2016-02-06,55.375
2016-02-07,54.875
2016-02-08,57.66666666666667
2016-02-09,53.083333333333336
2016-02-10,53.833333333333336
2016-02-11,56.99999999999999
2016-02-12,60.291666666666664
2016-02-13,58.24999999999999
2016-02-14,56.25
2016-02-15,53.125
2016-02-16,51.62500000000001
2016-02-17,58.708333333333336
2016-02-18,58.958333333333336
2016-02-19,62.625
2016-02-20,62.37499999999999
2016-02-21,54.333333333333336
2016-02-22,49.74999999999999
2016-02-23,50.958333333333336
2016-02-24,54.291666666666664
2016-02-25,55.20833333333333
2016-02-26,55.0
2016-02-27,54.125
2016-02-28,53.625
2016-02-29,55.75
2016-03-01,42.608695652173914
2016-03-02,17.499999999999996
2016-03-03,17.083333333333336
2016-03-04,15.25
2016-03-05,16.166666666666664
2016-03-06,14.25
2016-03-07,11.666666666666668
2016-03-08,6.782608695652174
2016-03-09,4.05
2016-03-10,7.545454545454546
2016-03-11,14.75
2016-03-12,18.041666666666668
2016-03-13,15.5
2016-03-14,16.833333333333336
2016-03-15,14.916666666666666
2016-03-16,13.608695652173912
2016-03-17,-9.82608695652174
2016-03-18,-15.5
2016-03-19,-18.791666666666668
2016-03-20,-19.916666666666664
2016-03-21,-19.958333333333332
2016-03-22,-16.0
2016-03-23,-19.625
2016-03-24,-19.916666666666664
2016-03-25,-19.958333333333332
2016-03-26,-20.0
2016-03-27,-20.0
2016-03-28,-17.499999999999996
2016-03-29,-5.739130434782608
2016-03-30,2.882352941176471
2016-03-31,-6.166666666666667
2016-04-01,-14.375
2016-04-02,-19.958333333333332
2016-04-03,-19.956521739130434
2016-04-04,-13.375
2016-04-05,-4.291666666666667
2016-04-06,23.624999999999996
2016-04-07,21.166666666666668
2016-04-08,21.541666666666668
2016-04-09,17.875
2016-04-10,12.958333333333334
2016-04-11,13.833333333333334
2016-04-12,14.0
2016-04-13,14.833333333333332
2016-04-14,16.75
2016-04-15,16.666666666666668
2016-04-16,14.0
2016-04-17,12.916666666666666
2016-04-18,15.791666666666666
2016-04-19,20.625
2016-04-20,18.583333333333332
2016-04-21,19.375
2016-04-22,20.166666666666664
2016-04-23,14.875
2016-04-24,10.333333333333334
2016-04-25,16.999999999999996
2016-04-26,16.541666666666668
2016-04-27,16.333333333333336
2016-04-28,17.916666666666668
2016-04-29,15.541666666666668
2016-04-30,18.208333333333332
2016-05-01,16.291666666666668
2016-05-02,23.416666666666668
2016-05-03,20.5
2016-05-04,14.249999999999998
2016-05-05,12.333333333333334
2016-05-06,12.75
2016-05-07,14.041666666666666
2016-05-08,16.041666666666664
2016-05-09,13.999999999999998
2016-05-10,13.125
2016-05-11,18.333333333333332
2016-05-12,16.666666666666668
2016-05-13,14.3125
2016-05-26,12.25
2016-05-27,18.25
2016-05-28,12.833333333333334
2016-05-29,10.291666666666666
2016-05-30,13.541666666666668
2016-05-31,14.208333333333336
2016-06-01,17.291666666666668
2016-06-02,14.75
2016-06-03,15.541666666666668
2016-06-04,11.750000000000002
2016-06-05,11.583333333333334
2016-06-06,12.083333333333334
2016-06-07,16.708333333333336
2016-06-08,14.541666666666666
2016-06-09,14.791666666666666
2016-06-10,15.375
2016-06-11,10.333333333333334
2016-06-12,12.083333333333334
2016-06-13,10.666666666666666
2016-06-14,9.125
2016-06-15,7.208333333333334
2016-06-16,9.416666666666666
2016-06-17,9.541666666666668
2016-06-18,10.5
2016-06-19,10.666666666666666
2016-06-20,8.375
2016-06-21,11.166666666666666
2016-06-22,9.375
2016-06-23,8.458333333333334
2016-06-24,12.083333333333334
2016-06-25,11.999999999999998
2016-06-26,11.999999999999998
2016-06-27,13.833333333333334
2016-06-28,8.875
2016-06-29,8.583333333333334
2016-06-30,8.749999999999998
2016-07-01,10.833333333333334
2016-07-02,13.291666666666666
2016-07-03,5.916666666666666
2016-07-04,7.958333333333333
2016-07-05,8.608695652173914
2016-07-06,14.7
2016-07-07,11.750000000000002
2016-07-08,11.708333333333334
2016-07-09,12.249999999999998
2016-07-10,8.749999999999998
2016-07-11,6.826086956521739
2016-07-12,9.708333333333332
2016-07-13,10.875000000000002
2016-07-14,10.708333333333334
2016-07-15,11.916666666666668
2016-07-16,14.666666666666666
2016-07-17,12.333333333333334
2016-07-18,14.565217391304348
2016-07-19,10.0
2016-07-20,9.25
2016-07-21,12.958333333333334
2016-07-22,15.791666666666666
2016-07-23,8.458333333333334
2016-07-24,6.791666666666667
2016-07-25,10.5
2016-07-26,6.875
2016-07-27,10.333333333333334
2016-07-28,8.733333333333334
2018-03-02,6.249999999999999
2018-03-03,4.875
2018-03-04,2.6666666666666665
2018-03-05,3.9583333333333335
2018-03-06,5.375
2018-03-07,5.791666666666667
2018-03-08,6.416666666666667
2018-03-09,4.5
2018-03-10,5.0
2018-03-11,3.583333333333334
2018-03-12,4.958333333333334
2018-03-13,4.541666666666667
2018-03-14,4.416666666666667
2018-03-15,3.9583333333333335
2018-03-16,5.541666666666667
2018-03-17,4.708333333333333
2018-03-18,5.291666666666667
2018-03-19,4.083333333333334
2018-03-20,6.249999999999999
2018-03-21,4.833333333333333
2018-03-22,4.541666666666667
2018-03-23,5.833333333333334
2018-03-24,3.4583333333333335
2018-03-25,2.6666666666666665
2018-03-26,3.1249999999999996
2018-03-27,2.8750000000000004
2018-03-28,3.416666666666667
2018-03-29,2.9583333333333335
2018-03-30,2.5
2018-03-31,3.1666666666666665
2018-04-01,2.5416666666666665
2018-04-02,3.708333333333333
2018-04-03,3.541666666666667
2018-04-04,5.291666666666667
2018-04-05,3.6249999999999996
2018-04-06,3.0416666666666665
2018-04-07,3.2083333333333335
2018-04-08,2.9583333333333335
2018-04-09,6.833333333333334
2018-04-10,4.541666666666667
2018-04-11,3.2916666666666665
2018-04-12,5.291666666666667
2018-04-13,4.75
2018-04-14,3.5
2018-04-15,2.375
2018-04-16,4.666666666666667
2018-04-17,5.750000000000001
2018-04-18,2.7222222222222223
2018-04-19,3.4583333333333335
2018-04-20,2.25
2018-04-21,2.125
2018-04-22,2.0
2018-04-23,2.2916666666666665
2018-04-24,2.25
2018-04-25,2.8750000000000004
2018-04-26,2.416666666666667
2018-04-27,3.1249999999999996
2018-04-28,2.3333333333333335
2018-04-29,2.125
2018-04-30,3.7916666666666665
2018-05-01,2.375
2018-05-02,2.416666666666667
2018-05-03,3.3333333333333335
2018-05-04,4.166666666666667
2018-05-05,2.3333333333333335
2018-05-06,2.125
2018-05-07,3.6249999999999996
2018-05-08,2.7083333333333335
2018-05-09,3.833333333333333
2018-05-10,2.041666666666667
2018-05-11,2.416666666666667
2018-05-12,2.6666666666666665
2018-05-13,2.041666666666667
2018-05-14,2.5833333333333335
2018-05-15,2.7500000000000004
2018-05-16,4.0
2018-05-17,2.7083333333333335
2018-05-18,2.6666666666666665
2018-05-19,2.2916666666666665
2018-05-20,2.125
2018-05-21,2.625
2018-05-22,3.4999999999999996
2018-05-23,2.416666666666667
2018-05-24,4.249999999999999
2018-05-25,2.916666666666667
2018-05-26,2.916666666666667
2018-05-27,2.041666666666667
2018-05-28,2.416666666666667
2018-05-29,2.166666666666667
2018-05-30,2.2083333333333335
2018-05-31,2.5
2018-06-01,2.625
2018-06-02,2.25
2018-06-03,2.0833333333333335
2018-06-04,3.1666666666666665
2018-06-05,2.5833333333333335
2018-06-06,2.416666666666667
2018-06-07,2.6666666666666665
2018-06-08,3.2083333333333335
2018-06-09,2.5
2018-06-10,2.375
2018-06-11,4.416666666666667
2018-06-12,6.291666666666667
2018-06-13,5.291666666666667
2018-06-14,4.083333333333334
2018-06-15,7.375
2018-06-16,4.333333333333333
2018-06-17,2.5416666666666665
2018-06-18,4.708333333333333
2018-06-19,3.708333333333333
2018-06-20,3.3333333333333335
2018-06-21,5.833333333333334
2018-06-22,4.333333333333333
2018-06-23,3.5
2018-06-24,3.6666666666666665
2018-06-25,7.416666666666666
2018-06-26,4.791666666666667
2018-06-27,3.416666666666667
2018-06-28,3.0000000000000004
2018-06-29,3.375
2018-06-30,4.458333333333333
2018-07-01,2.9999999999999996
2018-07-02,4.0
2018-07-03,3.6666666666666665
2018-07-04,3.75
2018-07-05,3.6666666666666665
2018-07-06,4.041666666666666
2018-07-07,3.75
2018-07-08,3.25
2018-07-09,3.583333333333333
2018-07-10,4.666666666666667
2018-07-11,6.375
2018-07-12,6.000000000000001
2018-07-13,6.208333333333333
2018-07-14,3.7916666666666665
2018-07-15,4.083333333333334
2018-07-16,3.9166666666666665
2018-07-17,3.0416666666666665
2018-07-18,3.2916666666666665
2018-07-19,3.75
2018-07-20,2.7500000000000004
2018-07-21,3.0000000000000004
2018-07-22,3.583333333333333
2018-07-23,3.0416666666666665
2018-07-24,2.8333333333333335
2018-07-25,3.6249999999999996
2018-07-26,3.4583333333333335
2018-07-27,3.4583333333333335
2018-07-28,3.25
2018-07-29,3.2083333333333335
2018-07-30,5.166666666666667
2018-07-31,4.041666666666666
2018-08-01,3.0833333333333335
2018-08-02,3.5599999999999996
2018-08-03,3.6666666666666665
2018-08-04,4.374999999999999
2018-08-05,3.75
2018-08-06,4.0
2018-08-07,3.9583333333333335
2018-08-08,3.583333333333333
2018-08-09,5.750000000000001
2018-08-10,6.416666666666667
2018-08-11,4.541666666666667
2018-08-12,3.9166666666666665
2018-08-13,4.041666666666666
2018-08-14,5.083333333333333
2018-08-15,5.333333333333333
2018-08-16,3.6249999999999996
2018-08-17,4.374999999999999
2018-08-18,4.249999999999999
2018-08-19,2.2916666666666665
2018-08-20,4.291666666666667
2018-08-21,3.416666666666667
2018-08-22,4.833333333333334
2018-08-23,5.375
2018-08-24,4.166666666666667
2018-08-25,4.833333333333334
2018-08-26,2.5416666666666665
2018-08-27,5.541666666666667
2018-08-28,3.541666666666667
2018-08-29,5.0
2018-08-30,5.166666666666667
2018-08-31,3.416666666666667
2018-09-01,2.9583333333333335
2018-09-02,3.5
2018-09-03,3.6666666666666665
2018-09-04,4.041666666666666
2018-09-05,4.666666666666667
2018-09-06,6.041666666666668
2018-09-07,6.166666666666668
2018-09-08,3.5
2018-09-09,3.583333333333334
2018-09-10,3.9583333333333335
2018-09-11,3.9583333333333335
2018-09-12,4.5
2018-09-13,4.708333333333333
2018-09-14,4.458333333333333
2018-09-15,2.7916666666666665
2018-09-16,3.25
2018-09-17,4.041666666666666
2018-09-18,5.291666666666667
2018-09-19,6.916666666666667
2018-09-20,6.5
2018-09-21,6.958333333333334
2018-09-22,5.125
2018-09-23,3.0416666666666665
2018-09-24,5.541666666666667
2018-09-25,5.916666666666667
2018-09-26,4.541666666666667
2018-09-27,5.125
2018-09-28,4.291666666666667
2018-09-29,5.083333333333333
2018-09-30,3.2916666666666665
2018-10-01,7.833333333333333
2018-10-02,7.333333333333333
2018-10-03,5.833333333333334
2018-10-04,7.708333333333334
2018-10-05,5.25
2018-10-06,4.625
2018-10-07,3.3333333333333335
2018-10-08,5.958333333333334
2018-10-09,5.375
2018-10-10,6.133333333333334
2018-10-11,6.7
2018-10-12,5.958333333333334
2018-10-13,5.583333333333333
2018-10-14,4.541666666666667
2018-10-15,7.958333333333333
2018-10-16,10.583333333333334
2018-10-17,6.416666666666667
2018-10-18,7.291666666666666
2018-10-19,6.6521739130434785
2018-10-20,7.208333333333333
2018-10-21,5.625000000000001
2018-10-22,6.916666666666667
2018-10-23,5.833333333333334
2018-10-24,11.166666666666666
2018-10-25,9.375
2018-10-26,6.583333333333333
2018-10-27,5.333333333333333
2018-10-28,4.625
2018-10-29,7.708333333333334
2018-10-30,8.541666666666668
2018-10-31,8.791666666666666
2018-11-01,7.583333333333333
2018-11-02,9.375
2018-11-03,9.041666666666666
2018-11-04,7.208333333333333
2018-11-05,15.458333333333332
2018-11-06,14.374999999999998
2018-11-07,8.346153846153847
2018-11-08,7.916666666666667
2018-11-09,7.375
2018-11-10,7.625
2018-11-11,3.7916666666666665
2018-11-12,6.166666666666667
2018-11-13,11.000000000000002
2018-11-14,6.625
2018-11-15,13.833333333333334
2018-11-16,9.708333333333334
2018-11-17,8.208333333333334
2018-11-18,6.083333333333333
2018-11-19,5.875000000000001
2018-11-20,10.333333333333334
2018-11-21,9.916666666666666
2018-11-22,8.208333333333334
2018-11-23,7.125
2018-11-24,4.875
2018-11-25,4.708333333333333
2018-11-26,6.75
2018-11-27,8.375
2018-11-28,3.75
2018-11-29,7.583333333333333
2018-11-30,7.291666666666666
2018-12-01,7.75
2018-12-02,4.75
2018-12-03,11.625000000000002
2018-12-04,13.291666666666666
2018-12-05,9.166666666666666
2018-12-06,9.166666666666666
2018-12-07,8.041666666666668
2018-12-08,7.583333333333333
2018-12-09,5.916666666666666
2018-12-10,13.375
2018-12-11,10.875000000000002
2018-12-12,6.166666666666667
2018-12-13,9.958333333333332
2018-12-14,11.000000000000002
2018-12-15,12.666666666666666
2018-12-16,6.875
2018-12-17,6.791666666666667
2018-12-18,5.666666666666667
2018-12-19,6.249999999999999
2018-12-20,12.833333333333334
2018-12-21,8.875
2018-12-22,6.916666666666665
2018-12-23,4.416666666666667
2018-12-24,7.916666666666667
2018-12-25,2.5833333333333335
2018-12-26,6.375
2018-12-27,7.583333333333333
2018-12-28,8.666666666666666
2018-12-29,8.75
2018-12-30,6.458333333333333
2018-12-31,5.708333333333333
2019-01-01,8.0625
2019-01-02,9.916666666666666
2019-01-03,10.916666666666666
2019-01-04,11.479166666666668
2019-01-05,11.479166666666668
2019-01-06,9.541666666666668
2019-01-07,12.875
2019-01-08,16.375
2019-01-09,13.333333333333334
2019-01-10,10.75
2019-01-11,9.270833333333334
2019-01-12,10.875000000000002
2019-01-13,10.583333333333334
2019-01-14,12.499999999999998
2019-01-15,12.291666666666666
2019-01-16,12.562499999999998
2019-01-17,13.895833333333334
2019-01-18,12.8125
2019-01-19,14.187499999999998
2019-01-20,11.020833333333334
2019-01-21,14.125
2019-01-22,9.541666666666668
2019-01-23,9.270833333333334
2019-01-24,10.6875
2019-01-25,11.312500000000002
2019-01-26,8.708333333333334
2019-01-27,9.6875
2019-01-28,9.6875
2019-01-29,10.0625
2019-01-30,7.239130434782609
2019-01-31,8.604166666666668
2019-02-01,8.583333333333334
2019-02-02,9.333333333333334
2019-02-03,7.625
2019-02-04,7.958333333333333
2019-02-05,10.208333333333334
2019-02-06,11.145833333333334
2019-02-07,11.812499999999998
2019-02-08,12.895833333333334
2019-02-09,9.270833333333334
2019-02-10,7.3125
2019-02-11,8.416666666666666
2019-02-12,33.333333333333336
2019-02-13,9.041666666666666
2019-02-14,10.479166666666666
2019-02-15,12.708333333333334
2019-02-16,9.916666666666666
2019-02-17,8.791666666666666
2019-02-18,9.791666666666666
2019-02-19,9.5625
2019-02-20,9.729166666666668
2019-02-21,9.520833333333334
2019-02-22,9.770833333333332
2019-02-23,10.291666666666666
2019-02-24,10.291666666666666
2019-02-25,12.437499999999998
2019-02-26,15.333333333333332
2019-02-27,16.145833333333336
2019-02-28,10.666666666666666
2019-03-01,10.145833333333334
2019-03-02,9.979166666666666
2019-03-03,8.604166666666666
2019-03-04,8.375
2019-03-05,9.5625
2019-03-06,11.604166666666668
2019-03-07,11.520833333333334
2019-03-08,10.541666666666666
2019-03-09,9.625
2019-03-10,9.083333333333334
2019-03-11,9.208333333333334
2019-03-12,9.041666666666666
2019-03-13,7.934782608695652
2019-03-14,8.791666666666666
2019-03-15,10.145833333333334
2019-03-16,11.208333333333334
2019-03-17,8.541666666666666
2019-03-18,7.541666666666666
2019-03-19,8.416666666666668
2019-03-20,8.458333333333334
2019-03-21,9.729166666666668
2019-03-22,9.0
2019-03-23,8.083333333333332
2019-03-24,7.520833333333333
2019-03-25,9.888888888888888
2019-03-26,10.770833333333334
2019-03-27,10.229166666666666
2019-03-28,9.791666666666668
2019-03-29,9.395833333333334
2019-03-30,10.125
2019-03-31,9.5
2019-04-01,9.791666666666668
2019-04-02,9.958333333333332
2019-04-03,9.729166666666668
2019-04-04,11.041666666666666
2019-04-05,11.583333333333334
2019-04-06,11.645833333333332
2019-04-07,9.895833333333332
2019-04-08,11.000000000000002
2019-04-09,11.791666666666666
2019-04-10,10.395833333333334
2019-04-11,11.208333333333334
2019-04-12,9.791666666666666
2019-04-13,8.458333333333334
2019-04-14,10.145833333333334
2019-04-15,10.0625
2019-04-16,9.604166666666668
2019-04-17,10.166666666666666
2019-04-18,10.125
2019-04-19,9.375
2019-04-20,9.0625
2019-04-21,8.104166666666668
2019-04-22,9.145833333333334
2019-04-23,9.6875
2019-04-24,9.854166666666666
2019-04-25,10.625
2019-04-26,11.000000000000002
2019-04-27,10.916666666666666
2019-04-28,10.520833333333334
2019-04-29,11.500000000000002
2019-04-30,11.729166666666666
2019-05-01,8.645833333333334
2019-05-02,9.229166666666666
2019-05-03,8.208333333333334
2019-05-04,8.604166666666666
2019-05-05,6.5625
2019-05-06,7.458333333333333
2019-05-07,9.520833333333334
2019-05-08,8.416666666666666
2019-05-09,8.479166666666666
2019-05-10,8.020833333333332
2019-05-11,9.916666666666668
2019-05-12,8.125
2019-05-13,8.645833333333334
2019-05-14,7.391304347826088
2019-05-15,8.416666666666666
2019-05-16,7.8125
2019-05-17,8.5
2019-05-18,9.395833333333334
2019-05-19,8.645833333333334
2019-05-20,8.3125
2019-05-21,7.958333333333333
2019-05-22,8.25
2019-05-23,9.25
2019-05-24,7.395833333333333
2019-05-25,8.25
2019-05-26,5.854166666666667
2019-05-27,5.999999999999999
2019-05-28,7.291666666666666
2019-05-29,7.187499999999999
2019-05-30,6.8125
2019-05-31,7.9375
2019-06-01,7.791666666666666
2019-06-02,7.354166666666666
2019-06-03,7.208333333333333
2019-06-04,7.041666666666668
2019-06-05,8.666666666666666
2019-06-06,10.0625
2019-06-07,9.229166666666666
2019-06-08,7.125
2019-06-09,7.020833333333334
2019-06-10,8.354166666666668
2019-06-11,6.9375
2019-06-12,7.8125
2019-06-13,7.6875
2019-06-14,10.45
2019-06-17,7.266666666666667
2019-06-18,7.145833333333334
2019-06-19,7.333333333333333
2019-06-20,8.520833333333334
2019-06-21,8.145833333333334
2019-06-22,8.125
2019-06-23,6.625
2019-06-24,6.6875
2019-06-25,7.3125
2019-06-26,8.520833333333334
2019-06-27,7.854166666666667
2019-06-28,7.249999999999999
2019-06-29,7.875
2019-06-30,6.791666666666667
2019-07-01,7.645833333333333
2019-07-02,7.145833333333334
2019-07-03,7.395833333333333
2019-07-04,8.166666666666668
2019-07-05,7.625
2019-07-06,8.687499999999998
2019-07-07,6.270833333333333
2019-07-08,7.8125
2019-07-09,7.5625
2019-07-10,6.791666666666667
2019-07-11,7.666666666666666
2019-07-12,7.458333333333333
2019-07-13,7.9375
2019-07-14,6.979166666666667
2019-07-15,7.458333333333333
2019-07-16,7.375
2019-07-17,8.1875
2019-07-18,7.75
2019-07-19,7.4375
2019-07-20,7.75
2019-07-21,7.75
2019-07-22,9.041666666666666
2019-07-23,8.749999999999998
2019-07-24,7.8125
2019-07-25,8.65
2019-07-30,6.7727272727272725
2019-07-31,9.416666666666666
2019-08-01,10.630434782608695
2019-08-02,9.333333333333334
2019-08-03,7.916666666666667
2019-08-04,6.666666666666667
2019-08-05,7.291666666666666
2019-08-06,7.104166666666666
2019-08-07,7.583333333333333
2019-08-08,7.708333333333334
2019-08-09,9.604166666666668
2019-08-10,7.6875
2019-08-11,6.520833333333333
2019-08-12,8.25
2019-08-13,7.666666666666666
2019-08-14,8.729166666666666
2019-08-15,7.479166666666666
2019-08-16,8.291666666666668
2019-08-17,7.6875
2019-08-18,8.041666666666668
2019-08-19,10.145833333333334
2019-08-20,7.3125
2019-08-21,7.666666666666666
2019-08-22,6.229166666666667
2019-08-23,7.249999999999999
2019-08-24,8.958333333333334
2019-08-25,7.8125
2019-08-26,9.270833333333334
2019-08-27,9.020833333333334
2019-08-28,9.875
2019-08-29,9.541666666666668
2019-08-30,7.916666666666667
2019-08-31,9.020833333333334
2019-09-01,7.875
2019-09-02,8.708333333333334
2019-09-03,8.25
2019-09-04,8.0
2019-09-05,9.583333333333334
2019-09-06,10.458333333333334
2019-09-07,10.625
2019-09-08,8.041666666666668
2019-09-09,7.979166666666667
2019-09-10,8.895833333333334
2019-09-11,8.708333333333334
2019-09-12,9.104166666666666
2019-09-13,8.90909090909091
2019-09-14,8.291666666666668
2019-09-15,7.020833333333334
2019-09-16,6.145833333333333
2019-09-17,8.958333333333334
2019-09-18,6.416666666666667
2019-09-19,8.104166666666668
2019-09-20,8.0625
2019-09-21,7.666666666666666
2019-09-22,6.708333333333334
2019-09-23,8.208333333333334
2019-09-24,8.229166666666668
2019-09-25,8.0625
2019-09-26,8.1875
2019-09-27,9.8125
2019-09-28,8.020833333333332
2019-09-29,6.520833333333333
2019-09-30,5.229166666666667
2019-10-01,9.208333333333334
2019-10-02,8.729166666666666
2019-10-03,10.1875
2019-10-04,9.479166666666668
2019-10-05,9.645833333333334
2019-10-06,7.916666666666667
2019-10-07,9.645833333333334
2019-10-08,8.208333333333334
2019-10-09,9.979166666666666
2019-10-10,8.708333333333334
2019-10-11,7.604166666666666
2019-10-12,7.145833333333334
2019-10-13,7.645833333333333
2019-10-14,8.3125
2019-10-15,9.0
2019-10-16,10.645833333333334
2019-10-17,7.875
2019-10-18,8.624999999999998
2019-10-19,7.4375
2019-10-20,6.541666666666667
2019-10-21,7.520833333333333
2019-10-22,10.854166666666666
2019-10-23,7.291666666666666
2019-10-24,9.25
2019-10-25,11.062500000000002
2019-10-26,8.5625
2019-10-27,7.291666666666666
2019-10-28,7.020833333333334
2019-10-29,7.604166666666666
2019-10-30,7.666666666666666
2019-10-31,8.229166666666668
2019-11-01,7.354166666666666
2019-11-02,7.895833333333333
2019-11-03,6.083333333333333
2019-11-04,8.166666666666668
2019-11-05,9.229166666666666
2019-11-06,8.916666666666666
2019-11-07,8.714285714285714
2019-11-08,7.8999999999999995
2019-11-09,9.1875
2019-11-10,8.520833333333334
2019-11-11,8.749999999999998
2019-11-12,12.6875
2019-11-13,9.979166666666666
2019-11-14,8.208333333333334
2019-11-15,9.352941176470589
2019-11-19,13.777777777777779
2019-11-20,9.645833333333334
2019-11-21,11.625000000000002
2019-11-22,11.458333333333334
2019-11-23,9.208333333333334
2019-11-24,9.458333333333334
2019-11-25,10.0625
2019-11-26,9.979166666666666
2019-11-27,12.208333333333334
2019-11-28,12.291666666666666
2019-11-29,11.437500000000002
2019-11-30,14.125
2019-12-01,9.75
2019-12-02,12.062499999999998
2019-12-03,10.833333333333334
2019-12-04,9.708333333333334
2019-12-05,9.1875
2019-12-06,12.083333333333334
2019-12-07,11.500000000000002
2019-12-08,8.687499999999998
2019-12-09,9.458333333333334
2019-12-10,9.145833333333334
2019-12-11,11.395833333333334
2019-12-12,11.749999999999998
2019-12-13,13.979166666666668
2019-12-14,10.541666666666666
2019-12-15,8.520833333333334
2019-12-16,9.6875
2019-12-17,10.166666666666666
2019-12-18,9.479166666666668
2019-12-19,11.958333333333332
2019-12-20,11.874999999999998
2019-12-21,13.125
2019-12-22,10.020833333333332
2019-12-23,13.3125
2019-12-24,11.229166666666666
2019-12-25,6.380952380952381
2019-12-26,10.222222222222223
2019-12-27,9.354166666666666
2019-12-28,7.8125
2019-12-29,7.1875
2019-12-30,7.75
2019-12-31,7.0625
2020-01-01,5.083333333333333
2020-01-02,4.75
2020-01-03,6.958333333333334
2020-01-04,7.333333333333333
2020-01-06,10.666666666666666
2020-01-07,10.875000000000002
2020-01-08,11.145833333333334
2020-01-09,8.562499999999998
2020-01-10,8.499999999999998
2020-01-11,8.562499999999998
2020-01-12,7.3125
2020-01-13,8.875
2020-01-14,8.633333333333333
2020-01-15,8.4375
2020-01-16,8.479166666666666
2020-01-17,9.104166666666666
2020-01-18,7.958333333333333
2020-01-19,6.291666666666667
2020-01-20,8.8125
2020-01-21,10.729166666666666
2020-01-22,8.041666666666668
2020-01-23,9.020833333333334
2020-01-24,8.9375
2020-01-25,5.999999999999999
2020-01-26,5.937499999999999
2020-01-27,6.75
2020-01-28,6.979166666666667
2020-01-29,7.583333333333333
2020-01-30,6.270833333333333
2020-01-31,6.5625
2020-02-01,8.545454545454545
2020-02-04,6.933333333333333
2020-02-05,5.206896551724138
2020-02-06,33.13636363636364
2020-02-07,16.043478260869566
2020-02-08,10.333333333333334
2020-02-09,8.916666666666666
2020-02-10,11.30232558139535
2020-02-11,12.325581395348838
2020-02-12,14.047619047619047
2020-02-13,14.404761904761905
2020-02-14,14.104166666666668
2020-02-15,14.291666666666666
2020-02-16,10.23404255319149
2020-02-17,13.97560975609756
2020-02-18,14.48780487804878
2020-02-19,14.21951219512195
2020-02-20,17.315789473684212
2020-02-21,14.11111111111111
2020-02-22,14.090909090909092
2020-02-23,11.185185185185185
2020-02-24,12.026315789473685
2020-02-25,16.928571428571427
2020-02-26,16.75
2020-02-27,17.0
2020-02-28,20.854166666666664
2020-02-29,22.916666666666668
2020-03-01,19.666666666666664
2020-03-02,21.53191489361702
2020-03-03,21.813953488372093
2020-03-04,23.85
2020-03-05,26.869565217391305
2020-03-06,25.91111111111111
2020-03-07,31.304347826086953
2020-03-08,27.9375
2020-03-09,20.967741935483872
2020-03-10,29.21428571428571
2020-03-11,27.9375
2020-03-12,38.61538461538461
2020-03-13,49.88461538461538
2020-03-14,14.636363636363637
2020-03-15,8.052631578947368
2020-03-16,10.875
2020-03-17,13.447368421052632
2020-03-18,11.441860465116278
2020-03-19,11.687499999999998
2020-03-20,10.543478260869566
2020-03-21,9.576923076923077
2020-03-22,9.777777777777777
2020-03-23,8.419354838709678
2020-03-24,8.65625
2020-03-25,9.000000000000002
2020-03-26,8.6875
2020-03-27,7.181818181818182
2020-03-28,8.48
2020-03-29,7.541666666666666
2020-03-30,6.631578947368421
2020-03-31,5.0
2020-04-01,3.611111111111111
2020-04-02,5.4375
2020-04-03,4.886363636363637
2020-04-04,4.354166666666667
2020-04-05,3.869565217391304
2020-04-06,3.761904761904762
2020-04-07,3.4444444444444446
2020-04-08,5.0
2020-04-09,4.804347826086956
2020-04-10,4.645833333333333
2020-04-11,3.6875
2020-04-12,3.875
2020-04-13,3.630434782608696
2020-04-14,4.4
2020-04-15,4.934782608695652
2020-04-16,4.729166666666667
2020-04-17,5.104166666666667
2020-04-18,5.0625
2020-04-19,5.104166666666667
2020-04-20,5.666666666666667
2020-04-21,5.291666666666667
2020-04-22,4.520833333333333
2020-04-23,5.770833333333334
2020-04-24,6.239130434782608
2020-04-25,6.083333333333333
2020-04-26,6.625
2020-04-27,6.541666666666667
2020-04-28,7.0625
2020-04-29,6.604166666666667
2020-04-30,6.645833333333333
2020-05-01,5.979166666666666
2020-05-02,7.124999999999999
2020-05-03,8.229166666666668
2020-05-04,7.770833333333334
2020-05-05,6.708333333333334
2020-05-06,6.9565217391304355
2020-05-07,5.729166666666667
2020-05-08,67.88095238095238
2020-05-09,36.68181818181819
2020-05-10,26.46153846153846
2020-05-11,17.885714285714286
2020-05-12,14.805555555555555
2020-05-13,13.891891891891891
2020-05-14,13.0
2020-05-15,12.617647058823529
2020-05-16,10.903225806451612
2020-05-17,11.407407407407408
2020-05-18,8.69047619047619
2020-05-19,5.687500000000001
2020-05-20,5.0
2020-05-21,4.1875
2020-05-22,3.7631578947368425
2020-05-23,3.8249999999999997
2020-05-24,3.5641025641025648
2020-05-25,4.809523809523809
2020-05-26,6.062499999999999
2020-05-27,6.145833333333333
2020-05-28,2.7222222222222223
2020-06-04,64.42857142857143
2020-06-05,29.529411764705884
2020-06-06,12.631578947368421
2020-06-07,9.424242424242424
2020-06-08,10.675675675675675
2020-06-09,10.195121951219512
2020-06-10,4.630434782608696
2020-06-11,2.825
2020-06-12,4.0
2020-06-13,5.645833333333333
2020-06-14,6.065217391304349
2020-06-15,4.770833333333334
2020-06-16,4.583333333333333
2020-06-17,52.75757575757576
2020-06-18,19.0
2020-06-19,13.16
2020-06-20,6.173913043478261
2020-06-21,1.8666666666666667
2020-06-22,6.960000000000001
2020-06-23,9.242424242424242
2020-06-24,13.129032258064514
2020-06-25,5.9393939393939394
2020-06-26,7.63157894736842
2020-06-27,6.2105263157894735
2020-06-28,3.225806451612903
2020-06-29,5.888888888888888
2020-06-30,1.0
2020-07-03,1.0
2020-07-09,14.785714285714288
2020-07-10,3.833333333333333
2020-07-11,2.7333333333333334
2020-07-12,1.4285714285714286
2020-07-13,3.066666666666667
2020-07-14,3.8666666666666667
2020-07-15,3.7291666666666665
2020-07-16,3.676470588235294
2020-07-17,2.2272727272727275
2020-07-18,3.4000000000000004
2020-07-19,2.9375
2020-07-20,74.03125
2020-07-21,29.944444444444446
2020-07-22,11.4
2020-07-23,7.75
2020-07-24,4.0740740740740735
2020-07-25,3.9583333333333335
2020-07-26,3.7916666666666665
2020-07-27,70.61904761904762
2020-07-28,25.531250000000004
2020-07-29,7.085714285714285
2020-07-30,4.111111111111111
2020-07-31,4.548387096774194
2020-08-03,3.75
2020-08-04,3.5
2020-08-05,15.821428571428573
2020-08-06,3.5526315789473686
2020-08-07,2.85
2020-09-18,3.692307692307692
2020-09-19,3.045454545454546
2020-09-20,2.4761904761904763
2020-09-21,3.1578947368421053
2020-09-22,3.0000000000000004
2020-10-14,199.21428571428572
2020-10-19,4.625
2020-10-21,44.7037037037037
2020-10-22,45.391304347826086
2020-10-23,36.229166666666664
2020-10-24,49.29166666666667
2020-10-25,49.49999999999999
2020-10-26,49.5
2021-05-03,2.7187500000000004
2021-05-04,4.475
2021-05-05,5.586956521739131
2021-05-06,5.354166666666667
2021-05-07,5.404761904761905
2021-05-08,4.708333333333333
2021-05-09,5.354166666666667
2021-05-10,5.229166666666667
2021-05-11,5.113636363636363
2021-05-12,5.525
2021-05-13,4.479166666666667
2021-05-14,4.309523809523809
2021-05-15,4.875
2021-05-16,6.062499999999999
2021-05-17,4.934782608695652
2021-05-18,5.1818181818181825
2021-05-19,5.0
2021-05-20,5.604166666666667
2021-05-21,5.729166666666667
2021-05-22,5.750000000000001
2021-05-23,6.125
2021-05-24,6.270833333333333
2021-05-25,6.5
2021-05-26,6.145833333333333
2021-05-27,6.617647058823529
2021-05-28,7.6875
2021-05-31,4.0
2021-08-03,10.499999999999998
2021-10-22,12.0
2022-03-17,7.25
2022-03-24,1.0
2022-03-25,1.0
2022-03-26,1.0
2022-03-28,1.75
2022-03-29,2.2500000000000004
2022-04-06,2.125
2022-04-11,1.0
2022-04-21,1.5
2022-04-22,1.0
2022-04-28,1.0
2022-05-03,1.8000000000000003
2022-05-04,2.75
2022-05-05,2.1999999999999997
2022-05-06,1.0
2022-05-07,1.5000000000000002
2022-05-08,1.0
2022-05-09,1.0
2022-05-10,1.0
2022-05-13,1.0
2022-05-23,1.5
2022-05-24,1.0
2022-05-25,1.0
2022-09-27,0.0
2022-12-27,7.000000000000001
2022-12-28,5.0
2022-12-29,3.605263157894737
2022-12-30,3.1
2022-12-31,3.1666666666666665
2023-01-01,3.5500000000000003
2023-01-02,2.0
2023-01-03,1.75
2023-01-04,1.0
2023-01-06,2.6666666666666665
2023-01-07,3.178571428571429
2023-01-08,3.4411764705882355
2023-01-09,4.136363636363636
2023-01-10,6.249999999999999
2023-01-11,6.0
2023-01-12,7.285714285714286
2023-01-13,6.954545454545454
2023-01-14,7.033333333333333
2023-01-15,5.869565217391305
2023-01-16,6.476190476190476
2023-01-17,3.7500000000000004
2023-01-18,5.083333333333333
2023-01-19,2.75
2023-01-20,3.1666666666666665
2023-01-21,3.3260869565217392
2023-01-22,4.08695652173913
2023-01-23,2.785714285714286
2023-01-24,3.2083333333333335
2023-01-25,4.107142857142857
2023-01-26,2.75
2023-01-27,3.6176470588235294
2023-01-28,4.117647058823529
2023-01-29,4.136363636363636
2023-01-30,2.4230769230769234
2023-01-31,2.9230769230769234
2023-02-01,2.7
2023-02-02,3.0
2023-02-03,4.416666666666667
2023-02-04,6.0
2023-02-05,4.318181818181818
2023-02-06,4.266666666666667
2023-02-07,4.6000000000000005
2023-02-08,4.428571428571429
2023-02-09,3.0
2023-02-10,4.500000000000001
2023-02-11,3.75
2023-02-13,0.0
2023-02-14,0.0
2023-02-15,0.0
2023-02-16,0.0
2023-02-17,0.0
2023-02-18,0.0
2023-02-19,0.0
2023-02-20,0.0
2023-02-21,0.0
2023-02-22,0.0
2023-02-23,0.0
2023-02-24,0.0
2023-02-25,0.0
2023-02-26,0.0
2023-02-27,0.0
2023-02-28,0.0
2023-03-01,0.0
2023-03-02,0.0
2023-03-03,0.0
2023-03-04,0.0
2023-03-05,0.0
2023-03-06,0.0
2023-03-07,0.0
2023-03-08,0.0
2023-03-09,0.020833333333333332
2023-03-10,0.0
2023-03-11,0.0
2023-03-12,0.0
2023-03-13,0.0
2023-03-14,0.0
2023-03-15,0.0
2023-03-16,0.0
2023-03-17,0.0
2023-03-18,0.0
2023-03-19,0.0
2023-03-20,0.0
2023-03-21,0.0
2023-03-22,0.0
2023-03-23,0.0
2023-03-24,0.0
2023-03-25,0.0
2023-03-26,0.0
2023-03-27,0.0
2023-03-28,0.0
2023-03-29,0.0
2023-03-30,0.0
2023-03-31,0.0
2023-04-01,0.0
2023-04-02,0.0
2023-04-03,0.0
2023-04-04,0.0
2023-04-05,0.0
2023-04-06,0.0
2023-04-07,0.0
2023-04-08,0.0
2023-04-09,0.0
2023-04-10,0.0
2023-04-11,0.0
2023-04-12,0.0
2023-04-13,0.0
2023-04-14,0.0
2023-04-15,0.0
2023-04-16,0.0
2023-04-17,0.0
2023-04-18,0.0
2023-04-19,0.0
2023-04-20,0.0
2023-04-21,0.0
2023-04-22,0.0
2023-04-23,0.0
2023-04-24,0.0
2023-04-25,0.0
2023-04-26,0.0
2023-04-27,0.0
2023-04-28,0.0
2023-04-29,0.0
2023-04-30,0.0
2023-05-01,0.0
2023-05-02,0.0
2023-05-03,0.0
2023-05-04,0.0
2023-05-05,0.0
2023-05-06,0.0
2023-05-07,0.0
2023-05-08,0.0
2023-05-09,0.0
2023-05-10,0.0
2023-05-11,0.0
2023-05-12,0.0
2023-05-13,0.0
2023-05-14,0.0
2023-05-15,0.0
2023-05-16,0.0
2023-05-17,0.0
2023-05-18,0.0
2023-05-19,0.0
2023-05-20,0.0
2023-05-21,0.0
2023-05-22,0.0
2023-05-23,0.0
2023-05-24,0.0
2023-05-25,0.0
2023-05-26,0.0
2023-05-27,0.0
2023-05-28,0.0
2023-05-29,0.0
2023-05-30,0.0
2023-05-31,0.0
2023-06-01,0.0
2023-06-02,0.0
2023-06-03,0.0
2023-06-04,0.0
2023-06-05,0.0
2023-06-06,0.0
2023-06-07,0.0
2023-06-08,0.0
2023-06-09,0.0
2023-06-10,0.0
2023-06-11,0.0
2023-06-12,0.0
2023-06-13,0.0
2023-06-14,0.0
2023-06-15,0.0
2023-06-16,0.0
2023-06-17,0.0
2023-06-18,0.0
2023-06-19,0.0
2023-06-20,0.0
2023-06-21,0.0
2023-06-22,0.0
2023-06-23,0.0
2023-06-24,0.0
2023-06-25,0.0
2023-06-26,0.0
2023-06-27,0.020833333333333332
2023-06-28,0.0
2023-06-29,0.0
2023-06-30,0.0
2023-07-01,0.0
2023-07-02,0.0
2023-07-03,0.0
2023-07-04,0.0
2023-07-05,0.0
2023-07-06,0.0
2023-07-07,0.0
2023-07-08,0.0
2023-07-09,0.0
2023-07-10,0.0
2023-07-11,0.0
2023-07-12,0.0
2023-07-13,0.0
2023-07-14,0.0
2023-07-15,0.0
2023-07-16,0.0
2023-07-17,0.0
2023-07-18,0.0
2023-07-19,0.0
2023-07-20,0.0
2023-07-21,0.0
2023-07-22,0.0
2023-07-23,0.0
2023-07-24,0.0
2023-07-25,0.0
2023-07-26,0.0
2023-07-27,0.0
2023-07-28,0.0
2023-07-29,0.0
2023-07-30,0.0
2023-07-31,0.0
2023-08-01,0.0
2023-08-02,0.0
2023-08-03,0.0
2023-08-04,0.0
2023-08-05,0.0
2023-08-06,0.0
2023-08-07,0.0
2023-08-08,0.0
2023-08-09,0.0
2023-08-10,0.0
2023-08-11,0.0
2023-08-12,0.0
2023-08-13,0.0
2023-08-14,0.0
2023-08-15,0.0
2023-08-16,0.0
2023-08-17,0.0
2023-08-18,0.0
2023-08-19,0.0
2023-08-20,0.0
2023-08-21,0.0
2023-08-22,0.0
2023-08-23,0.0
2023-08-24,0.0
2023-08-25,0.0
2023-08-26,0.0
2023-08-27,0.0
2023-08-28,0.0
2023-08-29,0.0
2023-08-30,0.0
2023-08-31,0.0
2023-09-01,0.0
2023-09-02,0.0
2023-09-03,0.0
2023-09-04,0.0
2023-09-05,0.0
2023-09-06,0.0
2023-09-07,0.0
2023-09-08,0.0
2023-09-09,0.0
2023-09-10,0.0
2023-09-11,0.0
2023-09-12,0.0
2023-09-13,0.0
2023-09-14,0.0
2023-09-15,0.0
2023-09-16,0.0
2023-09-17,0.0
2023-09-18,0.0
2023-09-19,0.0
2023-09-20,0.0
2023-09-21,0.0
2023-09-22,0.0
2023-09-23,0.0
2023-09-24,0.0
2023-09-25,0.0
2023-09-26,0.0
2023-09-27,0.0
2023-09-28,0.0
2023-09-29,0.0
2023-09-30,0.0
2023-10-01,0.0
2023-10-02,0.0
2023-10-03,0.0
2023-10-04,0.0
2023-10-05,0.0
2023-10-06,0.0
2023-10-07,0.0
2023-10-08,0.0
2023-10-09,0.0
2023-10-10,0.0
2023-10-11,0.0
2023-10-12,0.0
2023-10-13,0.0
2023-10-14,0.0
2023-10-15,0.0
2023-10-16,0.0
2023-10-17,0.0
2023-10-18,0.0
2023-10-19,0.0
2023-10-20,0.0
2023-10-21,0.0
2023-10-22,0.0
2023-10-23,0.0
2023-10-24,0.0
2023-10-25,0.0
2023-10-26,0.0
2023-10-27,0.0
2023-10-28,0.0
2023-10-29,0.0
2023-10-30,0.0
2023-10-31,0.0
2023-11-01,0.0
2023-11-02,0.0
2023-11-03,0.0
2023-11-04,0.0
2023-11-05,0.0
2023-11-06,0.0
2023-11-07,0.0
2023-11-08,0.0
2023-11-09,0.0
2023-11-10,0.0
2023-11-11,0.0
2023-11-12,0.0
2023-11-13,0.0
2023-11-14,0.0
2023-11-15,0.0
2023-11-16,0.0
2023-11-17,0.0
2023-11-18,0.0
2023-11-19,0.0
2023-11-20,0.0
2023-11-21,0.0
2023-11-22,0.0
2023-11-23,0.0
2023-11-24,0.0
2023-11-25,0.0
2023-11-26,0.0
2023-11-27,0.0
2023-11-28,0.0
2023-11-29,0.0
2023-11-30,0.0
2023-12-01,0.0
2023-12-02,0.0
2023-12-03,0.0
2023-12-04,0.0
2023-12-05,0.0
2023-12-06,0.0
2023-12-07,0.0
2023-12-08,0.0
2023-12-09,0.0
2023-12-10,0.0
2023-12-11,0.0
2023-12-12,0.0
2023-12-13,0.0
2023-12-14,0.0
2023-12-15,0.0
2023-12-16,0.0
2023-12-17,0.0
2023-12-18,0.0
2023-12-19,0.0
2023-12-20,0.0
2023-12-21,0.0
2023-12-22,0.0
2023-12-23,0.0
2023-12-24,0.0
2023-12-25,0.0
2023-12-26,0.0
2023-12-27,0.0
2023-12-28,0.0
2023-12-29,0.0
2023-12-30,0.0
2023-12-31,0.0
2024-01-01,0.0
2024-01-02,0.0
2024-01-03,0.0
2024-01-04,0.0
2024-01-05,0.0
2024-01-06,0.0
2024-01-07,0.0
2024-01-08,0.0
2024-01-09,0.0
2024-01-10,0.0
2024-01-11,0.020833333333333332
2024-01-12,0.0
2024-01-13,0.0
2024-01-14,0.0
2024-01-15,0.0
2024-01-16,0.0
2024-01-17,0.0
2024-01-18,0.0
2024-01-19,0.0
2024-01-20,0.0
2024-01-21,0.0
2024-01-22,0.0
2024-01-23,0.0
2024-01-24,0.0
2024-01-25,0.0
2024-01-26,0.0
2024-01-27,0.0
2024-01-28,0.0
2024-01-29,0.0
2024-01-30,0.0
2024-01-31,0.0
2024-02-01,0.0
2024-02-02,0.0
2024-02-03,0.0
2024-02-04,0.0
2024-02-05,0.0
2024-02-06,0.0
2024-02-07,0.0
2024-02-08,0.0
2024-02-09,0.0
2024-02-10,0.0
2024-02-11,0.0
2024-02-12,0.0
2024-02-13,0.0
2024-02-14,0.0
2024-02-15,0.0
2024-02-16,0.0
2024-02-17,0.0
2024-02-18,0.0
2024-02-19,0.0
2024-02-20,0.0
2024-02-21,0.0
2024-02-22,0.0
2024-02-23,0.0
2024-02-24,0.0
2024-02-25,0.0
2024-02-26,0.0
2024-02-27,0.0
2024-02-28,0.0
2024-02-29,0.0
2024-03-01,0.0
2024-03-02,0.0
2024-03-03,0.0
2024-03-04,0.0
2024-03-05,0.0
2024-03-06,0.0
2024-03-07,0.0
2024-03-08,0.0
2024-03-09,0.0
2024-03-10,0.0
2024-03-11,0.0
2024-03-12,0.0
2024-03-13,0.0
2024-03-14,0.0
2024-03-15,0.0
2024-03-16,0.0
2024-03-17,0.0
2024-03-18,0.0
2024-03-19,0.0
2024-03-20,0.0
2024-03-21,0.0
2024-03-22,0.0
2024-03-23,0.0
2024-03-24,0.0
2024-03-25,0.0
2024-03-26,0.0
2024-04-01,0.0
2024-04-02,0.0
2024-04-03,0.0
2024-04-23,0.0
2024-04-24,0.0
2024-04-25,0.0
2024-04-26,0.0
2024-04-27,0.0
2024-04-28,0.0
2024-04-29,0.0
2024-04-30,0.0
2024-05-01,0.0
2024-05-02,0.0
2024-05-03,0.0
2024-05-04,0.0
2024-05-05,0.0
2024-05-06,0.0
2024-05-07,0.0
2024-05-08,0.0
2024-05-09,0.0
2024-05-10,0.0
2024-05-11,0.0
2024-05-12,0.0
2024-05-13,0.0
2024-05-14,0.0
2024-05-15,0.0
2024-05-16,0.0
2024-05-17,0.0
2024-05-18,0.0
2024-05-19,0.0
2024-05-20,0.0
2024-05-21,0.0
2024-05-22,0.0
2024-05-23,0.0
2024-05-24,0.0
2024-05-25,0.0
2024-05-26,0.0
2024-05-27,0.0
2024-05-28,0.0
2024-05-29,0.0
2024-05-30,0.0
2024-05-31,0.0
2024-06-01,0.0
2024-06-02,0.0
2024-06-03,0.0
2024-06-04,0.0
2024-06-05,0.0
2024-06-06,0.0
2024-06-07,0.0
2024-06-08,0.0
2024-06-09,0.0
2024-06-10,0.0
2024-06-11,0.0
2024-06-12,0.0
2024-06-13,0.0
2024-06-14,0.0
2024-06-15,0.0
2024-07-01,0.0
2024-07-02,0.0
2024-07-03,0.0
2024-07-04,0.0
2024-07-05,0.0
2024-07-06,0.0
2024-07-07,0.0
2024-07-08,0.0
2024-07-09,0.0
2024-07-10,0.0
2024-07-11,0.0
2024-07-12,0.0
2024-07-13,0.0
2024-07-14,0.0
2024-07-15,0.0
2024-07-16,0.0
2024-07-17,0.0
2024-07-18,0.0
2024-07-19,0.0
2024-07-20,0.0
2024-07-21,0.0
2024-07-22,0.0
2024-07-23,0.0
2024-07-24,0.0
2024-07-25,0.0
2024-07-26,0.0
2024-07-27,0.0
2024-07-29,0.0
2024-07-30,0.0
2024-07-31,0.0
2024-08-01,0.0
2024-08-02,0.0
2024-08-03,0.0
2024-08-04,0.0
2024-08-05,0.0
2024-08-06,0.0
2024-08-07,0.0
2024-08-08,0.0
2024-08-09,0.0
2024-08-10,0.0
2024-08-11,0.0
2024-08-12,0.0
2024-08-13,0.0
2024-08-14,0.0
2024-08-15,0.0
2024-08-16,0.0
2024-08-17,0.0
2024-08-18,0.0
2024-08-19,0.0
2024-08-20,0.0
2024-08-21,0.0
2024-08-22,0.0
2024-08-23,0.0
2024-08-24,0.0
2024-08-25,0.0
2024-08-26,0.0
2024-08-27,0.0
2024-08-28,0.0
2024-08-29,0.0
2024-08-30,0.0
2024-08-31,0.0
2024-09-01,0.0
2024-09-02,0.0
2024-09-03,0.0
2024-09-04,0.0
2024-09-05,0.0
2024-09-06,0.0
2024-09-07,0.0
2024-09-08,0.0
2024-09-09,0.0
2024-09-10,0.0
2024-09-11,0.0
2024-09-12,0.0
2024-09-13,0.0
2024-09-14,0.0
2024-09-15,0.0
2024-09-16,0.0
2024-09-17,0.0
2024-09-18,0.0
2024-09-19,0.0
2024-09-20,0.0
2024-09-21,0.0
2024-09-23,0.0
2024-09-24,0.0
2024-09-25,0.0
2024-09-26,0.0
2024-09-27,0.0
2024-09-28,0.0
2024-09-29,0.0
2024-09-30,0.0
2024-10-01,0.0
2024-10-02,0.0
2024-10-03,0.0
2024-10-04,0.0
2024-10-05,0.0
2024-10-06,0.0
2024-10-07,0.0
2024-10-08,0.0
2024-10-09,0.0
2024-10-10,0.0
2024-10-11,0.0
2024-10-12,0.0
2024-10-13,0.0
2024-10-14,0.0
2024-10-15,0.0
2024-10-16,0.0
2024-10-17,0.0
2024-10-18,0.0
2024-10-19,0.0
2024-10-20,0.0
2024-10-21,0.0
2024-10-22,0.0
2024-10-23,0.0
2024-10-24,0.0
2024-10-25,0.0
2024-10-26,0.0
2024-10-27,0.0
2024-10-28,0.0
2024-10-29,0.0
2024-10-30,0.0
2024-10-31,0.0
2024-11-01,0.0
2024-11-02,0.0
2024-11-03,0.0
2024-11-04,0.0
2024-11-05,0.0
2024-11-06,0.0
2024-11-07,0.0
2024-11-08,0.0
2024-11-09,0.0
2024-11-10,0.0
2024-11-11,0.0
2024-11-12,0.0
2024-11-13,0.0
2024-11-14,0.0
2024-11-15,0.0
2024-11-16,0.0
2024-11-17,0.0
2024-11-18,0.0
2024-11-19,0.0
2024-11-20,0.0
2024-11-21,0.0
2024-11-22,0.0
2024-11-23,0.0
2024-11-24,0.0
2024-11-25,0.0
2024-11-26,0.0
2024-11-27,0.0
2024-11-28,0.0
2024-11-29,0.0
2024-11-30,0.0
2024-12-01,0.0
2024-12-02,0.0
2024-12-03,0.0
2024-12-04,0.0
2024-12-05,0.0
2024-12-06,0.0
2024-12-07,0.0
2024-12-08,0.0
2024-12-09,0.0
2024-12-10,0.0
2024-12-11,0.0
2024-12-12,0.0
2024-12-13,0.0
2024-12-14,0.0
2024-12-15,0.0
2024-12-16,0.0
2024-12-17,0.0
2024-12-18,0.0
2024-12-19,0.0
2024-12-20,0.0
2024-12-21,0.0
2024-12-22,0.0
2024-12-23,0.0
2024-12-24,0.0
2024-12-25,0.0
2024-12-26,0.0
2024-12-27,0.0
2024-12-28,0.0
2025-01-02,0.0
2025-01-03,0.0
2025-01-04,0.0
2025-01-05,0.0
2025-01-06,0.0
2025-01-07,0.0
2025-01-08,0.0
2025-01-09,0.0
2025-01-10,0.0
2025-01-11,0.0
2025-01-13,0.0
2025-01-14,0.0
2025-01-15,0.0
2025-01-16,0.0
2025-01-17,0.0
2025-01-18,0.0
2025-01-19,0.0
2025-01-20,0.0
2025-01-21,0.0
2025-01-22,0.0
2025-01-23,0.0
2025-01-24,0.0
2025-01-25,0.0
2025-01-26,0.0
2025-01-27,0.0
2025-01-28,0.0
2025-01-29,0.0
2025-01-30,0.0
2025-01-31,0.0
2025-02-01,0.0
2025-02-02,0.0
2025-02-03,0.0
2025-02-04,0.0
2025-02-05,0.0
2025-02-06,0.0
2025-02-07,0.0
2025-02-08,0.0
2025-02-09,0.0
2025-02-10,0.0
2025-02-11,0.0
2025-02-12,0.0
2025-02-13,0.0
2025-02-14,0.0
2025-02-15,0.0
2025-02-16,0.0
2025-02-17,0.0
2025-02-18,0.0
2025-02-19,0.0
2025-02-20,0.0
2025-02-21,0.0
2025-02-22,0.0
2025-02-23,0.0
2025-02-24,0.0
2025-02-25,0.0
2025-02-26,0.0
2025-02-27,0.0
2025-02-28,0.0
2025-03-01,0.0
2025-03-02,0.0
2025-03-03,0.0
2025-03-04,0.0
2025-03-05,0.0
2025-03-06,0.0
2025-03-07,0.0
2025-03-08,0.0
2025-03-09,0.0
