Fecha,SolarRadiation
2018-03-02,257.3333333333333
2018-03-03,277.2083333333333
2018-03-04,267.9166666666667
2018-03-05,255.625
2018-03-06,238.79166666666666
2018-03-07,276.625
2018-03-08,258.9583333333333
2018-03-09,240.95833333333334
2018-03-10,295.625
2018-03-11,293.1666666666667
2018-03-12,272.75
2018-03-13,292.9166666666667
2018-03-14,288.5833333333333
2018-03-15,281.5833333333333
2018-03-16,284.9583333333333
2018-03-17,281.8333333333333
2018-03-18,251.875
2018-03-19,307.3333333333333
2018-03-20,291.375
2018-03-21,282.4583333333333
2018-03-22,298.5
2018-03-23,306.4166666666667
2018-03-24,284.2916666666667
2018-03-25,312.2083333333333
2018-03-26,301.2916666666667
2018-03-27,304.125
2018-03-28,307.5
2018-03-29,314.6666666666667
2018-03-30,272.375
2018-03-31,308.3333333333333
2018-04-01,286.6666666666667
2018-04-02,237.45833333333334
2018-04-03,294.375
2018-04-04,283.2083333333333
2018-04-05,274.1666666666667
2018-04-06,295.8333333333333
2018-04-07,315.4583333333333
2018-04-08,318.125
2018-04-09,299.2083333333333
2018-04-10,285.375
2018-04-11,212.54166666666666
2018-04-12,230.91666666666666
2018-04-13,223.66666666666666
2018-04-14,330.875
2018-04-15,315.8333333333333
2018-04-16,282.375
2018-04-17,273.0
2018-04-18,84.94444444444444
2018-04-19,321.4166666666667
2018-04-20,281.875
2018-04-21,249.08333333333334
2018-04-22,232.79166666666666
2018-04-23,221.16666666666666
2018-04-24,250.5
2018-04-25,280.3333333333333
2018-04-26,272.5833333333333
2018-04-27,327.875
2018-04-28,322.0416666666667
2018-04-29,324.0416666666667
2018-04-30,212.83333333333334
2018-05-01,164.66666666666666
2018-05-02,269.6666666666667
2018-05-03,213.29166666666666
2018-05-04,273.9583333333333
2018-05-05,237.45833333333334
2018-05-06,221.16666666666666
2018-05-07,274.9166666666667
2018-05-08,182.16666666666666
2018-05-09,258.3333333333333
2018-05-10,305.6666666666667
2018-05-11,268.3333333333333
2018-05-12,285.8333333333333
2018-05-13,250.875
2018-05-14,245.70833333333334
2018-05-15,318.4583333333333
2018-05-16,301.1666666666667
2018-05-17,262.125
2018-05-18,237.79166666666666
2018-05-19,315.8333333333333
2018-05-20,245.95833333333334
2018-05-21,229.375
2018-05-22,292.75
2018-05-23,291.125
2018-05-24,292.4166666666667
2018-05-25,312.8333333333333
2018-05-26,340.625
2018-05-27,339.5
2018-05-28,335.2916666666667
2018-05-29,320.7083333333333
2018-05-30,322.2916666666667
2018-05-31,337.5
2018-06-01,342.375
2018-06-02,334.7916666666667
2018-06-03,286.125
2018-06-04,325.5416666666667
2018-06-05,296.6666666666667
2018-06-06,312.875
2018-06-07,320.8333333333333
2018-06-08,294.3333333333333
2018-06-09,226.95833333333334
2018-06-10,277.0
2018-06-11,234.08333333333334
2018-06-12,159.20833333333334
2018-06-13,112.08333333333333
2018-06-14,232.0
2018-06-15,130.79166666666666
2018-06-16,192.75
2018-06-17,201.79166666666666
2018-06-18,119.75
2018-06-19,145.41666666666666
2018-06-20,217.41666666666666
2018-06-21,230.0
2018-06-22,317.25
2018-06-23,269.75
2018-06-24,236.5
2018-06-25,175.33333333333334
2018-06-26,179.54166666666666
2018-06-27,235.95833333333334
2018-06-28,171.41666666666666
2018-06-29,260.5
2018-06-30,293.5
2018-07-01,281.4583333333333
2018-07-02,246.33333333333334
2018-07-03,231.95833333333334
2018-07-04,328.9583333333333
2018-07-05,264.875
2018-07-06,292.0416666666667
2018-07-07,241.58333333333334
2018-07-08,146.79166666666666
2018-07-09,246.08333333333334
2018-07-10,152.33333333333334
2018-07-11,183.33333333333334
2018-07-12,243.875
2018-07-13,237.20833333333334
2018-07-14,277.4166666666667
2018-07-15,286.9583333333333
2018-07-16,203.75
2018-07-17,232.08333333333334
2018-07-18,325.0
2018-07-19,307.75
2018-07-20,239.70833333333334
2018-07-21,313.9166666666667
2018-07-22,288.2916666666667
2018-07-23,221.5
2018-07-24,276.5833333333333
2018-07-25,262.0
2018-07-26,231.70833333333334
2018-07-27,270.5833333333333
2018-07-28,206.16666666666666
2018-07-29,306.4583333333333
2018-07-30,337.3333333333333
2018-07-31,246.58333333333334
2018-08-01,281.7916666666667
2018-08-02,263.5
2018-08-03,256.25
2018-08-04,233.5
2018-08-05,151.29166666666666
2018-08-06,194.54166666666666
2018-08-07,231.75
2018-08-08,272.375
2018-08-09,201.70833333333334
2018-08-10,198.75
2018-08-11,211.70833333333334
2018-08-12,170.95833333333334
2018-08-13,138.625
2018-08-14,259.0833333333333
2018-08-15,186.0
2018-08-16,251.79166666666666
2018-08-17,303.0416666666667
2018-08-18,278.7916666666667
2018-08-19,245.0
2018-08-20,298.0833333333333
2018-08-21,157.29166666666666
2018-08-22,287.0416666666667
2018-08-23,237.25
2018-08-24,194.125
2018-08-25,214.04166666666666
2018-08-26,249.04166666666666
2018-08-27,246.20833333333334
2018-08-28,180.66666666666666
2018-08-29,199.54166666666666
2018-08-30,216.5
2018-08-31,231.45833333333334
2018-09-01,268.5
2018-09-02,255.875
2018-09-03,214.45833333333334
2018-09-04,210.625
2018-09-05,184.45833333333334
2018-09-06,154.875
2018-09-07,238.625
2018-09-08,246.25
2018-09-09,240.54166666666666
2018-09-10,247.95833333333334
2018-09-11,241.0
2018-09-12,201.5
2018-09-13,181.58333333333334
2018-09-14,269.0
2018-09-15,229.16666666666666
2018-09-16,224.54166666666666
2018-09-17,152.04166666666666
2018-09-18,150.91666666666666
2018-09-19,237.375
2018-09-20,264.9583333333333
2018-09-21,205.45833333333334
2018-09-22,176.58333333333334
2018-09-23,188.79166666666666
2018-09-24,229.625
2018-09-25,162.70833333333334
2018-09-26,239.29166666666666
2018-09-27,178.16666666666666
2018-09-28,203.75
2018-09-29,202.83333333333334
2018-09-30,210.0
2018-10-01,224.33333333333334
2018-10-02,246.33333333333334
2018-10-03,207.375
2018-10-04,248.20833333333334
2018-10-05,218.83333333333334
2018-10-06,173.25
2018-10-07,237.375
2018-10-08,225.75
2018-10-09,247.70833333333334
2018-10-10,206.16666666666666
2018-10-11,166.875
2018-10-12,204.16666666666666
2018-10-13,200.91666666666666
2018-10-14,198.75
2018-10-15,241.91666666666666
2018-10-16,188.16666666666666
2018-10-17,186.125
2018-10-18,179.41666666666666
2018-10-19,235.79166666666666
2018-10-20,149.75
2018-10-21,143.58333333333334
2018-10-22,172.33333333333334
2018-10-23,100.70833333333333
2018-10-24,199.29166666666666
2018-10-25,242.20833333333334
2018-10-26,222.0
2018-10-27,184.66666666666666
2018-10-28,216.125
2018-10-29,205.41666666666666
2018-10-30,169.875
2018-10-31,198.41666666666666
2018-11-01,148.375
2018-11-02,102.16666666666667
2018-11-03,76.25
2018-11-04,38.291666666666664
2018-11-05,172.79166666666666
2018-11-06,255.0
2018-11-07,229.08333333333334
2018-11-08,223.83333333333334
2018-11-09,226.04166666666666
2018-11-10,211.41666666666666
2018-11-11,232.16666666666666
2018-11-12,184.08333333333334
2018-11-13,112.0
2018-11-14,115.5
2018-11-15,232.54166666666666
2018-11-16,241.875
2018-11-17,249.66666666666666
2018-11-18,235.54166666666666
2018-11-19,242.875
2018-11-20,237.25
2018-11-21,231.95833333333334
2018-11-22,228.625
2018-11-23,226.41666666666666
2018-11-24,226.5
2018-11-25,225.66666666666666
2018-11-26,208.0
2018-11-27,208.5
2018-11-28,87.79166666666667
2018-11-29,52.75
2018-11-30,207.16666666666666
2018-12-01,229.79166666666666
2018-12-02,231.29166666666666
2018-12-03,224.16666666666666
2018-12-04,198.83333333333334
2018-12-05,129.04166666666666
2018-12-06,187.66666666666666
2018-12-07,203.79166666666666
2018-12-08,182.41666666666666
2018-12-09,196.54166666666666
2018-12-10,176.5
2018-12-11,171.375
2018-12-12,148.04166666666666
2018-12-13,174.66666666666666
2018-12-14,197.16666666666666
2018-12-15,214.95833333333334
2018-12-16,196.83333333333334
2018-12-17,190.29166666666666
2018-12-18,198.29166666666666
2018-12-19,228.375
2018-12-20,234.66666666666666
2018-12-21,235.41666666666666
2018-12-22,291.6842105263158
2018-12-23,243.04761904761904
2018-12-24,202.25
2018-12-25,175.45833333333334
2018-12-26,160.33333333333334
2018-12-27,173.04166666666666
2018-12-28,195.375
2018-12-29,211.91666666666666
2018-12-30,215.95833333333334
2018-12-31,188.375
2019-01-01,188.83333333333334
2019-01-02,165.75
2019-01-03,217.0
2019-01-04,215.125
2019-01-05,216.125
2019-01-06,211.0
2019-01-07,211.08333333333334
2019-01-08,227.04166666666666
2019-01-09,225.16666666666666
2019-01-10,214.33333333333334
2019-01-11,137.5
2019-01-12,182.66666666666666
2019-01-13,184.70833333333334
2019-01-14,153.75
2019-01-15,151.66666666666666
2019-01-16,184.875
2019-01-17,143.58333333333334
2019-01-18,146.58333333333334
2019-01-19,191.0
2019-01-20,228.25
2019-01-21,248.54166666666666
2019-01-22,238.91666666666666
2019-01-23,230.45833333333334
2019-01-24,224.79166666666666
2019-01-25,221.66666666666666
2019-01-26,246.5
2019-01-27,258.9166666666667
2019-01-28,254.20833333333334
2019-01-29,250.33333333333334
2019-01-30,257.2083333333333
2019-01-31,254.29166666666666
2019-02-01,240.20833333333334
2019-02-02,257.5416666666667
2019-02-03,246.91666666666666
2019-02-04,256.8333333333333
2019-02-05,257.2916666666667
2019-02-06,256.5833333333333
2019-02-07,267.25
2019-02-08,238.33333333333334
2019-02-09,251.125
2019-02-10,238.33333333333334
2019-02-11,253.66666666666666
2019-02-12,228.08333333333334
2019-02-13,182.75
2019-02-14,234.25
2019-02-15,267.5416666666667
2019-02-16,264.7916666666667
2019-02-17,276.2916666666667
2019-02-18,279.4583333333333
2019-02-19,280.0833333333333
2019-02-20,281.4583333333333
2019-02-21,279.5416666666667
2019-02-22,206.0
2019-02-23,184.58333333333334
2019-02-24,235.54166666666666
2019-02-25,177.45833333333334
2019-02-26,269.4166666666667
2019-02-27,284.7916666666667
2019-02-28,278.4583333333333
2019-03-01,271.4583333333333
2019-03-02,278.9166666666667
2019-03-03,285.8333333333333
2019-03-04,233.25
2019-03-05,234.33333333333334
2019-03-06,230.41666666666666
2019-03-07,256.1666666666667
2019-03-08,248.66666666666666
2019-03-09,270.1666666666667
2019-03-10,293.4583333333333
2019-03-11,290.375
2019-03-12,304.2083333333333
2019-03-13,300.44444444444446
2019-03-14,555.3846153846154
2019-03-15,534.2307692307693
2019-03-16,285.2307692307692
2019-03-17,414.0769230769231
2019-03-18,476.84615384615387
2019-03-19,563.5384615384615
2019-03-20,483.53846153846155
2019-03-21,542.1538461538462
2019-03-22,491.0769230769231
2019-03-23,574.2307692307693
2019-03-24,568.4615384615385
2019-03-25,572.4615384615385
2019-03-26,581.1538461538462
2019-03-27,562.5384615384615
2019-03-28,568.3846153846154
2019-03-29,557.7692307692307
2019-03-30,551.6153846153846
2019-03-31,564.0769230769231
2019-04-01,576.6923076923077
2019-04-02,514.2307692307693
2019-04-03,539.8461538461538
2019-04-04,407.84615384615387
2019-04-05,454.38461538461536
2019-04-06,449.7857142857143
2019-04-07,540.6428571428571
2019-04-08,502.9230769230769
2019-04-09,544.4285714285714
2019-04-10,539.2857142857143
2019-04-11,547.4285714285714
2019-04-12,541.1428571428571
2019-04-13,568.4285714285714
2019-04-14,598.1538461538462
2019-04-15,583.3076923076923
2019-04-16,542.3571428571429
2019-04-17,553.9285714285714
2019-04-18,566.0
2019-04-19,524.9285714285714
2019-04-20,518.2857142857143
2019-04-21,541.0714285714286
2019-04-22,577.1538461538462
2019-04-23,523.3571428571429
2019-04-24,473.07142857142856
2019-04-25,488.2857142857143
2019-04-26,532.7142857142857
2019-04-27,476.7142857142857
2019-04-28,321.92857142857144
2019-04-29,434.46153846153845
2019-04-30,382.92857142857144
2019-05-01,460.14285714285717
2019-05-02,407.85714285714283
2019-05-03,418.14285714285717
2019-05-04,373.2142857142857
2019-05-05,406.2142857142857
2019-05-06,525.0714285714286
2019-05-07,541.5
2019-05-08,570.0714285714286
2019-05-09,561.7142857142857
2019-05-10,538.2857142857143
2019-05-11,578.8571428571429
2019-05-12,518.8571428571429
2019-05-13,528.0714285714286
2019-05-14,545.0
2019-05-15,523.5714285714286
2019-05-16,468.35714285714283
2019-05-17,414.92857142857144
2019-05-18,473.7142857142857
2019-05-19,570.0714285714286
2019-05-20,526.5714285714286
2019-05-21,500.2142857142857
2019-05-22,480.35714285714283
2019-05-23,534.9285714285714
2019-05-24,521.2142857142857
2019-05-25,541.9285714285714
2019-05-26,476.14285714285717
2019-05-27,408.07142857142856
2019-05-28,368.85714285714283
2019-05-29,400.7857142857143
2019-05-30,527.3846153846154
2019-05-31,406.85714285714283
2019-06-01,429.64285714285717
2019-06-02,460.0
2019-06-03,535.4285714285714
2019-06-04,308.07142857142856
2019-06-05,158.5
2019-06-06,340.57142857142856
2019-06-07,416.7857142857143
2019-06-08,425.7142857142857
2019-06-09,581.2142857142857
2019-06-10,543.5714285714286
2019-06-11,548.1428571428571
2019-06-12,518.0
2019-06-13,452.85714285714283
2019-06-14,314.75
2019-06-17,487.72727272727275
2019-06-18,429.64285714285717
2019-06-19,481.92857142857144
2019-06-20,461.14285714285717
2019-06-21,386.92857142857144
2019-06-22,303.64285714285717
2019-06-23,376.0
2019-06-24,440.7857142857143
2019-06-25,182.85714285714286
2019-06-26,423.57142857142856
2019-06-27,440.0
2019-06-28,488.07142857142856
2019-06-29,537.7142857142857
2019-06-30,476.92857142857144
2019-07-01,282.07142857142856
2019-07-02,381.64285714285717
2019-07-03,532.8571428571429
2019-07-04,463.07142857142856
2019-07-05,464.57142857142856
2019-07-06,451.5
2019-07-07,459.92857142857144
2019-07-08,538.0
2019-07-09,535.6428571428571
2019-07-10,438.14285714285717
2019-07-11,338.7142857142857
2019-07-12,375.7857142857143
2019-07-13,472.0769230769231
2019-07-14,425.35714285714283
2019-07-15,455.85714285714283
2019-07-16,503.64285714285717
2019-07-17,319.7857142857143
2019-07-18,445.92857142857144
2019-07-19,376.2142857142857
2019-07-20,286.2857142857143
2019-07-21,331.7857142857143
2019-07-22,475.64285714285717
2019-07-23,342.64285714285717
2019-07-24,259.85714285714283
2019-07-25,302.5
2019-07-26,237.71428571428572
2019-07-27,399.85714285714283
2019-07-28,522.2142857142857
2019-07-29,399.14285714285717
2019-07-30,408.64285714285717
2019-07-31,513.5
2019-08-01,349.2857142857143
2019-08-02,519.0
2019-08-03,561.7142857142857
2019-08-04,403.57142857142856
2019-08-05,529.2307692307693
2019-08-06,408.42857142857144
2019-08-07,459.0
2019-08-08,347.42857142857144
2019-08-09,410.38461538461536
2019-08-10,483.0
2019-08-11,416.42857142857144
2019-08-12,429.46153846153845
2019-08-13,414.07142857142856
2019-08-14,473.42857142857144
2019-08-15,450.2142857142857
2019-08-16,567.3571428571429
2019-08-17,328.5
2019-08-18,418.2142857142857
2019-08-19,405.92857142857144
2019-08-20,502.5
2019-08-21,487.2857142857143
2019-08-22,372.0
2019-08-23,426.9230769230769
2019-08-24,331.07142857142856
2019-08-25,359.35714285714283
2019-08-26,333.7857142857143
2019-08-27,422.0769230769231
2019-08-28,517.7692307692307
2019-08-29,533.0714285714286
2019-08-30,461.61538461538464
2019-08-31,465.61538461538464
2019-09-01,591.0769230769231
2019-09-02,602.5384615384615
2019-09-03,575.3846153846154
2019-09-04,432.2307692307692
2019-09-05,297.9230769230769
2019-09-06,332.61538461538464
2019-09-07,477.3076923076923
2019-09-08,408.0
2019-09-09,473.46153846153845
2019-09-10,356.0
2019-09-11,389.2307692307692
2019-09-12,472.2307692307692
2019-09-13,297.09090909090907
2019-09-14,338.46153846153845
2019-09-15,568.0
2019-09-16,550.1538461538462
2019-09-17,430.7692307692308
2019-09-18,258.3076923076923
2019-09-19,303.46153846153845
2019-09-20,476.61538461538464
2019-09-21,492.3076923076923
2019-09-22,454.15384615384613
2019-09-23,568.3076923076923
2019-09-24,463.0
2019-09-25,332.15384615384613
2019-09-26,459.15384615384613
2019-09-27,503.84615384615387
2019-09-28,359.46153846153845
2019-09-29,237.69230769230768
2019-09-30,263.3076923076923
2019-10-01,493.2307692307692
2019-10-02,373.38461538461536
2019-10-03,463.46153846153845
2019-10-04,471.38461538461536
2019-10-05,531.1538461538462
2019-10-06,539.9230769230769
2019-10-07,459.9230769230769
2019-10-08,402.53846153846155
2019-10-09,423.15384615384613
2019-10-10,292.2307692307692
2019-10-11,499.46153846153845
2019-10-12,415.61538461538464
2019-10-13,423.9230769230769
2019-10-14,468.84615384615387
2019-10-15,474.2307692307692
2019-10-16,310.15384615384613
2019-10-17,171.07692307692307
2019-10-18,241.15384615384616
2019-10-19,361.2307692307692
2019-10-20,235.84615384615384
2019-10-21,370.15384615384613
2019-10-22,190.84615384615384
2019-10-23,477.7692307692308
2019-10-24,337.6923076923077
2019-10-25,368.6666666666667
2019-10-26,269.9230769230769
2019-10-27,384.6923076923077
2019-10-28,413.0
2019-10-29,276.45454545454544
2019-10-30,391.9230769230769
2019-10-31,385.25
2019-11-01,407.2307692307692
2019-11-02,320.61538461538464
2019-11-03,448.6666666666667
2019-11-04,325.9230769230769
2019-11-05,318.15384615384613
2019-11-06,435.15384615384613
2019-11-07,387.0769230769231
2019-11-08,551.0
2019-11-09,430.9230769230769
2019-11-10,407.2307692307692
2019-11-11,390.0
2019-11-12,175.75
2019-11-13,178.45454545454547
2019-11-14,293.5
2019-11-15,297.5
2019-11-16,366.4166666666667
2019-11-17,260.0769230769231
2019-11-18,310.61538461538464
2019-11-19,364.6923076923077
2019-11-20,400.6666666666667
2019-11-21,344.1666666666667
2019-11-22,438.0
2019-11-23,379.61538461538464
2019-11-24,304.25
2019-11-25,398.0833333333333
2019-11-26,259.5833333333333
2019-11-27,301.0769230769231
2019-11-28,443.0833333333333
2019-11-29,418.25
2019-11-30,442.9166666666667
2019-12-01,447.1666666666667
2019-12-02,456.4166666666667
2019-12-03,397.5833333333333
2019-12-04,443.1666666666667
2019-12-05,435.0
2019-12-06,450.4166666666667
2019-12-07,443.8333333333333
2019-12-08,451.4166666666667
2019-12-09,437.5833333333333
2019-12-10,439.5
2019-12-11,374.25
2019-12-12,397.0
2019-12-13,448.0
2019-12-14,455.5833333333333
2019-12-15,437.8333333333333
2019-12-16,400.1666666666667
2019-12-17,351.8333333333333
2019-12-18,328.8333333333333
2019-12-19,344.5
2019-12-20,226.0909090909091
2019-12-21,195.5
2019-12-22,213.08333333333334
2019-12-23,339.8333333333333
2019-12-24,371.8333333333333
2019-12-25,424.4166666666667
2019-12-26,231.0
2019-12-27,412.0
2019-12-28,369.3333333333333
2019-12-29,185.08333333333334
2019-12-30,382.1666666666667
2019-12-31,447.4166666666667
2020-01-01,424.6666666666667
2020-01-02,180.5
2020-01-03,430.0833333333333
2020-01-06,241.25
2020-01-07,352.1666666666667
2020-01-08,441.4166666666667
2020-01-09,433.0833333333333
2020-01-10,427.8333333333333
2020-01-11,399.0
2020-01-12,439.0833333333333
2020-01-13,450.0
2020-01-14,537.5
2020-01-15,386.0833333333333
2020-01-16,415.75
2020-01-17,422.8333333333333
2020-01-18,446.8333333333333
2020-01-19,240.58333333333334
2020-01-20,314.1666666666667
2020-01-21,398.75
2020-01-22,254.91666666666666
2020-01-23,243.58333333333334
2020-01-24,402.75
2020-01-25,440.4166666666667
2020-01-26,237.91666666666666
2020-01-27,507.5833333333333
2020-01-28,476.0
2020-01-29,511.4166666666667
2020-01-30,299.0833333333333
2020-01-31,391.75
2020-02-01,143.25
2020-02-04,240.1
2020-02-05,63.0
2020-02-06,489.1666666666667
2020-02-07,473.8333333333333
2020-02-08,535.5833333333334
2020-02-09,502.1666666666667
2020-02-10,523.0
2020-02-11,522.8333333333334
2020-02-12,521.25
2020-02-13,502.8333333333333
2020-02-14,496.4166666666667
2020-02-15,477.9166666666667
2020-02-16,518.0833333333334
2020-02-17,555.0
2020-02-18,554.9166666666666
2020-02-19,548.4166666666666
2020-02-20,549.1666666666666
2020-02-21,535.6666666666666
2020-02-22,548.8333333333334
2020-02-23,534.0833333333334
2020-02-24,562.6666666666666
2020-02-25,532.2307692307693
2020-02-26,494.4166666666667
2020-02-27,530.8333333333334
2020-02-28,483.0833333333333
2020-02-29,561.25
2020-03-01,452.6923076923077
2020-03-02,404.6923076923077
2020-03-03,536.2307692307693
2020-03-04,594.0
2020-03-05,523.9166666666666
2020-03-06,460.61538461538464
2020-03-07,472.1666666666667
2020-03-08,441.38461538461536
2020-03-09,652.0
2020-03-10,578.2
2020-03-11,533.6153846153846
2020-03-12,424.9230769230769
2020-03-13,387.0
2020-03-14,410.3076923076923
2020-03-15,456.7692307692308
2020-03-16,296.0
2020-03-17,452.6923076923077
2020-03-18,458.2307692307692
2020-03-19,422.2857142857143
2020-03-20,544.8461538461538
2020-03-21,411.46153846153845
2020-03-22,464.92857142857144
2020-03-23,524.8571428571429
2020-03-24,538.0
2020-03-25,535.6428571428571
2020-03-26,542.1428571428571
2020-03-27,551.0714285714286
2020-03-28,547.3571428571429
2020-03-29,540.6428571428571
2020-03-30,568.7692307692307
2020-03-31,513.8571428571429
2020-04-01,513.0833333333334
2020-04-02,536.9166666666666
2020-04-03,454.7142857142857
2020-04-04,520.5
2020-04-05,538.9285714285714
2020-04-06,527.4285714285714
2020-04-07,561.5
2020-04-08,528.0
2020-04-09,518.9285714285714
2020-04-10,520.2857142857143
2020-04-11,567.2142857142857
2020-04-12,556.7142857142857
2020-04-13,573.1428571428571
2020-04-14,540.2857142857143
2020-04-15,540.7142857142857
2020-04-16,542.4285714285714
2020-04-17,517.3571428571429
2020-04-18,487.85714285714283
2020-04-19,531.4285714285714
2020-04-20,528.2142857142857
2020-04-21,523.7142857142857
2020-04-22,434.5
2020-04-23,518.3571428571429
2020-04-24,528.9285714285714
2020-04-25,499.07142857142856
2020-04-26,454.57142857142856
2020-04-27,538.4285714285714
2020-04-28,490.0
2020-04-29,439.14285714285717
2020-04-30,382.64285714285717
2020-05-01,412.92857142857144
2020-05-02,563.3571428571429
2020-05-03,565.8571428571429
2020-05-04,425.85714285714283
2020-05-05,333.2857142857143
2020-05-06,515.1428571428571
2020-05-07,349.64285714285717
2020-05-08,342.64285714285717
2020-05-09,400.85714285714283
2020-05-10,543.5
2020-05-11,399.2142857142857
2020-05-12,536.2857142857143
2020-05-13,530.0
2020-05-14,571.2857142857143
2020-05-15,515.4285714285714
2020-05-16,580.4285714285714
2020-05-17,579.4285714285714
2020-05-18,487.35714285714283
2020-05-19,465.85714285714283
2020-05-20,439.64285714285717
2020-05-21,480.0
2020-05-22,534.8571428571429
2020-05-23,488.64285714285717
2020-05-24,572.9285714285714
2020-05-25,587.5
2020-05-26,603.7142857142857
2020-05-27,584.8571428571429
2020-05-28,553.9285714285714
2020-05-29,552.7142857142857
2020-05-30,454.7142857142857
2020-05-31,431.7857142857143
2020-06-01,496.92857142857144
2020-06-02,553.6428571428571
2020-06-03,544.4285714285714
2020-06-04,584.7142857142857
2020-06-05,576.2142857142857
2020-06-06,379.7857142857143
2020-06-07,433.7857142857143
2020-06-08,502.64285714285717
2020-06-09,455.38461538461536
2020-06-10,489.2857142857143
2020-06-11,375.64285714285717
2020-06-12,521.6428571428571
2020-06-13,612.2142857142857
2020-06-14,612.0714285714286
2020-06-15,592.5
2020-06-16,592.0714285714286
2020-06-17,515.7142857142857
2020-06-18,554.3571428571429
2020-06-19,487.42857142857144
2020-06-20,511.7857142857143
2020-06-21,388.2142857142857
2020-06-22,281.0
2020-06-23,397.57142857142856
2020-06-24,238.92857142857142
2020-06-25,303.35714285714283
2020-06-26,269.2142857142857
2020-06-27,589.9285714285714
2020-06-28,550.7142857142857
2020-06-29,530.2857142857143
2020-06-30,514.7857142857143
2020-07-01,414.07142857142856
2020-07-02,360.14285714285717
2020-07-03,377.42857142857144
2020-07-04,398.7857142857143
2020-07-05,395.7857142857143
2020-07-06,550.5
2020-07-07,506.57142857142856
2020-07-08,276.7857142857143
2020-07-09,333.14285714285717
2020-07-10,558.5
2020-07-11,423.2857142857143
2020-07-12,360.2857142857143
2020-07-13,585.2857142857143
2020-07-14,497.7857142857143
2020-07-15,488.7142857142857
2020-07-16,503.14285714285717
2020-07-17,609.2857142857143
2020-07-18,470.0
2020-07-19,458.5
2020-07-20,500.7142857142857
2020-07-21,451.7857142857143
2020-07-22,379.2142857142857
2020-07-23,474.42857142857144
2020-07-24,467.2142857142857
2020-07-25,516.0
2020-07-26,319.7142857142857
2020-07-27,407.0
2020-07-28,348.2142857142857
2020-07-29,405.2142857142857
2020-07-30,442.7142857142857
2020-07-31,448.1
2020-08-03,225.53846153846155
2020-08-04,387.57142857142856
2020-08-05,370.64285714285717
2020-08-06,548.3571428571429
2020-08-07,500.7857142857143
2020-08-08,290.07142857142856
2020-08-09,280.35714285714283
2020-08-10,379.14285714285717
2020-08-11,366.7142857142857
2020-08-12,197.64285714285714
2020-08-13,299.07142857142856
2020-08-14,554.7857142857143
2020-08-15,515.1538461538462
2020-08-16,442.5
2020-08-17,382.07142857142856
2020-08-18,263.07142857142856
2020-08-19,307.5
2020-08-20,457.2142857142857
2020-08-21,373.07142857142856
2020-08-22,511.2857142857143
2020-08-23,542.3571428571429
2020-08-24,456.5
2020-08-25,339.64285714285717
2020-08-26,392.5
2020-08-27,294.61538461538464
2020-08-28,411.38461538461536
2020-08-29,461.2142857142857
2020-08-30,422.0769230769231
2020-08-31,468.0
2020-09-01,576.25
2020-09-02,511.2307692307692
2020-09-03,531.0714285714286
2020-09-18,272.0
2020-09-19,308.53846153846155
2020-09-20,343.46153846153845
2020-09-21,323.6923076923077
2020-09-22,427.6666666666667
2020-09-23,559.5384615384615
2020-09-24,374.46153846153845
2020-09-25,393.7692307692308
2020-09-26,417.46153846153845
2020-09-27,523.9230769230769
2020-09-28,518.8461538461538
2020-09-29,390.15384615384613
2020-09-30,476.84615384615387
2020-10-01,533.1538461538462
2020-10-02,565.3076923076923
2020-10-03,544.0
2020-10-04,542.0
2020-10-05,454.7692307692308
2020-10-06,442.0769230769231
2020-10-07,548.4615384615385
2020-10-08,552.0769230769231
2020-10-09,452.0
2020-10-10,377.46153846153845
2020-10-11,491.84615384615387
2020-10-12,412.84615384615387
2020-10-13,479.0769230769231
2020-10-14,503.0769230769231
2020-10-15,500.9230769230769
2020-10-16,490.0
2020-10-17,497.3076923076923
2020-10-18,504.0769230769231
2020-10-19,487.38461538461536
2020-10-20,491.46153846153845
2020-10-21,427.7
2020-10-22,464.9230769230769
2020-10-23,467.38461538461536
2020-10-24,524.8461538461538
2020-10-25,521.0769230769231
2020-10-26,515.0
2020-10-27,451.0
2020-10-28,447.61538461538464
2020-10-29,429.9230769230769
2020-10-30,455.0769230769231
2020-10-31,448.0769230769231
2020-11-01,456.0
2020-11-02,499.38461538461536
2020-11-03,491.61538461538464
2020-11-04,486.61538461538464
2020-11-05,500.84615384615387
2020-11-06,475.61538461538464
2020-11-07,451.7692307692308
2020-11-08,441.6923076923077
2020-11-09,469.46153846153845
2020-11-10,476.6923076923077
2020-11-11,425.61538461538464
2020-11-12,445.0
2020-11-13,455.0
2020-11-14,406.0
2020-11-15,442.2307692307692
2020-11-16,466.61538461538464
2020-11-17,419.2307692307692
2020-11-18,449.6923076923077
2020-11-19,456.53846153846155
2020-11-20,472.0
2020-11-21,439.0833333333333
2020-11-22,496.75
2020-11-23,478.8333333333333
2020-11-24,477.0
2020-11-25,464.9166666666667
2020-11-26,443.5
2020-11-27,403.3076923076923
2020-11-28,457.0
2020-11-29,457.3333333333333
2020-11-30,345.25
2020-12-01,412.5833333333333
2020-12-02,414.3333333333333
2020-12-03,378.5
2020-12-04,249.66666666666666
2020-12-05,418.1818181818182
2020-12-06,357.45454545454544
2020-12-07,295.6363636363636
2020-12-08,356.3636363636364
2020-12-09,415.0
2020-12-10,357.6666666666667
2020-12-11,391.25
2020-12-12,413.6666666666667
2020-12-13,452.0833333333333
2020-12-14,455.9166666666667
2020-12-15,341.5833333333333
2020-12-16,388.75
2020-12-17,396.1666666666667
2020-12-18,381.9166666666667
2020-12-19,445.5833333333333
2020-12-20,381.8333333333333
2020-12-21,394.75
2020-12-22,432.0
2020-12-23,450.5
2020-12-24,551.3333333333334
2020-12-25,417.0
2020-12-26,466.6666666666667
2020-12-27,478.9166666666667
2020-12-28,472.8333333333333
2020-12-29,452.5833333333333
2020-12-30,461.0
2020-12-31,478.1666666666667
2021-01-01,481.8333333333333
2021-01-02,488.5
2021-01-03,482.0833333333333
2021-01-04,474.3333333333333
2021-01-05,459.25
2021-01-06,402.0833333333333
2021-01-07,375.4166666666667
2021-01-08,352.6666666666667
2021-01-09,365.4166666666667
2021-01-10,362.3333333333333
2021-01-11,480.0
2021-01-12,385.6666666666667
2021-01-13,349.0
2021-01-14,242.5
2021-01-15,413.75
2021-01-16,291.0
2021-01-17,301.25
2021-01-18,392.0833333333333
2021-01-19,430.0
2021-01-20,357.0833333333333
2021-01-21,488.9166666666667
2021-01-22,458.5
2021-01-23,435.6666666666667
2021-01-24,432.0
2021-01-25,505.1666666666667
2021-01-26,509.9166666666667
2021-01-27,482.0833333333333
2021-01-28,469.3333333333333
2021-01-29,427.1666666666667
2021-01-30,502.0833333333333
2021-01-31,512.25
2021-02-01,520.5833333333334
2021-02-02,542.0833333333334
2021-02-03,552.3333333333334
2021-02-04,524.0833333333334
2021-02-05,513.1666666666666
2021-02-06,534.8333333333334
2021-02-07,533.3333333333334
2021-02-08,535.0833333333334
2021-02-09,462.25
2021-02-10,372.9166666666667
2021-02-11,544.9166666666666
2021-02-12,371.5
2021-02-13,572.3333333333334
2021-02-14,580.0833333333334
2021-02-15,579.3333333333334
2021-02-16,580.3333333333334
2021-02-17,573.25
2021-02-18,585.9166666666666
2021-02-19,565.0
2021-02-20,556.3333333333334
2021-02-21,550.75
2021-02-22,540.75
2021-02-23,554.9166666666666
2021-02-24,565.1666666666666
2021-02-25,577.9166666666666
2021-02-26,578.0833333333334
2021-02-27,575.0833333333334
2021-02-28,579.25
2021-03-01,588.3333333333334
2021-03-02,577.3333333333334
2021-03-03,569.5
2021-03-04,572.0
2021-03-05,553.4615384615385
2021-03-06,455.2307692307692
2021-03-07,422.38461538461536
2021-03-08,558.2307692307693
2021-03-09,611.6666666666666
2021-03-10,620.4166666666666
2021-03-11,562.7692307692307
2021-03-12,529.3846153846154
2021-03-13,493.84615384615387
2021-03-14,535.6153846153846
2021-03-15,556.7692307692307
2021-03-16,572.9230769230769
2021-03-17,582.0
2021-03-18,539.25
2021-03-19,417.61538461538464
2021-03-20,462.7692307692308
2021-03-21,439.0
2021-03-22,539.7857142857143
2021-03-23,553.7857142857143
2021-03-24,554.4285714285714
2021-03-25,546.2857142857143
2021-03-26,552.6428571428571
2021-03-27,545.6428571428571
2021-03-28,550.0
2021-03-29,431.64285714285717
2021-03-30,534.6428571428571
2021-03-31,518.6428571428571
2021-04-01,554.0
2021-04-02,565.6923076923077
2021-04-03,503.57142857142856
2021-04-04,543.0714285714286
2021-04-05,446.7692307692308
2021-04-06,342.8333333333333
2021-04-07,609.7692307692307
2021-04-08,505.84615384615387
2021-04-09,541.5714285714286
2021-04-10,576.7142857142857
2021-04-11,523.0
2021-04-12,463.14285714285717
2021-04-13,492.42857142857144
2021-04-14,445.2857142857143
2021-04-15,561.8461538461538
2021-04-16,529.6428571428571
2021-04-17,590.6428571428571
2021-04-18,597.2142857142857
2021-04-19,597.9285714285714
2021-04-20,590.6428571428571
2021-04-21,580.4285714285714
2021-04-22,537.6428571428571
2021-04-23,508.2857142857143
2021-04-24,541.0714285714286
2021-04-25,534.2142857142857
2021-04-26,481.7857142857143
2021-04-27,555.7857142857143
2021-04-28,536.8571428571429
2021-04-29,539.2142857142857
2021-04-30,500.42857142857144
2021-05-01,473.2142857142857
2021-05-02,559.6428571428571
2021-05-03,586.2142857142857
2021-05-04,600.1428571428571
2021-05-05,542.0714285714286
2021-05-06,437.85714285714283
2021-05-07,518.8571428571429
2021-05-08,371.57142857142856
2021-05-09,363.2857142857143
2021-05-10,367.7857142857143
2021-05-11,355.2142857142857
2021-05-12,384.92857142857144
2021-05-13,509.7142857142857
2021-05-14,386.9166666666667
2021-05-15,309.7142857142857
2021-05-16,483.0
2021-05-17,398.35714285714283
2021-05-18,480.57142857142856
2021-05-19,598.9285714285714
2021-05-20,586.0
2021-05-21,569.8571428571429
2021-05-22,543.0
2021-05-23,564.5
2021-05-24,509.85714285714283
2021-05-25,511.07142857142856
2021-05-26,538.6428571428571
2021-05-27,567.5
2021-05-28,542.6428571428571
2021-05-29,482.7857142857143
2021-05-30,514.5714285714286
2021-05-31,356.0
2021-06-01,436.7857142857143
2021-06-02,233.85714285714286
2021-06-03,229.28571428571428
2021-06-04,256.07142857142856
2021-06-05,300.5
2021-06-06,436.0
2021-06-07,522.2142857142857
2021-06-08,582.2142857142857
2021-06-09,496.35714285714283
2021-06-10,492.64285714285717
2021-06-11,440.42857142857144
2021-06-12,275.2857142857143
2021-06-13,294.7142857142857
2021-06-14,343.14285714285717
2021-06-15,476.92857142857144
2021-06-16,489.7857142857143
2021-06-17,385.14285714285717
2021-06-18,243.28571428571428
2021-06-19,183.5
2021-06-20,394.35714285714283
2021-06-21,455.07142857142856
2021-06-22,270.7857142857143
2021-06-23,334.64285714285717
2021-06-24,316.0
2021-06-25,345.5
2021-06-26,264.14285714285717
2021-06-27,202.92857142857142
2021-06-28,318.85714285714283
2021-06-29,460.35714285714283
2021-06-30,463.85714285714283
2021-07-01,313.64285714285717
2021-07-02,291.7857142857143
2021-07-03,273.0
2021-07-04,361.85714285714283
2021-07-05,471.7142857142857
2021-07-06,364.7142857142857
2021-07-07,233.5
2021-07-08,420.7857142857143
2021-07-09,302.57142857142856
2021-07-10,396.7857142857143
2021-07-11,454.14285714285717
2021-07-12,277.35714285714283
2021-07-13,343.2857142857143
2021-07-14,453.57142857142856
2021-07-15,342.14285714285717
2021-07-16,526.5714285714286
2021-07-17,437.5
2021-07-18,538.4615384615385
2021-07-19,541.7857142857143
2021-07-20,481.07142857142856
2021-07-21,304.7857142857143
2021-07-22,395.2857142857143
2021-07-23,494.57142857142856
2021-07-24,543.4285714285714
2021-07-25,525.6428571428571
2021-07-26,602.8461538461538
2021-07-27,482.35714285714283
2021-07-28,488.07142857142856
2021-07-29,398.0
2021-07-30,390.14285714285717
2021-07-31,520.7142857142857
2021-08-01,504.5
2021-08-02,369.2142857142857
2021-08-03,411.64285714285717
2021-08-04,336.7857142857143
2021-08-05,346.42857142857144
2021-08-06,294.2857142857143
2021-08-07,354.14285714285717
2021-08-08,399.07142857142856
2021-08-09,403.7857142857143
2021-08-10,398.57142857142856
2021-08-11,497.7857142857143
2021-08-12,387.07142857142856
2021-08-13,398.2857142857143
2021-08-14,344.2142857142857
2021-08-15,494.57142857142856
2021-08-16,365.35714285714283
2021-08-17,396.7142857142857
2021-08-18,411.0
2021-08-19,403.2857142857143
2021-08-20,526.3571428571429
2021-08-21,134.92857142857142
2021-08-22,263.57142857142856
2021-08-23,403.5
2021-08-24,436.38461538461536
2021-08-25,443.2142857142857
2021-08-26,457.7142857142857
2021-08-27,218.3846153846154
2021-08-28,205.15384615384616
2021-08-29,305.57142857142856
2021-08-30,334.3076923076923
2021-08-31,368.07142857142856
2021-09-01,210.23076923076923
2021-09-02,268.0
2021-09-03,367.0
2021-09-04,323.38461538461536
2021-09-05,409.38461538461536
2021-09-06,212.84615384615384
2021-09-07,344.0769230769231
2021-09-08,367.7692307692308
2021-09-09,532.0909090909091
2021-09-10,428.75
2021-09-11,488.0
2021-09-12,415.6923076923077
2021-09-13,206.30769230769232
2021-09-14,416.3076923076923
2021-09-15,444.46153846153845
2021-09-16,491.9230769230769
2021-09-17,462.3076923076923
2021-09-18,325.53846153846155
2021-09-19,367.15384615384613
2021-09-20,336.9230769230769
2021-09-21,536.6923076923077
2021-09-22,531.7692307692307
2021-09-23,510.84615384615387
2021-09-24,504.3076923076923
2021-09-25,420.84615384615387
2021-09-26,372.6923076923077
2021-09-27,348.38461538461536
2021-09-28,423.3076923076923
2021-09-29,482.7692307692308
2021-09-30,403.0769230769231
2021-10-01,232.15384615384616
2021-10-02,406.0769230769231
2021-10-03,434.84615384615387
2021-10-04,400.0769230769231
2021-10-05,259.61538461538464
2021-10-06,387.3333333333333
2021-10-07,513.3333333333334
2021-10-08,531.8461538461538
2021-10-09,488.53846153846155
2021-10-10,422.6923076923077
2021-10-11,443.84615384615387
2021-10-12,496.15384615384613
2021-10-13,392.3076923076923
2021-10-14,464.15384615384613
2021-10-15,510.46153846153845
2021-10-16,415.38461538461536
2021-10-17,461.61538461538464
2021-10-18,456.84615384615387
2021-10-19,411.6923076923077
2021-10-20,488.3076923076923
2021-10-21,417.3076923076923
2021-10-22,391.53846153846155
2021-10-23,464.38461538461536
2021-10-24,289.6666666666667
2021-10-25,92.58333333333333
2021-10-26,404.2307692307692
2021-10-27,440.0
2021-10-28,443.15384615384613
2021-10-29,358.2307692307692
2021-10-30,368.3076923076923
2021-10-31,222.23076923076923
2021-11-01,386.15384615384613
2021-11-02,462.84615384615387
2021-11-03,466.53846153846155
2021-11-04,427.0769230769231
2021-11-05,371.6923076923077
2021-11-06,468.0
2021-11-07,478.9230769230769
2021-11-08,51.5
2022-03-14,236.25
2022-03-15,499.2
2022-03-16,403.9166666666667
2022-03-17,401.46153846153845
2022-03-18,569.9230769230769
2022-03-19,531.6428571428571
2022-03-20,498.35714285714283
2022-03-21,503.2857142857143
2022-03-22,512.0
2022-03-23,547.6428571428571
2022-03-24,542.6428571428571
2022-03-25,537.4285714285714
2022-03-26,537.5
2022-03-27,478.2857142857143
2022-03-28,503.57142857142856
2022-03-29,526.3571428571429
2022-03-30,553.1428571428571
2022-03-31,540.7142857142857
2022-04-01,550.9285714285714
2022-04-02,549.2142857142857
2022-04-03,530.3571428571429
2022-04-04,551.4285714285714
2022-04-05,548.7857142857143
2022-04-06,553.3571428571429
2022-04-07,504.5
2022-04-08,387.35714285714283
2022-04-09,404.2142857142857
2022-04-10,449.2857142857143
2022-04-11,431.2142857142857
2022-04-12,504.0
2022-04-13,443.2857142857143
2022-04-14,463.92857142857144
2022-04-15,507.64285714285717
2022-04-16,569.0
2022-04-17,579.3571428571429
2022-04-18,543.2857142857143
2022-04-19,426.85714285714283
2022-04-20,527.5714285714286
2022-04-21,556.0714285714286
2022-04-22,515.9285714285714
2022-04-23,457.57142857142856
2022-04-24,468.07142857142856
2022-04-25,476.14285714285717
2022-04-26,488.14285714285717
2022-04-27,506.14285714285717
2022-04-28,403.92857142857144
2022-04-29,514.0714285714286
2022-04-30,574.2142857142857
2022-05-01,571.8571428571429
2022-05-02,537.6428571428571
2022-05-03,499.42857142857144
2022-05-04,540.7857142857143
2022-05-05,535.7857142857143
2022-05-06,535.2857142857143
2022-05-07,499.85714285714283
2022-05-08,500.2142857142857
2022-05-09,508.7857142857143
2022-05-10,552.7857142857143
2022-05-11,554.0714285714286
2022-05-12,585.7142857142857
2022-05-13,558.9285714285714
2022-05-14,446.3076923076923
2022-05-15,565.1428571428571
2022-05-16,579.7142857142857
2022-05-17,495.64285714285717
2022-05-23,313.25
2022-05-24,398.07142857142856
2022-05-25,478.57142857142856
2022-05-26,93.5
2022-06-01,310.3333333333333
2022-06-02,333.2083333333333
2022-06-03,336.0
2022-06-04,239.58333333333334
2022-06-05,234.0
2022-06-06,329.5833333333333
2022-06-07,322.125
2022-06-08,234.66666666666666
2022-06-09,200.04166666666666
2022-06-10,305.625
2022-06-11,323.5833333333333
2022-06-12,316.75
2022-06-13,207.375
2022-06-14,161.5
2022-06-15,159.16666666666666
2022-06-16,198.875
2022-06-17,191.625
2022-06-18,231.95833333333334
2022-06-19,255.79166666666666
2022-06-20,325.9583333333333
2022-06-21,213.375
2022-06-22,156.79166666666666
2022-06-23,152.66666666666666
2022-06-24,248.875
2022-06-25,228.6315789473684
2022-06-26,0.0
2022-06-27,14.5
2022-06-29,380.9230769230769
2022-06-30,288.8333333333333
2022-07-01,274.60869565217394
2022-07-02,244.16666666666666
2022-07-03,246.0
2022-07-04,279.3333333333333
2022-07-05,228.83333333333334
2022-07-06,260.8333333333333
2022-07-07,188.58333333333334
2022-07-08,308.7916666666667
2022-07-09,233.66666666666666
2022-07-10,312.9166666666667
2022-07-11,227.0
2022-07-12,330.2083333333333
2022-07-13,248.29166666666666
2022-07-14,258.5416666666667
2022-07-15,155.29166666666666
2022-07-16,238.875
2022-07-17,190.375
2022-07-18,166.0
2022-07-19,300.1666666666667
2022-07-20,247.70833333333334
2022-07-21,330.2916666666667
2022-07-22,250.66666666666666
2022-07-23,184.5
2022-07-24,275.0
2022-07-25,174.70833333333334
2022-07-26,251.625
2022-07-27,177.33333333333334
2022-07-28,217.04166666666666
2022-07-29,157.375
2022-07-30,240.04166666666666
2022-07-31,224.75
2022-08-01,236.3913043478261
2022-08-02,184.375
2022-08-03,274.0416666666667
2022-08-04,279.1666666666667
2022-08-05,295.8333333333333
2022-08-06,236.25
2022-08-07,294.5416666666667
2022-08-08,275.375
2022-08-09,192.95833333333334
2022-08-10,176.45833333333334
2022-08-11,263.7916666666667
2022-08-12,255.75
2022-08-13,183.5
2022-08-14,191.875
2022-08-15,161.66666666666666
2022-08-16,223.91666666666666
2022-08-17,197.20833333333334
2022-08-18,316.6666666666667
2022-08-19,212.125
2022-08-20,153.79166666666666
2022-08-21,220.875
2022-08-22,291.875
2022-08-23,255.91666666666666
2022-08-24,235.625
2022-08-25,290.4583333333333
2022-08-26,217.0
2022-08-27,249.29166666666666
2022-08-28,241.45833333333334
2022-08-29,197.16666666666666
2022-08-30,259.0
2022-08-31,243.375
2022-09-01,257.9166666666667
2022-09-02,258.75
2022-09-03,260.1666666666667
2022-09-04,260.375
2022-09-05,129.58333333333334
2022-09-06,261.0
2022-09-27,375.7857142857143
2022-09-28,171.29166666666666
2022-09-29,231.08333333333334
2022-09-30,286.0833333333333
2022-10-01,249.79166666666666
2022-10-02,231.66666666666666
2022-10-03,221.04166666666666
2022-10-04,137.04166666666666
2022-10-05,208.79166666666666
2022-10-06,181.04166666666666
2022-10-07,165.25
2022-10-08,198.125
2022-10-09,211.0
2022-10-10,259.75
2022-10-11,260.5833333333333
2022-10-12,278.7916666666667
2022-10-13,275.9583333333333
2022-10-14,278.75
2022-10-15,276.875
2022-10-16,228.45833333333334
2022-10-17,158.25
2022-10-18,154.375
2022-10-19,147.625
2022-10-20,223.70833333333334
2022-10-21,103.41666666666667
2022-10-22,227.75
2022-10-23,217.58333333333334
2022-10-24,235.91666666666666
2022-10-25,254.54166666666666
2022-10-26,227.20833333333334
2022-10-27,175.79166666666666
2022-10-28,206.70833333333334
2022-10-29,228.33333333333334
2022-10-30,211.95833333333334
2022-10-31,202.08333333333334
2022-11-01,237.79166666666666
2022-11-02,221.58333333333334
2022-11-03,229.45833333333334
2022-11-04,209.75
2022-11-05,244.83333333333334
2022-11-06,244.29166666666666
2022-11-07,244.25
2022-11-08,244.125
2022-11-09,248.20833333333334
2022-11-10,242.41666666666666
2022-11-11,232.5
2022-11-12,221.33333333333334
2022-11-13,183.95833333333334
2022-11-14,221.33333333333334
2022-11-15,227.29166666666666
2022-11-16,225.25
2022-11-17,221.33333333333334
2022-11-18,199.5
2022-11-19,127.20833333333333
2022-11-20,94.54166666666667
2022-11-21,145.45833333333334
2022-11-22,186.04166666666666
2022-11-23,203.95833333333334
2022-11-24,165.875
2022-11-25,151.66666666666666
2022-11-26,186.41666666666666
2022-11-27,224.08333333333334
2022-11-28,202.54166666666666
2022-11-29,171.625
2022-11-30,196.91666666666666
2022-12-01,210.41666666666666
2022-12-02,203.66666666666666
2022-12-03,220.45833333333334
2022-12-04,228.875
2022-12-05,222.20833333333334
2022-12-06,221.45833333333334
2022-12-07,203.04166666666666
2022-12-08,221.625
2022-12-09,214.79166666666666
2022-12-10,206.83333333333334
2022-12-11,201.91666666666666
2022-12-12,218.625
2022-12-13,205.66666666666666
2022-12-14,223.29166666666666
2022-12-15,222.54166666666666
2022-12-16,222.16666666666666
2022-12-17,202.125
2022-12-18,169.41666666666666
2022-12-19,218.0
2022-12-20,215.45833333333334
2022-12-21,166.5
2022-12-22,213.70833333333334
2022-12-23,165.08333333333334
2022-12-24,159.54166666666666
2022-12-25,125.54166666666667
2022-12-26,201.66666666666666
2022-12-27,177.625
2022-12-28,145.29166666666666
2022-12-29,220.04166666666666
2022-12-30,165.125
2022-12-31,175.33333333333334
2023-01-01,166.66666666666666
2023-01-02,201.70833333333334
2023-01-03,197.125
2023-01-04,226.375
2023-01-05,226.54166666666666
2023-01-06,220.45833333333334
2023-01-07,206.45833333333334
2023-01-08,224.625
2023-01-09,217.58333333333334
2023-01-10,157.125
2023-01-11,192.70833333333334
2023-01-12,228.95833333333334
2023-01-13,215.5
2023-01-14,228.875
2023-01-15,226.625
2023-01-16,230.91666666666666
2023-01-17,206.70833333333334
2023-01-18,218.125
2023-01-19,206.16666666666666
2023-01-20,213.66666666666666
2023-01-21,235.75
2023-01-22,239.08333333333334
2023-01-23,244.08333333333334
2023-01-24,246.91666666666666
2023-01-25,249.45833333333334
2023-01-26,222.33333333333334
2023-01-27,243.20833333333334
2023-01-28,217.5
2023-01-29,239.25
2023-01-30,246.66666666666666
2023-01-31,237.95833333333334
2023-02-01,245.45833333333334
2023-02-02,252.70833333333334
2023-02-03,236.375
2023-02-04,250.70833333333334
2023-02-05,259.375
2023-02-06,260.4166666666667
2023-02-07,234.5
2023-02-08,221.70833333333334
2023-02-09,211.41666666666666
2023-02-10,245.875
2023-02-11,264.27777777777777
2023-02-13,398.2142857142857
2023-02-14,264.4583333333333
2023-02-15,276.1666666666667
2023-02-16,271.5833333333333
2023-02-17,271.125
2023-02-18,257.125
2023-02-19,276.7916666666667
2023-02-20,270.75
2023-02-21,226.08333333333334
2023-02-22,239.08333333333334
2023-02-23,271.9583333333333
2023-02-24,277.9583333333333
2023-02-25,204.25
2023-02-26,269.0833333333333
2023-02-27,250.45833333333334
2023-02-28,267.75
2023-03-01,280.25
2023-03-02,291.4166666666667
2023-03-03,291.125
2023-03-04,279.75
2023-03-05,274.125
2023-03-06,288.0416666666667
2023-03-07,241.66666666666666
2023-03-08,289.2916666666667
2023-03-09,287.8333333333333
2023-03-10,258.4166666666667
2023-03-11,256.2916666666667
2023-03-12,194.125
2023-03-13,198.79166666666666
2023-03-14,193.54166666666666
2023-03-15,150.45833333333334
2023-03-16,207.04166666666666
2023-03-17,276.125
2023-03-18,300.125
2023-03-19,292.2083333333333
2023-03-20,313.4583333333333
2023-03-21,316.5833333333333
2023-03-22,300.0833333333333
2023-03-23,271.7083333333333
2023-03-24,312.7916666666667
2023-03-25,305.0416666666667
2023-03-26,314.0833333333333
2023-03-27,299.1666666666667
2023-03-28,316.6666666666667
2023-03-29,311.0
2023-03-30,229.875
2023-03-31,275.6666666666667
2023-04-01,309.4166666666667
2023-04-02,313.8333333333333
2023-04-03,318.875
2023-04-04,258.4166666666667
2023-04-05,296.5416666666667
2023-04-06,325.9166666666667
2023-04-07,316.75
2023-04-08,323.5
2023-04-09,296.875
2023-04-10,265.4166666666667
2023-04-11,216.375
2023-04-12,239.45833333333334
2023-04-13,311.4166666666667
2023-04-14,323.9166666666667
2023-04-15,304.0833333333333
2023-04-16,321.1666666666667
2023-04-17,286.4166666666667
2023-04-18,336.625
2023-04-19,264.75
2023-04-20,292.7083333333333
2023-04-21,252.45833333333334
2023-04-22,215.79166666666666
2023-04-23,271.5833333333333
2023-04-24,265.0416666666667
2023-04-25,323.0
2023-04-26,324.125
2023-04-27,305.3333333333333
2023-04-28,317.4583333333333
2023-04-29,348.0416666666667
2023-04-30,339.9166666666667
2023-05-01,334.4583333333333
2023-05-02,338.2083333333333
2023-05-03,264.2916666666667
2023-05-04,241.875
2023-05-05,250.20833333333334
2023-05-06,219.16666666666666
2023-05-07,225.125
2023-05-08,158.375
2023-05-09,275.5416666666667
2023-05-10,251.95833333333334
2023-05-11,311.8333333333333
2023-05-12,196.25
2023-05-13,313.0833333333333
2023-05-14,225.375
2023-05-15,234.79166666666666
2023-05-16,216.75
2023-05-17,252.58333333333334
2023-05-18,228.16666666666666
2023-05-19,238.79166666666666
2023-05-20,188.875
2023-05-21,218.70833333333334
2023-05-22,239.75
2023-05-23,182.04166666666666
2023-05-24,274.0416666666667
2023-05-25,235.45833333333334
2023-05-26,277.9583333333333
2023-05-27,263.6666666666667
2023-05-28,145.16666666666666
2023-05-29,250.75
2023-05-30,288.9583333333333
2023-05-31,286.1666666666667
2023-06-01,327.25
2023-06-02,326.125
2023-06-03,319.0833333333333
2023-06-04,341.375
2023-06-05,341.9583333333333
2023-06-06,284.9583333333333
2023-06-07,257.4583333333333
2023-06-08,335.0833333333333
2023-06-09,339.7916666666667
2023-06-10,312.2083333333333
2023-06-11,323.6666666666667
2023-06-12,306.5416666666667
2023-06-13,347.8333333333333
2023-06-14,337.25
2023-06-15,338.0833333333333
2023-06-16,266.95652173913044
2023-06-17,236.375
2023-06-18,288.9166666666667
2023-06-19,313.5833333333333
2023-06-20,314.4166666666667
2023-06-21,285.4166666666667
2023-06-22,334.9166666666667
2023-06-23,327.375
2023-06-24,297.4166666666667
2023-06-25,273.8333333333333
2023-06-26,156.95833333333334
2023-06-27,277.875
2023-06-28,218.29166666666666
2023-06-29,166.66666666666666
2023-06-30,179.25
2023-07-01,217.58333333333334
2023-07-02,275.875
2023-07-03,249.29166666666666
2023-07-04,200.04166666666666
2023-07-05,255.125
2023-07-06,274.0416666666667
2023-07-07,191.70833333333334
2023-07-08,240.0
2023-07-09,266.85714285714283
2023-07-10,334.90909090909093
2023-07-11,271.2916666666667
2023-07-12,321.2916666666667
2023-07-13,329.9166666666667
2023-07-14,323.125
2023-07-15,290.25
2023-07-16,325.5416666666667
2023-07-17,243.83333333333334
2023-07-18,263.4583333333333
2023-07-19,300.9583333333333
2023-07-20,313.0
2023-07-21,232.875
2023-07-22,201.125
2023-07-23,194.58333333333334
2023-07-24,171.20833333333334
2023-07-25,136.79166666666666
2023-07-26,118.33333333333333
2023-07-27,265.9166666666667
2023-07-28,256.6666666666667
2023-07-29,316.1666666666667
2023-07-30,193.75
2023-07-31,187.66666666666666
2023-08-01,244.08333333333334
2023-08-02,296.25
2023-08-03,240.29166666666666
2023-08-04,139.83333333333334
2023-08-05,236.41666666666666
2023-08-06,235.95833333333334
2023-08-07,290.2916666666667
2023-08-08,291.4166666666667
2023-08-09,250.375
2023-08-10,205.75
2023-08-11,228.70833333333334
2023-08-12,316.5
2023-08-13,222.95833333333334
2023-08-14,229.375
2023-08-15,258.8333333333333
2023-08-16,230.83333333333334
2023-08-17,164.58333333333334
2023-08-18,213.45833333333334
2023-08-19,201.66666666666666
2023-08-20,125.29166666666667
2023-08-21,150.04166666666666
2023-08-22,235.08333333333334
2023-08-23,267.5
2023-08-24,240.625
2023-08-25,277.7083333333333
2023-08-26,281.1666666666667
2023-08-27,217.54166666666666
2023-08-28,241.08333333333334
2023-08-29,204.08333333333334
2023-08-30,203.625
2023-08-31,168.70833333333334
2023-09-01,196.375
2023-09-02,249.0
2023-09-03,261.0833333333333
2023-09-04,212.45833333333334
2023-09-05,200.125
2023-09-06,199.75
2023-09-07,209.33333333333334
2023-09-08,292.25
2023-09-09,308.0833333333333
2023-09-10,304.4166666666667
2023-09-11,306.625
2023-09-12,305.1666666666667
2023-09-13,249.375
2023-09-14,303.25
2023-09-15,223.04166666666666
2023-09-16,211.375
2023-09-17,169.95833333333334
2023-09-18,218.79166666666666
2023-09-19,288.4166666666667
2023-09-20,232.29166666666666
2023-09-21,294.5
2023-09-22,284.625
2023-09-23,299.125
2023-09-24,299.6666666666667
2023-09-25,298.0
2023-09-26,299.9583333333333
2023-09-27,291.3333333333333
2023-09-28,289.2083333333333
2023-09-29,265.3333333333333
2023-09-30,209.875
2023-10-01,228.04166666666666
2023-10-02,245.25
2023-10-03,146.5
2023-10-04,208.45833333333334
2023-10-05,242.41666666666666
2023-10-06,229.66666666666666
2023-10-07,173.54166666666666
2023-10-08,206.79166666666666
2023-10-09,116.66666666666667
2023-10-10,151.08333333333334
2023-10-11,98.54166666666667
2023-10-12,214.54166666666666
2023-10-13,247.75
2023-10-14,190.16666666666666
2023-10-15,194.20833333333334
2023-10-16,228.0
2023-10-17,231.75
2023-10-18,173.125
2023-10-19,119.5
2023-10-20,218.25
2023-10-21,200.83333333333334
2023-10-22,202.58333333333334
2023-10-23,231.375
2023-10-24,194.625
2023-10-25,86.83333333333333
2023-10-26,182.91666666666666
2023-10-27,157.41666666666666
2023-10-28,244.375
2023-10-29,230.58333333333334
2023-10-30,248.75
2023-10-31,176.125
2023-11-01,226.16666666666666
2023-11-02,230.5
2023-11-03,246.29166666666666
2023-11-04,257.6666666666667
2023-11-05,254.125
2023-11-06,245.5
2023-11-07,225.95833333333334
2023-11-08,235.54166666666666
2023-11-09,172.79166666666666
2023-11-10,162.25
2023-11-11,165.58333333333334
2023-11-12,215.08333333333334
2023-11-13,166.08333333333334
2023-11-14,207.54166666666666
2023-11-15,242.75
2023-11-16,245.08333333333334
2023-11-17,240.79166666666666
2023-11-18,243.33333333333334
2023-11-19,230.79166666666666
2023-11-20,228.45833333333334
2023-11-21,177.41666666666666
2023-11-22,80.25
2023-11-23,98.75
2023-11-24,239.91666666666666
2023-11-25,238.66666666666666
2023-11-26,203.5
2023-11-27,126.75
2023-11-28,209.95833333333334
2023-11-29,120.66666666666667
2023-11-30,118.08333333333333
2023-12-01,115.75
2023-12-02,151.04166666666666
2023-12-03,99.875
2023-12-04,102.29166666666667
2023-12-05,89.75
2023-12-06,120.33333333333333
2023-12-07,46.0
2023-12-08,180.66666666666666
2023-12-09,165.25
2023-12-10,138.75
2023-12-11,62.541666666666664
2023-12-12,146.45833333333334
2023-12-13,127.375
2023-12-14,89.29166666666667
2023-12-15,143.20833333333334
2023-12-16,187.125
2023-12-17,212.45833333333334
2023-12-18,218.45833333333334
2023-12-19,217.54166666666666
2023-12-20,218.41666666666666
2023-12-21,204.33333333333334
2023-12-22,202.25
2023-12-23,151.875
2023-12-24,160.875
2023-12-25,134.41666666666666
2023-12-26,48.0
2023-12-27,157.79166666666666
2023-12-28,227.83333333333334
2023-12-29,221.5
2023-12-30,220.75
2023-12-31,220.75
2024-01-01,214.125
2024-01-02,206.58333333333334
2024-01-03,228.16666666666666
2024-01-04,214.79166666666666
2024-01-05,219.625
2024-01-06,223.45833333333334
2024-01-07,56.25
2024-01-08,189.54166666666666
2024-01-09,176.25
2024-01-10,223.29166666666666
2024-01-11,236.125
2024-01-12,215.20833333333334
2024-01-13,227.66666666666666
2024-01-14,162.75
2024-01-15,242.91666666666666
2024-01-16,242.125
2024-01-17,235.08333333333334
2024-01-18,195.70833333333334
2024-01-19,163.91666666666666
2024-01-20,92.58333333333333
2024-01-21,149.33333333333334
2024-01-22,194.70833333333334
2024-01-23,185.41666666666666
2024-01-24,248.70833333333334
2024-01-25,248.95833333333334
2024-01-26,249.04166666666666
2024-01-27,256.25
2024-01-28,211.04166666666666
2024-01-29,160.08333333333334
2024-01-30,91.875
2024-01-31,158.08333333333334
2024-02-01,133.16666666666666
2024-02-02,261.625
2024-02-03,260.9583333333333
2024-02-04,268.75
2024-02-05,262.375
2024-02-06,272.7083333333333
2024-02-07,259.1666666666667
2024-02-08,266.4583333333333
2024-02-09,266.8333333333333
2024-02-10,265.7916666666667
2024-02-11,265.8333333333333
2024-02-12,222.95833333333334
2024-02-13,186.04166666666666
2024-02-14,146.58333333333334
2024-02-15,154.20833333333334
2024-02-16,115.58333333333333
2024-02-17,186.91666666666666
2024-02-18,276.3333333333333
2024-02-19,293.5833333333333
2024-02-20,294.1666666666667
2024-02-21,287.7916666666667
2024-02-22,289.3333333333333
2024-02-23,290.7083333333333
2024-02-24,284.375
2024-02-25,286.125
2024-02-26,281.8333333333333
2024-02-27,281.7916666666667
2024-02-28,277.2083333333333
2024-02-29,272.5833333333333
2024-03-01,289.6666666666667
2024-03-02,286.5416666666667
2024-03-03,291.7083333333333
2024-03-04,292.375
2024-03-05,299.3333333333333
2024-03-06,298.2083333333333
2024-03-07,307.6666666666667
2024-03-08,306.625
2024-03-09,304.3333333333333
2024-03-10,303.2916666666667
2024-03-11,303.7916666666667
2024-03-12,291.9583333333333
2024-03-13,297.5
2024-03-14,293.4583333333333
2024-03-15,283.125
2024-03-16,262.7083333333333
2024-03-17,263.1666666666667
2024-03-18,297.6666666666667
2024-03-19,287.125
2024-03-20,288.0416666666667
2024-03-21,304.75
2024-03-22,315.2083333333333
2024-03-23,316.3333333333333
2024-03-24,330.125
2024-03-25,263.75
2024-03-26,276.46153846153845
2024-04-01,295.0833333333333
2024-04-02,280.1666666666667
2024-04-03,384.5
2024-04-23,264.4583333333333
2024-04-24,283.875
2024-04-25,258.8333333333333
2024-04-26,231.75
2024-04-27,315.7083333333333
2024-04-28,308.2916666666667
2024-04-29,320.5416666666667
2024-04-30,326.3333333333333
2024-05-01,332.8333333333333
2024-05-02,300.5833333333333
2024-05-03,331.0
2024-05-04,324.9583333333333
2024-05-05,314.875
2024-05-06,278.7083333333333
2024-05-07,121.0
2024-05-08,0.0
2024-05-09,0.0
2024-05-10,0.0
2024-05-11,0.0
2024-05-12,0.0
2024-05-13,0.0
2024-05-14,0.0
2024-05-15,0.0
2024-05-16,0.0
2024-05-17,0.0
2024-05-18,0.0
2024-05-19,0.0
2024-05-20,0.0
2024-05-21,0.0
2024-05-22,0.0
2024-05-23,0.0
2024-05-24,0.0
2024-05-25,0.0
2024-05-26,0.0
2024-05-27,0.0
2024-05-28,0.0
2024-05-29,2.3333333333333335
2024-05-30,3.9166666666666665
2024-05-31,0.0
2024-06-01,0.0
2024-06-02,0.0
2024-06-03,0.0
2024-06-04,0.0
2024-06-05,0.0
2024-06-06,0.0
2024-06-07,0.0
2024-06-08,0.0
2024-06-09,0.0
2024-06-10,0.0
2024-06-11,0.0
2024-06-12,0.0
2024-06-13,0.0
2024-06-14,0.0
2024-06-15,0.0
2024-07-01,0.0
2024-07-02,0.0
2024-07-03,0.0
2024-07-04,0.0
2024-07-05,0.0
2024-07-06,0.0
2024-07-07,0.0
2024-07-08,0.0
2024-07-09,0.0
2024-07-10,0.0
2024-07-11,0.0
2024-07-12,0.0
2024-07-13,0.0
2024-07-14,0.0
2024-07-15,0.0
2024-07-16,0.0
2024-07-17,0.0
2024-07-18,0.0
2024-07-19,0.0
2024-07-20,0.0
2024-07-21,0.0
2024-07-22,0.0
2024-07-23,0.0
2024-07-24,0.0
2024-07-25,0.0
2024-07-26,0.0
2024-07-27,0.0
2024-07-29,0.0
2024-07-30,0.0
2024-07-31,0.0
2024-08-01,0.0
2024-08-02,0.0
2024-08-03,0.08333333333333333
2024-08-04,0.0
2024-08-05,0.0
2024-08-06,0.0
2024-08-07,0.0
2024-08-08,0.0
2024-08-09,0.0
2024-08-10,0.0
2024-08-11,0.0
2024-08-12,0.0
2024-08-13,0.0
2024-08-14,0.0
2024-08-15,0.0
2024-08-16,0.0
2024-08-17,0.0
2024-08-18,0.125
2024-08-19,0.125
2024-08-20,0.0
2024-08-21,0.0
2024-08-22,0.0
2024-08-23,0.0
2024-08-24,0.0
2024-08-25,0.0
2024-08-26,0.0
2024-08-27,0.0
2024-08-28,0.0
2024-08-29,0.0
2024-08-30,0.0
2024-08-31,0.0
2024-09-01,0.0
2024-09-02,0.0
2024-09-03,0.0
2024-09-04,0.0
2024-09-05,0.0
2024-09-06,0.0
2024-09-07,0.0
2024-09-08,0.0
2024-09-09,0.0
2024-09-10,0.0
2024-09-11,0.0
2024-09-12,0.0
2024-09-13,0.0
2024-09-14,0.0
2024-09-15,0.0
2024-09-16,0.0
2024-09-17,0.0
2024-09-18,0.0
2024-09-19,0.0
2024-09-20,0.0
2024-09-21,0.0
2024-09-23,0.0
2024-09-24,0.0
2024-09-25,0.0
2024-09-26,0.0
2024-09-27,0.0
2024-09-28,0.0
2024-09-29,0.0
2024-09-30,0.0
2024-10-01,0.0
2024-10-02,0.0
2024-10-03,0.0
2024-10-04,0.0
2024-10-05,0.0
2024-10-06,0.0
2024-10-07,0.0
2024-10-08,0.0
2024-10-09,0.0
2024-10-10,0.0
2024-10-11,0.0
2024-10-12,0.0
2024-10-13,0.0
2024-10-14,0.0
2024-10-15,0.0
2024-10-16,0.0
2024-10-17,0.0
2024-10-18,0.0
2024-10-19,0.0
2024-10-20,0.0
2024-10-21,0.0
2024-10-22,0.0
2024-10-23,0.0
2024-10-24,0.0
2024-10-25,0.0
2024-10-26,0.0
2024-10-27,0.0
2024-10-28,0.0
2024-10-29,0.0
2024-10-30,0.0
2024-10-31,0.0
2024-11-01,0.0
2024-11-02,0.0
2024-11-03,0.0
2024-11-04,0.0
2024-11-05,0.0
2024-11-06,0.0
2024-11-07,0.0
2024-11-08,0.0
2024-11-09,0.0
2024-11-10,0.0
2024-11-11,0.0
2024-11-12,0.0
2024-11-13,0.0
2024-11-14,0.0
2024-11-15,0.0
2024-11-16,0.0
2024-11-17,0.0
2024-11-18,0.0
2024-11-19,0.0
2024-11-20,0.08333333333333333
2024-11-21,0.0
2024-11-22,0.0
2024-11-23,0.0
2024-11-24,0.0
2024-11-25,0.0
2024-11-26,0.0
2024-11-27,0.0
2024-11-28,0.0
2024-11-29,0.0
2024-11-30,0.0
2024-12-01,0.0
2024-12-02,0.0
2024-12-03,0.0
2024-12-04,0.0
2024-12-05,0.0
2024-12-06,0.0
2024-12-07,0.0
2024-12-08,0.0
2024-12-09,0.0
2024-12-10,0.0
2024-12-11,0.0
2024-12-12,0.0
2024-12-13,0.0
2024-12-14,0.0
2024-12-15,0.0
2024-12-16,0.0
2024-12-17,0.0
2024-12-18,0.0
2024-12-19,0.0
2024-12-20,0.0
2024-12-21,0.0
2024-12-22,0.1
2024-12-23,0.0
2024-12-24,0.0
2024-12-25,0.0
2024-12-26,0.0
2024-12-27,0.0
2024-12-28,0.0
2025-01-02,0.0
2025-01-03,0.0
2025-01-04,0.0
2025-01-05,0.16666666666666666
2025-01-06,0.0
2025-01-07,0.0
2025-01-08,0.0
2025-01-09,0.0
2025-01-10,0.0
2025-01-11,0.14285714285714285
2025-01-13,0.0
2025-01-14,0.0
2025-01-15,0.0
2025-01-16,0.0
2025-01-17,0.0
2025-01-18,0.0
2025-01-19,0.0
2025-01-20,0.0
2025-01-21,0.0
2025-01-22,0.0
2025-01-23,0.0
2025-01-24,0.0
2025-01-25,0.0
2025-01-26,0.0
2025-01-27,0.0
2025-01-28,0.0
2025-01-29,0.0
2025-01-30,0.0
2025-01-31,0.0
2025-02-01,0.0
2025-02-02,0.0
2025-02-03,0.0
2025-02-04,0.0
2025-02-05,0.0
2025-02-06,0.0
2025-02-07,0.0
2025-02-08,0.0
2025-02-09,0.0
2025-02-10,0.0
2025-02-11,0.0
2025-02-12,0.0
2025-02-13,0.0
2025-02-14,0.0
2025-02-15,0.0
2025-02-16,0.0
2025-02-17,0.08333333333333333
2025-02-18,0.0
2025-02-19,0.0
2025-02-20,0.0
2025-02-21,0.0
2025-02-22,0.0
2025-02-23,0.0
2025-02-24,0.0
2025-02-25,0.0
2025-02-26,0.0
2025-02-27,0.0
2025-02-28,0.0
2025-03-01,0.0
2025-03-02,0.0
2025-03-03,0.0
2025-03-04,0.0
2025-03-05,0.0
2025-03-06,0.0
2025-03-07,0.0
2025-03-08,0.0
2025-03-09,0.0
