Fecha,PM2.5
2018-03-22,484.4375
2018-03-23,146.54545454545453
2018-04-18,2.0
2018-05-06,-1.0
2018-05-27,963.0
2018-05-28,955.7333333333333
2018-06-14,-1.3333333333333333
2018-06-29,-1.0
2018-07-06,-3.0
2018-07-07,-4.0
2018-07-08,961.0
2018-07-09,460.4
2018-08-02,16.0
2018-09-10,-7.0
2018-09-11,-2.25
2018-09-13,-7.2
2018-09-14,-2.0
2018-09-15,-2.5
2018-09-16,929.2666666666667
2018-09-17,882.6363636363636
2018-09-19,-2.6666666666666665
2018-09-20,-2.0
2018-09-22,-5.0
2018-09-24,-1.0
2018-10-09,-5.5
2018-10-11,-7.0
2018-10-12,-12.5
2018-10-13,-9.875
2018-10-14,-14.105263157894736
2018-10-15,-15.0
2018-10-16,-15.0
2018-10-17,-12.4
2018-10-18,-2.75
2018-10-19,-13.4375
2018-10-20,-14.541666666666666
2018-10-21,-14.208333333333334
2018-10-22,26.75
2018-10-23,-2.5555555555555554
2018-10-24,-2.2
2018-10-25,-3.3333333333333335
2018-10-26,-2.5
2018-10-27,-8.5
2018-10-28,-4.846153846153846
2018-10-29,-1.0
2018-11-07,7.5
2018-11-09,-10.333333333333334
2018-11-24,970.6315789473684
2018-11-25,953.4583333333334
2018-11-26,264.9583333333333
2018-11-27,-15.0
2018-11-28,-15.0
2018-11-29,-15.0
2018-11-30,-14.625
2018-12-01,-15.0
2018-12-02,-14.708333333333334
2018-12-03,-14.958333333333334
2018-12-04,-14.875
2018-12-05,-14.833333333333334
2018-12-06,-14.375
2018-12-07,-14.083333333333334
2018-12-08,-14.208333333333334
2018-12-09,-14.75
2018-12-10,-14.333333333333334
2018-12-11,-15.0
2018-12-12,-15.0
2018-12-13,-15.0
2018-12-14,-15.0
2018-12-15,-15.0
2018-12-16,-15.0
2018-12-17,-15.0
2018-12-18,-15.0
2018-12-19,-15.0
2018-12-20,-15.0
2018-12-21,-15.0
2018-12-22,-15.0
2018-12-23,-15.0
2018-12-24,-15.0
2018-12-25,-15.0
2018-12-26,-15.0
2018-12-27,-15.0
2018-12-28,-15.0
2018-12-29,-15.0
2018-12-30,-15.0
2018-12-31,-15.0
2019-01-01,-15.0
2019-01-02,-15.0
2019-01-03,-15.0
2019-01-04,-15.0
2019-01-05,-15.0
2019-01-06,-15.0
2019-01-07,-15.0
2019-01-08,-15.0
2019-01-09,-15.0
2019-01-10,-15.0
2019-01-11,-15.0
2019-01-12,-15.0
2019-01-13,-15.0
2019-01-14,-15.0
2019-01-15,-15.0
2019-01-16,-15.0
2019-01-17,-15.0
2019-01-18,-15.0
2019-01-19,-15.0
2019-01-20,-15.0
2019-01-21,-15.0
2019-01-22,-15.0
2019-01-23,-15.0
2019-01-24,-15.0
2019-01-25,-15.0
2019-01-26,-15.0
2019-01-27,-15.0
2019-01-28,-15.0
2019-01-29,-15.0
2019-01-30,-15.0
2019-01-31,-15.0
2019-02-01,-15.0
2019-02-02,-15.0
2019-02-03,-15.0
2019-02-04,-15.0
2019-02-05,-15.0
2019-02-06,-15.0
2019-02-07,-15.0
2019-02-08,-15.0
2019-02-09,-15.0
2019-02-10,-15.0
2019-02-11,86.54166666666667
2019-02-12,60.666666666666664
2019-02-13,17.208333333333332
2019-02-14,21.875
2019-02-15,22.5
2019-02-16,21.333333333333332
2019-02-17,19.625
2019-02-18,15.583333333333334
2019-02-19,15.166666666666666
2019-02-20,13.416666666666666
2019-02-21,5.75
2019-02-22,128.375
2019-02-23,938.8333333333334
2019-02-24,942.5833333333334
2019-02-25,942.4583333333334
2019-02-26,942.5833333333334
2019-02-27,922.0833333333334
2019-02-28,915.9583333333334
2019-03-01,910.9583333333334
2019-03-02,904.2083333333334
2019-03-03,905.8333333333334
2019-03-04,915.5416666666666
2019-03-05,438.6666666666667
2019-03-06,23.5
2019-03-07,2.5294117647058822
2019-03-08,-13.25
2019-03-09,-15.0
2019-03-10,-15.0
2019-03-11,-13.5
2019-03-12,-13.041666666666666
2019-03-13,-2.6956521739130435
2019-03-14,8.291666666666666
2019-03-15,287.3333333333333
2019-03-16,786.9166666666666
2019-03-17,661.9166666666666
2019-03-18,347.0416666666667
2019-03-19,102.91666666666667
2019-03-20,16.541666666666668
2019-03-21,15.75
2019-03-22,17.25
2019-03-23,20.208333333333332
2019-03-24,20.708333333333332
2019-03-25,21.125
2019-03-26,24.5
2019-03-27,21.291666666666668
2019-03-28,25.208333333333332
2019-03-29,26.166666666666668
2019-03-30,29.375
2019-03-31,28.916666666666668
2019-04-01,33.0
2019-04-02,27.375
2019-04-03,32.291666666666664
2019-04-04,30.25
2019-04-05,25.916666666666668
2019-04-06,25.875
2019-04-07,26.041666666666668
2019-04-08,24.5
2019-04-09,22.083333333333332
2019-04-10,27.333333333333332
2019-04-11,23.208333333333332
2019-04-12,27.083333333333332
2019-04-13,20.708333333333332
2019-04-14,31.875
2019-04-15,32.666666666666664
2019-04-16,30.666666666666668
2019-04-17,16.708333333333332
2019-04-18,22.166666666666668
2019-04-19,22.0
2019-04-20,35.75
2019-04-21,29.458333333333332
2019-04-22,38.875
2019-04-23,42.291666666666664
2019-04-24,33.125
2019-04-25,36.625
2019-04-26,43.833333333333336
2019-04-27,40.833333333333336
2019-04-28,41.833333333333336
2019-04-29,50.833333333333336
2019-04-30,52.916666666666664
2019-05-01,42.416666666666664
2019-05-02,36.25
2019-05-03,48.333333333333336
2019-05-04,43.708333333333336
2019-05-05,42.458333333333336
2019-05-06,26.583333333333332
2019-05-07,25.916666666666668
2019-05-08,32.041666666666664
2019-05-09,37.541666666666664
2019-05-10,65.5
2019-05-11,47.958333333333336
2019-05-12,60.958333333333336
2019-05-13,57.583333333333336
2019-05-14,48.583333333333336
2019-05-15,43.333333333333336
2019-05-16,52.75
2019-05-17,41.083333333333336
2019-05-18,38.291666666666664
2019-05-19,28.5
2019-05-20,40.5
2019-05-21,34.25
2019-05-22,153.0
2019-05-23,469.9583333333333
2019-05-24,36.25
2019-05-25,39.0
2019-05-26,35.041666666666664
2019-05-27,34.625
2019-05-28,33.958333333333336
2019-05-29,33.541666666666664
2019-05-30,27.666666666666668
2019-05-31,25.541666666666668
2019-06-01,19.25
2019-06-02,15.583333333333334
2019-06-03,13.583333333333334
2019-06-04,10.5
2019-06-05,10.625
2019-06-06,14.416666666666666
2019-06-07,16.916666666666668
2019-06-08,14.125
2019-06-09,16.125
2019-06-10,16.416666666666668
2019-06-11,16.333333333333332
2019-06-12,24.208333333333332
2019-06-13,13.833333333333334
2019-06-14,13.4
2019-06-17,84.46666666666667
2019-06-18,18.208333333333332
2019-06-19,13.958333333333334
2019-06-20,20.708333333333332
2019-06-21,25.958333333333332
2019-06-22,21.958333333333332
2019-06-23,12.875
2019-06-24,9.5
2019-06-25,8.0
2019-06-26,11.5
2019-06-27,15.166666666666666
2019-06-28,11.125
2019-06-29,13.291666666666666
2019-06-30,12.833333333333334
2019-07-01,10.208333333333334
2019-07-02,15.208333333333334
2019-07-03,13.25
2019-07-04,16.333333333333332
2019-07-05,21.875
2019-07-06,22.0
2019-07-07,10.125
2019-07-08,11.708333333333334
2019-07-09,18.541666666666668
2019-07-10,19.583333333333332
2019-07-11,14.541666666666666
2019-07-12,8.791666666666666
2019-07-13,10.416666666666666
2019-07-14,15.916666666666666
2019-07-15,14.666666666666666
2019-07-16,14.333333333333334
2019-07-17,18.666666666666668
2019-07-18,14.333333333333334
2019-07-19,12.166666666666666
2019-07-20,14.875
2019-07-21,15.5
2019-07-22,14.833333333333334
2019-07-23,16.625
2019-07-24,15.416666666666666
2019-07-25,14.416666666666666
2019-07-26,20.416666666666668
2019-07-27,16.791666666666668
2019-07-28,15.958333333333334
2019-07-29,16.041666666666668
2019-07-30,13.333333333333334
2019-07-31,19.083333333333332
2019-08-01,20.782608695652176
2019-08-02,15.625
2019-08-03,14.833333333333334
2019-08-04,20.125
2019-08-05,13.0
2019-08-06,10.25
2019-08-07,10.291666666666666
2019-08-08,10.25
2019-08-09,59.0
2019-08-10,14.708333333333334
2019-08-11,6.833333333333333
2019-08-12,8.541666666666666
2019-08-13,7.958333333333333
2019-08-14,18.0
2019-08-15,58.625
2019-08-16,19.625
2019-08-17,17.833333333333332
2019-08-18,13.791666666666666
2019-08-19,20.291666666666668
2019-08-20,13.583333333333334
2019-08-21,8.833333333333334
2019-08-22,1.2916666666666667
2019-08-23,2.9166666666666665
2019-08-24,8.291666666666666
2019-08-25,12.708333333333334
2019-08-26,16.375
2019-08-27,12.875
2019-08-28,26.75
2019-08-29,23.375
2019-08-30,19.708333333333332
2019-08-31,16.375
2019-09-01,14.5
2019-09-02,13.916666666666666
2019-09-03,11.208333333333334
2019-09-04,20.0
2019-09-05,21.958333333333332
2019-09-06,25.083333333333332
2019-09-07,21.458333333333332
2019-09-08,18.291666666666668
2019-09-09,11.75
2019-09-10,7.956521739130435
2019-09-11,9.25
2019-09-12,6.75
2019-09-13,9.772727272727273
2019-09-14,11.625
2019-09-15,13.416666666666666
2019-09-16,11.583333333333334
2019-09-17,20.416666666666668
2019-09-18,9.833333333333334
2019-09-19,7.958333333333333
2019-09-20,6.130434782608695
2019-09-21,6.391304347826087
2019-09-22,8.619047619047619
2019-09-23,12.333333333333334
2019-09-24,17.166666666666668
2019-09-25,21.375
2019-09-26,20.583333333333332
2019-09-27,22.791666666666668
2019-09-28,24.041666666666668
2019-09-29,13.363636363636363
2019-09-30,-0.18181818181818182
2019-10-01,-2.6956521739130435
2019-10-02,-2.625
2019-10-03,7.791666666666667
2019-10-04,8.173913043478262
2019-10-05,17.041666666666668
2019-10-06,17.791666666666668
2019-10-07,12.666666666666666
2019-10-08,3.4166666666666665
2019-10-09,-9.0
2019-10-10,11.958333333333334
2019-10-11,5.916666666666667
2019-10-12,3.0434782608695654
2019-10-13,2.9565217391304346
2019-10-14,5.0
2019-10-15,172.45833333333334
2019-10-16,18.625
2019-10-17,5.75
2019-10-18,9.041666666666666
2019-10-19,8.791666666666666
2019-10-20,6.739130434782608
2019-10-21,8.181818181818182
2019-10-22,16.625
2019-10-23,9.791666666666666
2019-10-24,18.541666666666668
2019-10-25,17.458333333333332
2019-10-26,19.208333333333332
2019-10-27,16.875
2019-10-28,20.166666666666668
2019-10-29,17.416666666666668
2019-10-30,15.75
2019-10-31,11.958333333333334
2019-11-01,9.375
2019-11-02,13.625
2019-11-03,9.625
2019-11-04,13.5
2019-11-05,13.541666666666666
2019-11-06,16.458333333333332
2019-11-07,81.95238095238095
2019-11-08,9.533333333333333
2019-11-09,11.041666666666666
2019-11-10,13.083333333333334
2019-11-11,17.083333333333332
2019-11-12,22.208333333333332
2019-11-13,11.291666666666666
2019-11-14,9.958333333333334
2019-11-15,16.875
2019-11-16,16.125
2019-11-17,20.041666666666668
2019-11-18,19.583333333333332
2019-11-19,16.083333333333332
2019-11-20,17.875
2019-11-21,18.416666666666668
2019-11-22,18.833333333333332
2019-11-23,16.75
2019-11-24,26.166666666666668
2019-11-25,19.833333333333332
2019-11-26,25.708333333333332
2019-11-27,28.041666666666668
2019-11-28,21.75
2019-11-29,24.458333333333332
2019-11-30,24.125
2019-12-01,22.0
2019-12-02,22.333333333333332
2019-12-03,24.958333333333332
2019-12-04,26.291666666666668
2019-12-05,23.0
2019-12-06,25.666666666666668
2019-12-07,23.041666666666668
2019-12-08,22.458333333333332
2019-12-09,22.416666666666668
2019-12-10,23.708333333333332
2019-12-11,24.333333333333332
2019-12-12,23.0
2019-12-13,17.458333333333332
2019-12-14,19.333333333333332
2019-12-15,24.458333333333332
2019-12-16,17.75
2019-12-17,19.458333333333332
2019-12-18,21.208333333333332
2019-12-19,26.083333333333332
2019-12-20,64.20833333333333
2019-12-21,30.166666666666668
2019-12-22,11.666666666666666
2019-12-23,22.625
2019-12-24,20.041666666666668
2019-12-25,42.19047619047619
2019-12-26,17.0
2019-12-27,17.916666666666668
2019-12-28,15.041666666666666
2019-12-29,16.375
2019-12-30,12.041666666666666
2019-12-31,19.666666666666668
2020-01-01,29.833333333333332
2020-01-02,6.083333333333333
2020-01-03,8.291666666666666
2020-01-04,21.333333333333332
2020-01-06,19.77777777777778
2020-01-07,30.25
2020-01-08,28.291666666666668
2020-01-09,23.0
2020-01-10,24.166666666666668
2020-01-11,21.416666666666668
2020-01-12,21.791666666666668
2020-01-13,21.5
2020-01-14,17.933333333333334
2020-01-15,18.0
2020-01-16,25.375
2020-01-17,21.291666666666668
2020-01-18,22.125
2020-01-19,15.375
2020-01-20,9.875
2020-01-21,22.833333333333332
2020-01-22,18.0
2020-01-23,21.708333333333332
2020-01-24,16.333333333333332
2020-01-25,16.041666666666668
2020-01-26,16.791666666666668
2020-01-27,14.041666666666666
2020-01-28,18.666666666666668
2020-01-29,14.083333333333334
2020-01-30,11.583333333333334
2020-01-31,12.291666666666666
2020-02-01,21.0
2020-02-04,12.666666666666666
2020-02-05,86.08333333333333
2020-02-06,166.125
2020-02-07,413.7916666666667
2020-02-08,-9.458333333333334
2020-02-09,-7.826086956521739
2020-02-10,-1.4090909090909092
2020-02-11,-1.0416666666666667
2020-02-12,5.791666666666667
2020-02-13,2.25
2020-02-14,31.791666666666668
2020-02-15,-0.375
2020-02-16,-12.708333333333334
2020-02-17,87.08333333333333
2020-02-18,59.625
2020-02-19,22.333333333333332
2020-02-20,24.125
2020-02-21,21.875
2020-02-22,14.458333333333334
2020-02-23,20.625
2020-02-24,59.5
2020-02-25,17.458333333333332
2020-02-26,13.125
2020-02-27,10.666666666666666
2020-02-28,15.333333333333334
2020-02-29,19.291666666666668
2020-03-01,20.041666666666668
2020-03-02,18.958333333333332
2020-03-03,16.625
2020-03-04,11.208333333333334
2020-03-05,15.833333333333334
2020-03-06,15.041666666666666
2020-03-07,18.75
2020-03-08,20.708333333333332
2020-03-09,24.1875
2020-03-10,22.266666666666666
2020-03-11,23.333333333333332
2020-03-12,24.833333333333332
2020-03-13,25.75
2020-03-14,23.875
2020-03-15,17.875
2020-03-16,24.083333333333332
2020-03-17,21.583333333333332
2020-03-18,20.291666666666668
2020-03-19,22.083333333333332
2020-03-20,21.875
2020-03-21,20.916666666666668
2020-03-22,20.958333333333332
2020-03-23,19.875
2020-03-24,17.291666666666668
2020-03-25,28.0
2020-03-26,19.291666666666668
2020-03-27,18.25
2020-03-28,17.333333333333332
2020-03-29,21.5
2020-03-30,19.0
2020-03-31,18.708333333333332
2020-04-01,19.444444444444443
2020-04-02,18.0
2020-04-03,20.833333333333332
2020-04-04,17.625
2020-04-05,19.083333333333332
2020-04-06,12.291666666666666
2020-04-07,13.583333333333334
2020-04-08,15.458333333333334
2020-04-09,18.416666666666668
2020-04-10,20.0
2020-04-11,17.708333333333332
2020-04-12,9.125
2020-04-13,15.0
2020-04-14,32.291666666666664
2020-04-15,31.791666666666668
2020-04-16,31.875
2020-04-17,22.5
2020-04-18,27.666666666666668
2020-04-19,25.0
2020-04-20,28.541666666666668
2020-04-21,20.083333333333332
2020-04-22,24.583333333333332
2020-04-23,24.458333333333332
2020-04-24,23.083333333333332
2020-04-25,22.541666666666668
2020-04-26,22.916666666666668
2020-04-27,21.541666666666668
2020-04-28,25.708333333333332
2020-04-29,31.583333333333332
2020-04-30,53.875
2020-05-01,20.791666666666668
2020-05-02,22.25
2020-05-03,30.708333333333332
2020-05-04,34.833333333333336
2020-05-05,20.583333333333332
2020-05-06,12.125
2020-05-07,19.416666666666668
2020-05-08,25.375
2020-05-09,19.25
2020-05-10,16.916666666666668
2020-05-11,16.25
2020-05-12,27.5
2020-05-13,28.5
2020-05-14,24.958333333333332
2020-05-15,21.25
2020-05-16,20.583333333333332
2020-05-17,24.458333333333332
2020-05-18,30.875
2020-05-19,43.291666666666664
2020-05-20,41.791666666666664
2020-05-21,38.916666666666664
2020-05-22,23.583333333333332
2020-05-23,29.416666666666668
2020-05-24,19.833333333333332
2020-05-25,17.916666666666668
2020-05-26,20.25
2020-05-27,19.083333333333332
2020-05-28,27.583333333333332
2020-05-29,24.458333333333332
2020-05-30,8.166666666666666
2020-05-31,12.791666666666666
2020-06-01,19.083333333333332
2020-06-02,12.458333333333334
2020-06-03,8.75
2020-06-04,8.125
2020-06-05,12.041666666666666
2020-06-06,19.875
2020-06-07,9.25
2020-06-08,167.70833333333334
2020-06-09,14.125
2020-06-10,15.833333333333334
2020-06-11,12.541666666666666
2020-06-12,5.625
2020-06-13,7.833333333333333
2020-06-14,11.916666666666666
2020-06-15,123.58333333333333
2020-06-16,11.333333333333334
2020-06-17,18.791666666666668
2020-06-18,19.208333333333332
2020-06-19,17.708333333333332
2020-06-20,60.208333333333336
2020-06-21,409.125
2020-06-22,384.9583333333333
2020-06-23,10.708333333333334
2020-06-24,13.791666666666666
2020-06-25,5.625
2020-06-26,12.125
2020-06-27,21.625
2020-06-28,26.291666666666668
2020-06-29,22.291666666666668
2020-06-30,21.75
2020-07-01,10.333333333333334
2020-07-02,11.583333333333334
2020-07-03,17.708333333333332
2020-07-04,11.208333333333334
2020-07-05,11.875
2020-07-06,136.69565217391303
2020-07-07,3.3333333333333335
2020-07-08,2.4782608695652173
2020-07-09,7.869565217391305
2020-07-10,7.875
2020-07-11,11.375
2020-07-12,9.25
2020-07-13,12.478260869565217
2020-07-14,14.541666666666666
2020-07-15,11.041666666666666
2020-07-16,14.25
2020-07-17,16.875
2020-07-18,14.791666666666666
2020-07-19,17.416666666666668
2020-07-20,15.25
2020-07-21,13.791666666666666
2020-07-22,12.291666666666666
2020-07-23,9.666666666666666
2020-07-24,9.416666666666666
2020-07-25,12.041666666666666
2020-07-26,64.83333333333333
2020-07-27,6.375
2020-07-28,7.045454545454546
2020-07-29,4.958333333333333
2020-07-30,9.875
2020-07-31,12.4375
2020-08-03,193.58823529411765
2020-08-04,16.75
2020-08-05,17.208333333333332
2020-08-06,12.458333333333334
2020-08-07,10.0
2020-08-08,5.0
2020-08-09,4.958333333333333
2020-08-10,7.125
2020-08-11,9.125
2020-08-12,8.833333333333334
2020-08-13,7.0
2020-08-14,7.541666666666667
2020-08-15,10.75
2020-08-16,7.125
2020-08-17,13.166666666666666
2020-08-18,11.083333333333334
2020-08-19,11.833333333333334
2020-08-20,9.708333333333334
2020-08-21,14.25
2020-08-22,16.25
2020-08-23,12.458333333333334
2020-08-24,13.375
2020-08-25,0.0
2020-08-26,132.79166666666666
2020-08-27,4.478260869565218
2020-08-28,7.708333333333333
2020-08-29,456.75
2020-08-30,294.3333333333333
2020-08-31,8.652173913043478
2020-09-01,61.611111111111114
2020-09-02,45.59090909090909
2020-09-03,69.3157894736842
2020-09-18,128.30769230769232
2020-09-19,6.333333333333333
2020-09-20,6.956521739130435
2020-09-21,9.541666666666666
2020-09-22,10.117647058823529
2020-09-23,12.583333333333334
2020-09-24,12.875
2020-09-25,17.041666666666668
2020-09-26,17.166666666666668
2020-09-27,15.916666666666666
2020-09-28,15.291666666666666
2020-09-29,10.833333333333334
2020-09-30,10.416666666666666
2020-10-01,12.708333333333334
2020-10-02,59.125
2020-10-03,13.625
2020-10-04,14.833333333333334
2020-10-05,17.791666666666668
2020-10-06,13.791666666666666
2020-10-07,15.208333333333334
2020-10-08,17.375
2020-10-09,23.0
2020-10-10,24.208333333333332
2020-10-11,19.333333333333332
2020-10-12,11.541666666666666
2020-10-13,17.125
2020-10-14,16.166666666666668
2020-10-15,15.583333333333334
2020-10-16,11.5
2020-10-17,8.090909090909092
2020-10-18,11.791666666666666
2020-10-19,11.291666666666666
2020-10-20,297.125
2020-10-21,5.0476190476190474
2020-10-22,300.4583333333333
2020-10-23,43.958333333333336
2020-10-24,12.291666666666666
2020-10-25,9.958333333333334
2020-10-26,11.708333333333334
2020-10-27,14.583333333333334
2020-10-28,15.708333333333334
2020-10-29,16.625
2020-10-30,14.208333333333334
2020-10-31,14.458333333333334
2020-11-01,9.708333333333334
2020-11-02,8.125
2020-11-03,12.083333333333334
2020-11-04,9.291666666666666
2020-11-05,10.75
2020-11-06,95.25
2020-11-07,16.583333333333332
2020-11-08,14.0
2020-11-09,13.625
2020-11-10,18.041666666666668
2020-11-11,17.875
2020-11-12,20.958333333333332
2020-11-13,22.416666666666668
2020-11-14,22.0
2020-11-15,18.916666666666668
2020-11-16,11.291666666666666
2020-11-17,8.5
2020-11-18,6.166666666666667
2020-11-19,11.0
2020-11-20,13.5
2020-11-21,11.25
2020-11-22,9.833333333333334
2020-11-23,10.458333333333334
2020-11-24,16.125
2020-11-25,24.75
2020-11-26,21.875
2020-11-27,24.291666666666668
2020-11-28,23.333333333333332
2020-11-29,26.083333333333332
2020-11-30,22.25
2020-12-01,20.583333333333332
2020-12-02,16.416666666666668
2020-12-03,15.958333333333334
2020-12-04,15.291666666666666
2020-12-05,11.25
2020-12-06,13.958333333333334
2020-12-07,15.208333333333334
2020-12-08,20.458333333333332
2020-12-09,17.375
2020-12-10,16.875
2020-12-11,13.291666666666666
2020-12-12,13.916666666666666
2020-12-13,13.166666666666666
2020-12-14,13.916666666666666
2020-12-15,15.083333333333334
2020-12-16,15.208333333333334
2020-12-17,16.166666666666668
2020-12-18,17.208333333333332
2020-12-19,19.166666666666668
2020-12-20,20.666666666666668
2020-12-21,22.458333333333332
2020-12-22,18.208333333333332
2020-12-23,21.736842105263158
2020-12-24,21.214285714285715
2020-12-25,29.208333333333332
2020-12-26,17.791666666666668
2020-12-27,16.166666666666668
2020-12-28,17.583333333333332
2020-12-29,19.833333333333332
2020-12-30,17.875
2020-12-31,6.608695652173913
2021-01-01,20.583333333333332
2021-01-02,17.791666666666668
2021-01-03,13.625
2021-01-04,161.0
2021-01-05,97.08333333333333
2021-01-06,55.208333333333336
2021-01-07,139.45833333333334
2021-01-08,140.16666666666666
2021-01-09,13.083333333333334
2021-01-10,15.291666666666666
2021-01-11,14.083333333333334
2021-01-12,254.0
2021-01-13,14.125
2021-01-14,13.541666666666666
2021-01-15,21.208333333333332
2021-01-16,20.291666666666668
2021-01-17,20.333333333333332
2021-01-18,16.125
2021-01-19,15.291666666666666
2021-01-20,18.791666666666668
2021-01-21,13.833333333333334
2021-01-22,18.791666666666668
2021-01-23,21.0
2021-01-24,17.833333333333332
2021-01-25,66.0
2021-01-26,15.916666666666666
2021-01-27,18.5
2021-01-28,12.5
2021-01-29,16.208333333333332
2021-01-30,20.708333333333332
2021-01-31,20.0
2021-02-01,57.083333333333336
2021-02-02,136.20833333333334
2021-02-03,123.625
2021-02-04,26.75
2021-02-05,24.458333333333332
2021-02-06,19.333333333333332
2021-02-07,19.916666666666668
2021-02-08,17.625
2021-02-09,19.75
2021-02-10,20.333333333333332
2021-02-11,20.083333333333332
2021-02-12,14.458333333333334
2021-02-13,6.125
2021-02-14,15.875
2021-02-15,14.625
2021-02-16,12.0
2021-02-17,19.625
2021-02-18,18.916666666666668
2021-02-19,21.583333333333332
2021-02-20,19.708333333333332
2021-02-21,20.0
2021-02-22,20.083333333333332
2021-02-23,30.291666666666668
2021-02-24,65.45833333333333
2021-02-25,380.9166666666667
2021-02-26,24.708333333333332
2021-02-27,28.666666666666668
2021-02-28,23.375
2021-03-01,25.875
2021-03-02,26.875
2021-03-03,23.583333333333332
2021-03-04,30.0
2021-03-05,27.125
2021-03-06,32.375
2021-03-07,26.291666666666668
2021-03-08,26.75
2021-03-09,16.333333333333332
2021-03-10,20.25
2021-03-11,22.416666666666668
2021-03-12,25.166666666666668
2021-03-13,26.125
2021-03-14,21.833333333333332
2021-03-15,20.958333333333332
2021-03-16,18.833333333333332
2021-03-17,18.916666666666668
2021-03-18,22.666666666666668
2021-03-19,66.04166666666667
2021-03-20,23.875
2021-03-21,20.958333333333332
2021-03-22,18.166666666666668
2021-03-23,17.75
2021-03-24,23.041666666666668
2021-03-25,18.041666666666668
2021-03-26,15.458333333333334
2021-03-27,19.75
2021-03-28,25.375
2021-03-29,27.625
2021-03-30,26.291666666666668
2021-03-31,32.416666666666664
2021-04-01,20.375
2021-04-02,8.583333333333334
2021-04-03,9.875
2021-04-04,14.041666666666666
2021-04-05,21.958333333333332
2021-04-06,46.91304347826087
2021-04-07,17.791666666666668
2021-04-08,19.166666666666668
2021-04-09,20.166666666666668
2021-04-10,21.0
2021-04-11,36.416666666666664
2021-04-12,28.083333333333332
2021-04-13,24.958333333333332
2021-04-14,21.666666666666668
2021-04-15,26.666666666666668
2021-04-16,29.5
2021-04-17,34.0
2021-04-18,21.541666666666668
2021-04-19,23.875
2021-04-20,28.416666666666668
2021-04-21,33.333333333333336
2021-04-22,38.083333333333336
2021-04-23,46.708333333333336
2021-04-24,51.0
2021-04-25,41.083333333333336
2021-04-26,40.75
2021-04-27,40.583333333333336
2021-04-28,42.75
2021-04-29,40.208333333333336
2021-04-30,34.458333333333336
2021-05-01,29.166666666666668
2021-05-02,17.416666666666668
2021-05-03,24.333333333333332
2021-05-04,25.416666666666668
2021-05-05,31.166666666666668
2021-05-06,24.291666666666668
2021-05-07,22.208333333333332
2021-05-08,28.333333333333332
2021-05-09,31.583333333333332
2021-05-10,18.541666666666668
2021-05-11,25.333333333333332
2021-05-12,27.958333333333332
2021-05-13,9.541666666666666
2021-05-14,86.19047619047619
2021-05-15,15.041666666666666
2021-05-16,18.625
2021-05-17,28.625
2021-05-18,25.166666666666668
2021-05-19,21.833333333333332
2021-05-20,20.666666666666668
2021-05-21,23.375
2021-05-22,34.791666666666664
2021-05-23,33.333333333333336
2021-05-24,302.125
2021-05-25,28.791666666666668
2021-05-26,31.708333333333332
2021-05-27,31.291666666666668
2021-05-28,31.166666666666668
2021-05-29,22.458333333333332
2021-05-30,20.375
2021-05-31,25.208333333333332
2021-06-01,21.208333333333332
2021-06-02,20.75
2021-06-03,13.208333333333334
2021-06-04,16.458333333333332
2021-06-05,15.541666666666666
2021-06-06,14.5
2021-06-07,19.041666666666668
2021-06-08,17.208333333333332
2021-06-09,24.125
2021-06-10,16.458333333333332
2021-06-11,13.25
2021-06-12,16.041666666666668
2021-06-13,10.5
2021-06-14,6.875
2021-06-15,5.666666666666667
2021-06-16,6.333333333333333
2021-06-17,5.625
2021-06-18,7.75
2021-06-19,6.916666666666667
2021-06-20,5.260869565217392
2021-06-21,11.416666666666666
2021-06-22,16.291666666666668
2021-06-23,11.0
2021-06-24,13.583333333333334
2021-06-25,9.541666666666666
2021-06-26,5.125
2021-06-27,4.636363636363637
2021-06-28,5.791666666666667
2021-06-29,7.125
2021-06-30,10.0
2021-07-01,8.916666666666666
2021-07-02,8.434782608695652
2021-07-03,4.833333333333333
2021-07-04,8.541666666666666
2021-07-05,11.041666666666666
2021-07-06,14.0
2021-07-07,13.583333333333334
2021-07-08,11.541666666666666
2021-07-09,7.291666666666667
2021-07-10,9.5
2021-07-11,9.666666666666666
2021-07-12,13.208333333333334
2021-07-13,16.208333333333332
2021-07-14,14.458333333333334
2021-07-15,14.5
2021-07-16,14.666666666666666
2021-07-17,21.625
2021-07-18,16.791666666666668
2021-07-19,10.458333333333334
2021-07-20,15.125
2021-07-21,15.333333333333334
2021-07-22,14.916666666666666
2021-07-23,22.875
2021-07-24,20.125
2021-07-25,15.583333333333334
2021-07-26,15.041666666666666
2021-07-27,17.333333333333332
2021-07-28,176.95833333333334
2021-07-29,428.5
2021-07-30,11.666666666666666
2021-07-31,11.375
2021-08-01,14.458333333333334
2021-08-02,14.958333333333334
2021-08-03,18.791666666666668
2021-08-04,17.333333333333332
2021-08-05,14.583333333333334
2021-08-06,14.416666666666666
2021-08-07,13.875
2021-08-08,11.208333333333334
2021-08-09,11.75
2021-08-10,15.0
2021-08-11,12.208333333333334
2021-08-12,14.541666666666666
2021-08-13,17.041666666666668
2021-08-14,14.583333333333334
2021-08-15,16.333333333333332
2021-08-16,13.166666666666666
2021-08-17,12.666666666666666
2021-08-18,18.416666666666668
2021-08-19,21.208333333333332
2021-08-20,14.125
2021-08-21,6.666666666666667
2021-08-22,10.5
2021-08-23,14.291666666666666
2021-08-24,14.875
2021-08-25,10.833333333333334
2021-08-26,12.458333333333334
2021-08-27,14.458333333333334
2021-08-28,4.625
2021-08-29,5.666666666666667
2021-08-30,7.875
2021-08-31,7.666666666666667
2021-09-01,7.541666666666667
2021-09-02,7.166666666666667
2021-09-03,8.791666666666666
2021-09-04,7.875
2021-09-05,9.25
2021-09-06,9.5
2021-09-07,8.541666666666666
2021-09-08,14.875
2021-09-09,13.647058823529411
2021-09-10,12.294117647058824
2021-09-11,8.333333333333334
2021-09-12,7.833333333333333
2021-09-13,7.583333333333333
2021-09-14,7.333333333333333
2021-09-15,7.875
2021-09-16,8.26086956521739
2021-09-17,10.125
2021-09-18,10.958333333333334
2021-09-19,9.0
2021-09-20,12.875
2021-09-21,13.083333333333334
2021-09-22,12.541666666666666
2021-09-23,9.0
2021-09-24,13.166666666666666
2021-09-25,16.291666666666668
2021-09-26,15.541666666666666
2021-09-27,11.0
2021-09-28,11.166666666666666
2021-09-29,44.125
2021-09-30,381.8333333333333
2021-10-01,11.125
2021-10-02,12.875
2021-10-03,9.458333333333334
2021-10-04,9.75
2021-10-05,9.25
2021-10-06,8.666666666666666
2021-10-07,14.117647058823529
2021-10-08,9.708333333333334
2021-10-09,13.5
2021-10-10,9.583333333333334
2021-10-11,13.458333333333334
2021-10-12,12.416666666666666
2021-10-13,12.5
2021-10-14,13.458333333333334
2021-10-15,16.375
2021-10-16,15.875
2021-10-17,4.916666666666667
2021-10-18,11.875
2021-10-19,13.291666666666666
2021-10-20,15.833333333333334
2021-10-21,12.75
2021-10-22,12.916666666666666
2021-10-23,13.958333333333334
2021-10-24,12.75
2021-10-25,10.043478260869565
2021-10-26,11.291666666666666
2021-10-27,10.875
2021-10-28,13.875
2021-10-29,17.208333333333332
2021-10-30,14.583333333333334
2021-10-31,14.166666666666666
2021-11-01,15.708333333333334
2021-11-02,15.458333333333334
2021-11-03,13.291666666666666
2021-11-04,18.5
2021-11-05,18.75
2021-11-06,15.333333333333334
2021-11-07,15.25
2021-11-08,11.875
2022-03-14,985.125
2022-03-15,985.0
2022-03-16,440.9375
2022-03-17,502.0
2022-03-18,985.0
2022-03-19,985.0
2022-03-20,985.0
2022-03-21,985.0
2022-03-22,460.8333333333333
2022-03-23,17.541666666666668
2022-03-24,21.833333333333332
2022-03-25,23.333333333333332
2022-03-26,21.166666666666668
2022-03-27,18.25
2022-03-28,21.666666666666668
2022-03-29,23.625
2022-03-30,19.375
2022-03-31,24.083333333333332
2022-04-01,21.0
2022-04-02,18.875
2022-04-03,20.125
2022-04-04,58.291666666666664
2022-04-05,58.91304347826087
2022-04-06,27.25
2022-04-07,26.083333333333332
2022-04-08,23.0
2022-04-09,25.041666666666668
2022-04-10,19.416666666666668
2022-04-11,25.458333333333332
2022-04-12,19.625
2022-04-13,18.375
2022-04-14,23.208333333333332
2022-04-15,700.0416666666666
2022-04-16,985.0
2022-04-17,985.0
2022-04-18,464.625
2022-04-19,39.27272727272727
2022-04-20,70.95833333333333
2022-04-21,28.333333333333332
2022-04-22,23.333333333333332
2022-04-23,25.25
2022-04-24,22.291666666666668
2022-04-25,25.416666666666668
2022-04-26,25.291666666666668
2022-04-27,10.458333333333334
2022-04-28,19.125
2022-04-29,26.25
2022-04-30,32.166666666666664
2022-05-01,21.5
2022-05-02,53.166666666666664
2022-05-03,44.375
2022-05-04,48.875
2022-05-05,37.583333333333336
2022-05-06,32.416666666666664
2022-05-07,31.416666666666668
2022-05-08,36.083333333333336
2022-05-09,27.375
2022-05-10,25.833333333333332
2022-05-11,24.083333333333332
2022-05-12,14.625
2022-05-13,23.5
2022-05-14,33.25
2022-05-15,23.958333333333332
2022-05-16,27.958333333333332
2022-05-17,30.166666666666668
2022-05-23,19.0
2022-05-24,584.0
2022-05-25,985.0
2022-05-26,985.0
2022-06-01,985.0
2022-06-02,985.0
2022-06-03,985.0
2022-06-04,985.0
2022-06-05,985.0
2022-06-06,440.125
2022-06-07,-14.875
2022-06-08,-14.916666666666666
2022-06-09,-14.958333333333334
2022-06-10,-14.916666666666666
2022-06-11,-14.833333333333334
2022-06-12,-14.875
2022-06-13,-14.958333333333334
2022-06-14,-14.958333333333334
2022-06-15,-15.0
2022-06-16,-15.0
2022-06-17,-15.0
2022-06-18,-15.0
2022-06-19,-14.958333333333334
2022-06-20,-14.958333333333334
2022-06-21,-15.0
2022-06-22,-14.958333333333334
2022-06-23,-15.0
2022-06-24,-15.0
2022-06-25,-15.0
2022-06-26,-15.0
2022-06-27,-15.0
2022-06-29,-15.0
2022-06-30,-14.833333333333334
2022-07-01,-14.956521739130435
2022-07-02,-15.0
2022-07-03,-14.916666666666666
2022-07-04,-14.916666666666666
2022-07-05,-13.666666666666666
2022-07-06,-14.916666666666666
2022-07-07,-15.0
2022-07-08,-15.0
2022-07-09,-15.0
2022-07-10,-15.0
2022-07-11,-14.916666666666666
2022-07-12,-14.875
2022-07-13,-14.958333333333334
2022-07-14,-14.958333333333334
2022-07-15,-15.0
2022-07-16,-15.0
2022-07-17,-15.0
2022-07-18,-15.0
2022-07-19,-15.0
2022-07-20,-14.958333333333334
2022-07-21,-14.916666666666666
2022-07-22,-14.916666666666666
2022-07-23,-15.0
2022-07-24,-15.0
2022-07-25,-15.0
2022-07-26,-14.958333333333334
2022-07-27,-14.958333333333334
2022-07-28,-15.0
2022-07-29,-15.0
2022-07-30,-15.0
2022-07-31,-15.0
2022-08-01,-15.0
2022-08-02,-15.0
2022-08-03,-14.958333333333334
2022-08-04,-14.875
2022-08-05,-14.916666666666666
2022-08-06,-15.0
2022-08-07,-15.0
2022-08-08,-14.875
2022-08-09,-15.0
2022-08-10,-14.958333333333334
2022-08-11,-15.0
2022-08-12,-14.958333333333334
2022-08-13,-15.0
2022-08-14,-15.0
2022-08-15,-15.0
2022-08-16,-15.0
2022-08-17,-14.958333333333334
2022-08-18,-14.916666666666666
2022-08-19,-15.0
2022-08-20,-15.0
2022-08-21,-15.0
2022-08-22,-14.958333333333334
2022-08-23,-14.916666666666666
2022-08-24,-14.916666666666666
2022-08-25,-14.875
2022-08-26,-14.958333333333334
2022-08-27,-14.916666666666666
2022-08-28,-14.916666666666666
2022-08-29,-14.958333333333334
2022-08-30,-14.875
2022-08-31,-14.833333333333334
2022-09-01,-14.833333333333334
2022-09-02,-15.0
2022-09-03,-14.916666666666666
2022-09-04,-14.916666666666666
2022-09-05,-15.0
2022-09-06,-14.916666666666666
2022-09-27,251.57142857142858
2022-09-28,4.666666666666667
2022-09-29,87.25
2022-09-30,10.416666666666666
2022-10-01,16.083333333333332
2022-10-02,16.041666666666668
2022-10-03,377.7083333333333
2022-10-04,582.25
2022-10-05,11.083333333333334
2022-10-06,9.375
2022-10-07,11.666666666666666
2022-10-08,10.0
2022-10-09,6.083333333333333
2022-10-10,49.458333333333336
2022-10-11,252.25
2022-10-12,459.6666666666667
2022-10-13,15.291666666666666
2022-10-14,15.625
2022-10-15,18.5
2022-10-16,20.458333333333332
2022-10-17,17.5
2022-10-18,14.333333333333334
2022-10-19,9.0
2022-10-20,15.791666666666666
2022-10-21,16.958333333333332
2022-10-22,11.375
2022-10-23,11.583333333333334
2022-10-24,11.291666666666666
2022-10-25,15.25
2022-10-26,16.541666666666668
2022-10-27,19.5
2022-10-28,24.083333333333332
2022-10-29,23.208333333333332
2022-10-30,23.0
2022-10-31,23.25
2022-11-01,23.958333333333332
2022-11-02,23.041666666666668
2022-11-03,23.583333333333332
2022-11-04,26.75
2022-11-05,25.75
2022-11-06,21.583333333333332
2022-11-07,22.875
2022-11-08,21.791666666666668
2022-11-09,16.958333333333332
2022-11-10,21.625
2022-11-11,25.5
2022-11-12,30.458333333333332
2022-11-13,30.125
2022-11-14,21.75
2022-11-15,21.666666666666668
2022-11-16,25.25
2022-11-17,24.041666666666668
2022-11-18,22.333333333333332
2022-11-19,21.916666666666668
2022-11-20,22.375
2022-11-21,19.625
2022-11-22,17.458333333333332
2022-11-23,21.291666666666668
2022-11-24,25.666666666666668
2022-11-25,20.291666666666668
2022-11-26,16.208333333333332
2022-11-27,15.291666666666666
2022-11-28,292.5
2022-11-29,585.3333333333334
2022-11-30,17.5
2022-12-01,15.041666666666666
2022-12-02,17.0
2022-12-03,17.833333333333332
2022-12-04,8.416666666666666
2022-12-05,13.208333333333334
2022-12-06,18.083333333333332
2022-12-07,21.333333333333332
2022-12-08,22.291666666666668
2022-12-09,23.125
2022-12-10,24.5
2022-12-11,27.541666666666668
2022-12-12,28.083333333333332
2022-12-13,25.416666666666668
2022-12-14,215.08333333333334
2022-12-15,544.9583333333334
2022-12-16,18.916666666666668
2022-12-17,20.958333333333332
2022-12-18,16.25
2022-12-19,16.75
2022-12-20,20.041666666666668
2022-12-21,19.166666666666668
2022-12-22,20.208333333333332
2022-12-23,23.083333333333332
2022-12-24,23.458333333333332
2022-12-25,37.458333333333336
2022-12-26,15.333333333333334
2022-12-27,18.666666666666668
2022-12-28,17.125
2022-12-29,16.25
2022-12-30,14.708333333333334
2022-12-31,14.458333333333334
2023-01-01,31.916666666666668
2023-01-02,9.5
2023-01-03,15.166666666666666
2023-01-04,28.083333333333332
2023-01-05,43.083333333333336
2023-01-06,41.291666666666664
2023-01-07,44.083333333333336
2023-01-08,41.458333333333336
2023-01-09,41.333333333333336
2023-01-10,43.0
2023-01-11,35.0
2023-01-12,36.166666666666664
2023-01-13,52.25
2023-01-14,48.166666666666664
2023-01-15,44.75
2023-01-16,43.333333333333336
2023-01-17,41.375
2023-01-18,36.25
2023-01-19,38.875
2023-01-20,34.416666666666664
2023-01-21,32.416666666666664
2023-01-22,27.791666666666668
2023-01-23,28.291666666666668
2023-01-24,20.791666666666668
2023-01-25,22.583333333333332
2023-01-26,31.0
2023-01-27,33.416666666666664
2023-01-28,31.958333333333332
2023-01-29,34.25
2023-01-30,35.541666666666664
2023-01-31,34.916666666666664
2023-02-01,35.416666666666664
2023-02-02,30.5
2023-02-03,46.875
2023-02-04,41.583333333333336
2023-02-05,41.375
2023-02-06,38.25
2023-02-07,43.958333333333336
2023-02-08,41.875
2023-02-09,38.541666666666664
2023-02-10,40.041666666666664
2023-02-11,38.888888888888886
2023-02-13,37.07142857142857
2023-02-14,33.041666666666664
2023-02-15,26.666666666666668
2023-02-16,34.666666666666664
2023-02-17,80.25
2023-02-18,53.291666666666664
2023-02-19,30.708333333333332
2023-02-20,157.91666666666666
2023-02-21,584.6666666666666
2023-02-22,25.291666666666668
2023-02-23,30.666666666666668
2023-02-24,45.5
2023-02-25,41.75
2023-02-26,30.125
2023-02-27,45.625
2023-02-28,45.958333333333336
2023-03-01,35.875
2023-03-02,37.791666666666664
2023-03-03,34.291666666666664
2023-03-04,38.5
2023-03-05,34.541666666666664
2023-03-06,41.625
2023-03-07,41.75
2023-03-08,43.75
2023-03-09,45.625
2023-03-10,43.583333333333336
2023-03-11,48.041666666666664
2023-03-12,42.333333333333336
2023-03-13,44.875
2023-03-14,34.625
2023-03-15,29.625
2023-03-16,19.416666666666668
2023-03-17,25.875
2023-03-18,24.75
2023-03-19,16.875
2023-03-20,21.5
2023-03-21,22.791666666666668
2023-03-22,31.125
2023-03-23,35.166666666666664
2023-03-24,35.833333333333336
2023-03-25,34.666666666666664
2023-03-26,36.708333333333336
2023-03-27,36.625
2023-03-28,42.166666666666664
2023-03-29,42.875
2023-03-30,35.75
2023-03-31,39.791666666666664
2023-04-01,46.791666666666664
2023-04-02,43.291666666666664
2023-04-03,44.25
2023-04-04,45.5
2023-04-05,39.708333333333336
2023-04-06,38.958333333333336
2023-04-07,27.625
2023-04-08,24.541666666666668
2023-04-09,32.541666666666664
2023-04-10,38.75
2023-04-11,43.583333333333336
2023-04-12,23.75
2023-04-13,33.916666666666664
2023-04-14,38.666666666666664
2023-04-15,35.375
2023-04-16,37.291666666666664
2023-04-17,41.708333333333336
2023-04-18,32.375
2023-04-19,398.6666666666667
2023-04-20,985.25
2023-04-21,470.375
2023-04-22,47.083333333333336
2023-04-23,40.291666666666664
2023-04-24,37.708333333333336
2023-04-25,36.625
2023-04-26,39.416666666666664
2023-04-27,42.666666666666664
2023-04-28,44.75
2023-04-29,38.208333333333336
2023-04-30,35.833333333333336
2023-05-01,36.708333333333336
2023-05-02,34.5
2023-05-03,47.5
2023-05-04,52.625
2023-05-05,52.375
2023-05-06,52.291666666666664
2023-05-07,56.416666666666664
2023-05-08,55.791666666666664
2023-05-09,54.833333333333336
2023-05-10,54.75
2023-05-11,37.208333333333336
2023-05-12,45.708333333333336
2023-05-13,33.125
2023-05-14,37.125
2023-05-15,33.375
2023-05-16,36.416666666666664
2023-05-17,30.375
2023-05-18,43.666666666666664
2023-05-19,34.541666666666664
2023-05-20,33.125
2023-05-21,29.708333333333332
2023-05-22,41.625
2023-05-23,46.583333333333336
2023-05-24,40.791666666666664
2023-05-25,41.333333333333336
2023-05-26,39.208333333333336
2023-05-27,21.0
2023-05-28,34.083333333333336
2023-05-29,34.833333333333336
2023-05-30,39.5
2023-05-31,41.583333333333336
2023-06-01,38.208333333333336
2023-06-02,45.291666666666664
2023-06-03,42.75
2023-06-04,40.083333333333336
2023-06-05,35.708333333333336
2023-06-06,29.875
2023-06-07,140.625
2023-06-08,21.0
2023-06-09,19.333333333333332
2023-06-10,18.875
2023-06-11,17.875
2023-06-12,17.875
2023-06-13,15.958333333333334
2023-06-14,18.458333333333332
2023-06-15,17.666666666666668
2023-06-16,22.043478260869566
2023-06-17,21.666666666666668
2023-06-18,20.791666666666668
2023-06-19,16.791666666666668
2023-06-20,19.041666666666668
2023-06-21,20.125
2023-06-22,97.54166666666667
2023-06-23,460.4166666666667
2023-06-24,14.458333333333334
2023-06-25,10.375
2023-06-26,88.875
2023-06-27,9.333333333333334
2023-06-28,15.166666666666666
2023-06-29,16.541666666666668
2023-06-30,6.416666666666667
2023-07-01,3.5833333333333335
2023-07-02,7.958333333333333
2023-07-03,11.958333333333334
2023-07-04,15.125
2023-07-05,11.791666666666666
2023-07-06,18.333333333333332
2023-07-07,5.125
2023-07-08,8.375
2023-07-09,8.571428571428571
2023-07-10,-14.636363636363637
2023-07-11,83.54166666666667
2023-07-12,15.291666666666666
2023-07-13,15.416666666666666
2023-07-14,13.166666666666666
2023-07-15,15.0
2023-07-16,20.125
2023-07-17,17.5
2023-07-18,18.791666666666668
2023-07-19,18.541666666666668
2023-07-20,16.708333333333332
2023-07-21,19.083333333333332
2023-07-22,19.125
2023-07-23,12.5
2023-07-24,14.875
2023-07-25,217.08333333333334
2023-07-26,17.083333333333332
2023-07-27,18.666666666666668
2023-07-28,19.25
2023-07-29,28.5
2023-07-30,17.625
2023-07-31,15.833333333333334
2023-08-01,15.916666666666666
2023-08-02,13.416666666666666
2023-08-03,15.333333333333334
2023-08-04,11.75
2023-08-05,11.333333333333334
2023-08-06,209.91666666666666
2023-08-07,499.4166666666667
2023-08-08,985.2916666666666
2023-08-09,461.3333333333333
2023-08-10,15.291666666666666
2023-08-11,19.916666666666668
2023-08-12,15.333333333333334
2023-08-13,15.5
2023-08-14,15.625
2023-08-15,13.083333333333334
2023-08-16,13.5
2023-08-17,9.166666666666666
2023-08-18,11.5
2023-08-19,16.166666666666668
2023-08-20,18.625
2023-08-21,19.791666666666668
2023-08-22,17.708333333333332
2023-08-23,16.25
2023-08-24,9.583333333333334
2023-08-25,12.791666666666666
2023-08-26,13.208333333333334
2023-08-27,17.75
2023-08-28,19.166666666666668
2023-08-29,23.958333333333332
2023-08-30,22.625
2023-08-31,14.208333333333334
2023-09-01,17.625
2023-09-02,27.583333333333332
2023-09-03,24.958333333333332
2023-09-04,16.5
2023-09-05,14.875
2023-09-06,15.708333333333334
2023-09-07,18.166666666666668
2023-09-08,17.125
2023-09-09,17.541666666666668
2023-09-10,12.0
2023-09-11,53.875
2023-09-12,15.875
2023-09-13,18.375
2023-09-14,20.916666666666668
2023-09-15,34.0
2023-09-16,19.125
2023-09-17,14.333333333333334
2023-09-18,20.916666666666668
2023-09-19,15.958333333333334
2023-09-20,17.083333333333332
2023-09-21,16.833333333333332
2023-09-22,20.791666666666668
2023-09-23,18.0
2023-09-24,17.958333333333332
2023-09-25,16.708333333333332
2023-09-26,13.166666666666666
2023-09-27,14.625
2023-09-28,19.791666666666668
2023-09-29,20.75
2023-09-30,22.166666666666668
2023-10-01,20.375
2023-10-02,17.708333333333332
2023-10-03,18.458333333333332
2023-10-04,16.291666666666668
2023-10-05,15.708333333333334
2023-10-06,15.166666666666666
2023-10-07,9.791666666666666
2023-10-08,8.125
2023-10-09,11.625
2023-10-10,7.333333333333333
2023-10-11,7.791666666666667
2023-10-12,10.583333333333334
2023-10-13,12.791666666666666
2023-10-14,18.833333333333332
2023-10-15,10.916666666666666
2023-10-16,9.208333333333334
2023-10-17,13.75
2023-10-18,16.833333333333332
2023-10-19,18.208333333333332
2023-10-20,16.791666666666668
2023-10-21,14.208333333333334
2023-10-22,11.958333333333334
2023-10-23,12.208333333333334
2023-10-24,15.083333333333334
2023-10-25,21.541666666666668
2023-10-26,16.375
2023-10-27,14.583333333333334
2023-10-28,16.0
2023-10-29,18.0
2023-10-30,18.916666666666668
2023-10-31,21.416666666666668
2023-11-01,14.625
2023-11-02,12.25
2023-11-03,17.541666666666668
2023-11-04,14.291666666666666
2023-11-05,13.0
2023-11-06,14.294117647058824
2023-11-08,200.66666666666666
2023-11-09,29.583333333333332
2023-11-10,29.958333333333332
2023-11-11,25.541666666666668
2023-11-12,21.75
2023-11-13,19.333333333333332
2023-11-14,14.916666666666666
2023-11-15,15.833333333333334
2023-11-16,252.25
2023-11-17,467.2916666666667
2023-11-18,24.5
2023-11-19,30.0
2023-11-20,29.791666666666668
2023-11-21,31.875
2023-11-22,15.25
2023-11-23,9.208333333333334
2023-11-24,11.208333333333334
2023-11-25,12.833333333333334
2023-11-26,14.291666666666666
2023-11-27,17.291666666666668
2023-11-28,18.791666666666668
2023-11-29,17.625
2023-11-30,17.291666666666668
2023-12-01,17.0
2023-12-02,19.041666666666668
2023-12-03,19.583333333333332
2023-12-04,16.125
2023-12-05,17.375
2023-12-06,11.5
2023-12-07,15.791666666666666
2023-12-08,20.708333333333332
2023-12-09,18.125
2023-12-10,19.291666666666668
2023-12-11,15.5
2023-12-12,22.458333333333332
2023-12-13,29.625
2023-12-14,31.541666666666668
2023-12-15,25.916666666666668
2023-12-16,22.541666666666668
2023-12-17,19.0
2023-12-18,20.5
2023-12-19,22.0
2023-12-20,24.666666666666668
2023-12-21,25.416666666666668
2023-12-22,23.625
2023-12-23,28.041666666666668
2023-12-24,25.0
2023-12-25,32.958333333333336
2023-12-26,12.208333333333334
2023-12-27,10.291666666666666
2023-12-28,13.916666666666666
2023-12-29,14.291666666666666
2023-12-30,18.041666666666668
2023-12-31,16.875
2024-01-01,35.416666666666664
2024-01-02,16.125
2024-01-03,12.708333333333334
2024-01-04,11.916666666666666
2024-01-05,11.333333333333334
2024-01-06,13.583333333333334
2024-01-07,13.041666666666666
2024-01-08,13.125
2024-01-09,13.5
2024-01-10,122.41666666666667
2024-01-11,10.916666666666666
2024-01-12,14.375
2024-01-13,15.416666666666666
2024-01-14,12.833333333333334
2024-01-15,13.375
2024-01-16,17.291666666666668
2024-01-17,17.416666666666668
2024-01-18,20.833333333333332
2024-01-19,183.04166666666666
2024-01-20,29.5
2024-01-21,30.708333333333332
2024-01-22,16.583333333333332
2024-01-23,14.916666666666666
2024-01-24,13.375
2024-01-25,12.958333333333334
2024-01-26,12.708333333333334
2024-01-27,12.833333333333334
2024-01-28,20.333333333333332
2024-01-29,18.083333333333332
2024-01-30,20.666666666666668
2024-01-31,17.666666666666668
2024-02-01,20.333333333333332
2024-02-02,18.0
2024-02-03,13.125
2024-02-04,16.583333333333332
2024-02-05,30.125
2024-02-06,20.333333333333332
2024-02-07,25.916666666666668
2024-02-08,21.458333333333332
2024-02-09,22.166666666666668
2024-02-10,19.083333333333332
2024-02-11,12.083333333333334
2024-02-12,14.375
2024-02-13,13.666666666666666
2024-02-14,23.25
2024-02-15,18.333333333333332
2024-02-16,19.5
2024-02-17,11.791666666666666
2024-02-18,16.291666666666668
2024-02-19,16.5
2024-02-20,17.875
2024-02-21,22.375
2024-02-22,25.125
2024-02-23,23.541666666666668
2024-02-24,28.791666666666668
2024-02-25,26.083333333333332
2024-02-26,25.041666666666668
2024-02-27,22.375
2024-02-28,24.75
2024-02-29,25.916666666666668
2024-03-01,28.583333333333332
2024-03-02,21.875
2024-03-03,21.083333333333332
2024-03-04,20.416666666666668
2024-03-05,20.708333333333332
2024-03-06,19.791666666666668
2024-03-07,19.791666666666668
2024-03-08,18.666666666666668
2024-03-09,21.416666666666668
2024-03-10,19.875
2024-03-11,19.416666666666668
2024-03-12,22.666666666666668
2024-03-13,26.041666666666668
2024-03-14,22.833333333333332
2024-03-15,19.541666666666668
2024-03-16,17.958333333333332
2024-03-17,20.291666666666668
2024-03-18,19.0
2024-03-19,23.833333333333332
2024-03-20,20.666666666666668
2024-03-21,26.75
2024-03-22,26.25
2024-03-23,538.3333333333334
2024-03-24,631.0416666666666
2024-03-25,722.25
2024-03-26,17.0
2024-04-01,38.833333333333336
2024-04-02,37.041666666666664
2024-04-03,25.45
2024-04-23,31.958333333333332
2024-04-24,29.791666666666668
2024-04-25,33.958333333333336
2024-04-26,32.833333333333336
2024-04-27,35.458333333333336
2024-04-28,33.0
2024-04-29,27.375
2024-04-30,27.166666666666668
2024-05-01,24.916666666666668
2024-05-02,24.916666666666668
2024-05-03,29.958333333333332
2024-05-04,38.875
2024-05-05,47.208333333333336
2024-05-06,49.083333333333336
2024-05-07,53.38095238095238
2024-05-08,52.30434782608695
2024-05-09,50.583333333333336
2024-05-10,56.125
2024-05-11,56.208333333333336
2024-05-12,40.625
2024-05-13,52.166666666666664
2024-05-14,47.291666666666664
2024-05-15,40.833333333333336
2024-05-16,32.541666666666664
2024-05-17,31.916666666666668
2024-05-18,29.458333333333332
2024-05-19,28.5
2024-05-20,27.428571428571427
2024-05-21,26.916666666666668
2024-05-22,29.458333333333332
2024-05-23,27.458333333333332
2024-05-24,28.833333333333332
2024-05-25,30.25
2024-05-26,29.833333333333332
2024-05-27,27.25
2024-05-28,27.166666666666668
2024-05-29,23.0
2024-05-30,32.291666666666664
2024-05-31,41.708333333333336
2024-06-01,39.333333333333336
2024-06-02,33.958333333333336
2024-06-03,32.5
2024-06-04,31.125
2024-06-05,32.541666666666664
2024-06-06,33.875
2024-06-07,39.083333333333336
2024-06-08,31.375
2024-06-09,28.666666666666668
2024-06-10,27.125
2024-06-11,28.0
2024-06-12,21.875
2024-06-13,22.375
2024-06-14,27.19047619047619
2024-06-15,21.384615384615383
2024-07-01,20.181818181818183
2024-07-02,20.5
2024-07-03,19.958333333333332
2024-07-04,23.833333333333332
2024-07-05,24.416666666666668
2024-07-06,27.625
2024-07-07,24.125
2024-07-08,27.833333333333332
2024-07-09,28.625
2024-07-10,25.041666666666668
2024-07-11,19.833333333333332
2024-07-12,17.166666666666668
2024-07-13,27.083333333333332
2024-07-14,30.208333333333332
2024-07-15,22.583333333333332
2024-07-16,26.416666666666668
2024-07-17,31.083333333333332
2024-07-18,30.166666666666668
2024-07-19,26.52173913043478
2024-07-20,34.333333333333336
2024-07-22,12.5
2024-07-23,15.375
2024-07-24,21.125
2024-07-25,22.25
2024-07-26,24.166666666666668
2024-07-27,24.583333333333332
2024-07-29,21.0
2024-07-30,26.333333333333332
2024-07-31,26.2
2024-08-01,25.2
2024-08-02,21.583333333333332
2024-08-03,22.458333333333332
2024-08-04,24.875
2024-08-05,21.083333333333332
2024-08-06,21.583333333333332
2024-08-07,24.708333333333332
2024-08-08,24.708333333333332
2024-08-09,21.5
2024-08-10,25.0
2024-08-11,25.166666666666668
2024-08-12,19.708333333333332
2024-08-13,22.166666666666668
2024-08-14,23.708333333333332
2024-08-15,23.208333333333332
2024-08-16,18.333333333333332
2024-08-17,25.875
2024-08-18,22.458333333333332
2024-08-19,24.666666666666668
2024-08-20,22.458333333333332
2024-08-21,20.791666666666668
2024-08-22,24.416666666666668
2024-08-23,26.541666666666668
2024-08-24,21.291666666666668
2024-08-25,23.0
2024-08-26,24.375
2024-08-27,25.666666666666668
2024-08-28,23.583333333333332
2024-08-29,20.625
2024-08-30,23.291666666666668
2024-08-31,26.041666666666668
2024-09-01,20.75
2024-09-02,21.708333333333332
2024-09-03,25.75
2024-09-04,19.833333333333332
2024-09-05,27.416666666666668
2024-09-06,20.291666666666668
2024-09-07,16.041666666666668
2024-09-08,14.166666666666666
2024-09-09,22.458333333333332
2024-09-10,22.958333333333332
2024-09-11,18.708333333333332
2024-09-12,13.291666666666666
2024-09-13,17.625
2024-09-14,22.416666666666668
2024-09-15,22.041666666666668
2024-09-16,24.875
2024-09-17,25.666666666666668
2024-09-18,25.375
2024-09-19,25.5
2024-09-20,24.458333333333332
2024-09-21,24.88888888888889
2024-09-23,12.0
2024-09-24,20.307692307692307
2024-09-25,21.583333333333332
2024-09-26,29.176470588235293
2024-09-27,16.5
2024-09-28,10.708333333333334
2024-09-29,18.416666666666668
2024-09-30,15.5
2024-10-01,15.333333333333334
2024-10-02,12.166666666666666
2024-10-03,16.458333333333332
2024-10-04,20.166666666666668
2024-10-05,17.25
2024-10-06,16.791666666666668
2024-10-07,21.25
2024-10-08,20.375
2024-10-09,18.375
2024-10-10,13.833333333333334
2024-10-11,16.416666666666668
2024-10-12,17.708333333333332
2024-10-13,24.0
2024-10-14,21.333333333333332
2024-10-15,25.583333333333332
2024-10-16,25.208333333333332
2024-10-17,20.0
2024-10-18,17.625
2024-10-19,14.695652173913043
2024-10-20,9.565217391304348
2024-10-21,11.375
2024-10-22,15.416666666666666
2024-10-23,15.208333333333334
2024-10-24,16.125
2024-10-25,18.791666666666668
2024-10-26,15.166666666666666
2024-10-27,18.458333333333332
2024-10-28,24.041666666666668
2024-10-29,29.166666666666668
2024-10-30,27.208333333333332
2024-10-31,21.541666666666668
2024-11-01,24.125
2024-11-02,31.666666666666668
2024-11-03,33.416666666666664
2024-11-04,33.958333333333336
2024-11-05,27.125
2024-11-06,23.0
2024-11-07,25.333333333333332
2024-11-08,27.541666666666668
2024-11-09,27.083333333333332
2024-11-10,28.125
2024-11-11,26.5
2024-11-12,21.916666666666668
2024-11-13,22.772727272727273
2024-11-14,22.083333333333332
2024-11-15,21.75
2024-11-16,29.791666666666668
2024-11-17,26.458333333333332
2024-11-18,17.625
2024-11-19,17.708333333333332
2024-11-20,22.333333333333332
2024-11-21,16.041666666666668
2024-11-22,16.125
2024-11-23,15.375
2024-11-24,18.958333333333332
2024-11-25,22.0
2024-11-26,22.291666666666668
2024-11-27,20.708333333333332
2024-11-28,23.916666666666668
2024-11-29,23.5
2024-11-30,19.05263157894737
2024-12-02,19.666666666666668
2024-12-03,25.375
2024-12-04,27.041666666666668
2024-12-05,28.833333333333332
2024-12-06,29.25
2024-12-07,22.375
2024-12-08,17.0
2024-12-09,20.208333333333332
2024-12-10,25.75
2024-12-11,29.541666666666668
2024-12-12,24.833333333333332
2024-12-13,26.375
2024-12-14,26.0
2024-12-15,23.875
2024-12-16,20.708333333333332
2024-12-17,21.166666666666668
2024-12-18,25.208333333333332
2024-12-19,15.625
2024-12-20,22.166666666666668
2024-12-21,21.0
2024-12-22,19.2
2024-12-23,19.875
2024-12-24,23.75
2024-12-25,38.208333333333336
2024-12-26,15.25
2024-12-27,14.791666666666666
2024-12-28,18.7
2025-01-02,28.642857142857142
2025-01-03,26.333333333333332
2025-01-04,22.458333333333332
2025-01-05,19.875
2025-01-06,24.416666666666668
2025-01-07,22.541666666666668
2025-01-08,21.083333333333332
2025-01-09,17.25
2025-01-10,19.458333333333332
2025-01-11,11.285714285714286
2025-01-13,10.285714285714286
2025-01-14,14.416666666666666
2025-01-15,17.208333333333332
2025-01-16,24.041666666666668
2025-01-17,23.458333333333332
2025-01-18,22.25
2025-01-19,19.041666666666668
2025-01-20,17.75
2025-01-21,16.0
2025-01-22,18.708333333333332
2025-01-23,17.75
2025-01-24,21.75
2025-01-25,28.458333333333332
2025-01-26,20.083333333333332
2025-01-27,24.272727272727273
2025-01-28,20.22222222222222
2025-01-29,18.791666666666668
2025-01-30,13.791666666666666
2025-01-31,13.391304347826088
2025-02-01,19.0
2025-02-02,15.041666666666666
2025-02-03,18.291666666666668
2025-02-04,18.791666666666668
2025-02-05,17.25
2025-02-06,18.208333333333332
2025-02-07,18.208333333333332
2025-02-08,20.416666666666668
2025-02-09,21.458333333333332
2025-02-10,22.041666666666668
2025-02-11,21.083333333333332
2025-02-12,17.5
2025-02-13,19.0
2025-02-14,18.75
2025-02-15,17.541666666666668
2025-02-16,19.083333333333332
2025-02-17,27.041666666666668
2025-02-18,30.916666666666668
2025-02-19,14.875
2025-02-20,17.708333333333332
2025-02-21,21.458333333333332
2025-02-22,21.333333333333332
2025-02-23,19.833333333333332
2025-02-24,15.625
2025-02-25,17.0
2025-02-26,19.166666666666668
2025-02-27,15.708333333333334
2025-02-28,24.833333333333332
2025-03-01,21.208333333333332
2025-03-02,20.666666666666668
2025-03-03,19.5
2025-03-04,22.458333333333332
2025-03-05,21.625
2025-03-06,19.25
2025-03-07,18.25
2025-03-08,20.833333333333332
2025-03-09,17.875
