Fecha,RelativeHumidity
2018-03-02,48.0
2018-03-03,47.625
2018-03-04,50.875
2018-03-05,49.458333333333336
2018-03-06,44.958333333333336
2018-03-07,41.083333333333336
2018-03-08,39.875
2018-03-09,37.458333333333336
2018-03-10,36.541666666666664
2018-03-11,34.583333333333336
2018-03-12,36.5
2018-03-13,36.625
2018-03-14,38.125
2018-03-15,42.041666666666664
2018-03-16,35.833333333333336
2018-03-17,33.25
2018-03-18,27.0
2018-03-19,24.875
2018-03-20,26.083333333333332
2018-03-21,36.0
2018-03-22,36.916666666666664
2018-03-23,40.708333333333336
2018-03-24,42.666666666666664
2018-03-25,39.958333333333336
2018-03-26,36.5
2018-03-27,33.958333333333336
2018-03-28,35.833333333333336
2018-03-29,34.625
2018-03-30,33.458333333333336
2018-03-31,29.708333333333332
2018-04-01,38.625
2018-04-02,40.208333333333336
2018-04-03,33.166666666666664
2018-04-04,27.0
2018-04-05,35.333333333333336
2018-04-06,36.916666666666664
2018-04-07,28.958333333333332
2018-04-08,25.625
2018-04-09,25.333333333333332
2018-04-10,32.375
2018-04-11,61.208333333333336
2018-04-12,59.208333333333336
2018-04-13,48.0
2018-04-14,35.0
2018-04-15,33.125
2018-04-16,37.291666666666664
2018-04-17,33.583333333333336
2018-04-18,32.111111111111114
2018-04-19,31.0
2018-04-20,45.833333333333336
2018-04-21,44.375
2018-04-22,46.333333333333336
2018-04-23,51.291666666666664
2018-04-24,50.416666666666664
2018-04-25,46.375
2018-04-26,34.5
2018-04-27,28.625
2018-04-28,28.75
2018-04-29,30.041666666666668
2018-04-30,47.958333333333336
2018-05-01,57.25
2018-05-02,48.666666666666664
2018-05-03,53.375
2018-05-04,57.458333333333336
2018-05-05,61.416666666666664
2018-05-06,64.125
2018-05-07,57.291666666666664
2018-05-08,65.70833333333333
2018-05-09,60.416666666666664
2018-05-10,56.125
2018-05-11,64.75
2018-05-12,60.416666666666664
2018-05-13,58.875
2018-05-14,62.083333333333336
2018-05-15,57.541666666666664
2018-05-16,55.0
2018-05-17,52.583333333333336
2018-05-18,51.583333333333336
2018-05-19,45.166666666666664
2018-05-20,48.708333333333336
2018-05-21,54.125
2018-05-22,54.333333333333336
2018-05-23,55.666666666666664
2018-05-24,54.083333333333336
2018-05-25,49.5
2018-05-26,38.958333333333336
2018-05-27,35.625
2018-05-28,33.833333333333336
2018-05-29,39.625
2018-05-30,37.166666666666664
2018-05-31,43.083333333333336
2018-06-01,41.333333333333336
2018-06-02,38.291666666666664
2018-06-03,44.166666666666664
2018-06-04,44.916666666666664
2018-06-05,55.25
2018-06-06,53.458333333333336
2018-06-07,52.916666666666664
2018-06-08,58.416666666666664
2018-06-09,65.58333333333333
2018-06-10,62.5
2018-06-11,66.95833333333333
2018-06-12,70.70833333333333
2018-06-13,76.625
2018-06-14,74.08333333333333
2018-06-15,75.79166666666667
2018-06-16,71.95833333333333
2018-06-17,70.83333333333333
2018-06-18,80.79166666666667
2018-06-19,79.75
2018-06-20,68.83333333333333
2018-06-21,65.33333333333333
2018-06-22,58.958333333333336
2018-06-23,65.04166666666667
2018-06-24,68.0
2018-06-25,73.375
2018-06-26,73.20833333333333
2018-06-27,67.29166666666667
2018-06-28,69.20833333333333
2018-06-29,67.375
2018-06-30,65.58333333333333
2018-07-01,65.5
2018-07-02,62.666666666666664
2018-07-03,62.5
2018-07-04,57.541666666666664
2018-07-05,56.958333333333336
2018-07-06,61.333333333333336
2018-07-07,62.125
2018-07-08,73.5
2018-07-09,67.0
2018-07-10,75.95833333333333
2018-07-11,76.33333333333333
2018-07-12,65.16666666666667
2018-07-13,66.91666666666667
2018-07-14,71.33333333333333
2018-07-15,64.66666666666667
2018-07-16,64.58333333333333
2018-07-17,63.833333333333336
2018-07-18,62.916666666666664
2018-07-19,60.875
2018-07-20,59.041666666666664
2018-07-21,61.625
2018-07-22,59.458333333333336
2018-07-23,62.958333333333336
2018-07-24,61.5
2018-07-25,60.916666666666664
2018-07-26,58.833333333333336
2018-07-27,61.958333333333336
2018-07-28,61.625
2018-07-29,61.25
2018-07-30,60.416666666666664
2018-07-31,62.25
2018-08-01,60.916666666666664
2018-08-02,57.083333333333336
2018-08-03,62.0
2018-08-04,68.58333333333333
2018-08-05,69.29166666666667
2018-08-06,72.70833333333333
2018-08-07,68.58333333333333
2018-08-08,63.708333333333336
2018-08-09,71.91666666666667
2018-08-10,72.83333333333333
2018-08-11,69.58333333333333
2018-08-12,78.20833333333333
2018-08-13,74.83333333333333
2018-08-14,67.54166666666667
2018-08-15,69.04166666666667
2018-08-16,68.79166666666667
2018-08-17,67.20833333333333
2018-08-18,64.95833333333333
2018-08-19,63.166666666666664
2018-08-20,64.95833333333333
2018-08-21,73.45833333333333
2018-08-22,68.66666666666667
2018-08-23,71.54166666666667
2018-08-24,69.70833333333333
2018-08-25,69.95833333333333
2018-08-26,70.83333333333333
2018-08-27,69.91666666666667
2018-08-28,69.83333333333333
2018-08-29,71.29166666666667
2018-08-30,73.08333333333333
2018-08-31,71.875
2018-09-01,69.66666666666667
2018-09-02,67.0
2018-09-03,68.0
2018-09-04,69.25
2018-09-05,71.58333333333333
2018-09-06,69.70833333333333
2018-09-07,66.04166666666667
2018-09-08,67.70833333333333
2018-09-09,65.91666666666667
2018-09-10,66.58333333333333
2018-09-11,65.79166666666667
2018-09-12,69.0
2018-09-13,76.625
2018-09-14,70.91666666666667
2018-09-15,62.333333333333336
2018-09-16,66.66666666666667
2018-09-17,74.95833333333333
2018-09-18,71.58333333333333
2018-09-19,69.0
2018-09-20,64.91666666666667
2018-09-21,66.70833333333333
2018-09-22,72.75
2018-09-23,73.75
2018-09-24,71.04166666666667
2018-09-25,74.125
2018-09-26,70.75
2018-09-27,71.04166666666667
2018-09-28,74.58333333333333
2018-09-29,75.29166666666667
2018-09-30,72.875
2018-10-01,72.83333333333333
2018-10-02,67.33333333333333
2018-10-03,69.79166666666667
2018-10-04,72.375
2018-10-05,70.16666666666667
2018-10-06,72.70833333333333
2018-10-07,73.04166666666667
2018-10-08,72.95833333333333
2018-10-09,69.20833333333333
2018-10-10,68.95833333333333
2018-10-11,71.66666666666667
2018-10-12,71.0
2018-10-13,71.04166666666667
2018-10-14,72.125
2018-10-15,72.125
2018-10-16,69.95833333333333
2018-10-17,68.54166666666667
2018-10-18,64.29166666666667
2018-10-19,67.66666666666667
2018-10-20,74.91666666666667
2018-10-21,75.45833333333333
2018-10-22,73.91666666666667
2018-10-23,72.45833333333333
2018-10-24,68.75
2018-10-25,67.29166666666667
2018-10-26,68.79166666666667
2018-10-27,72.45833333333333
2018-10-28,64.04166666666667
2018-10-29,63.666666666666664
2018-10-30,68.58333333333333
2018-10-31,70.25
2018-11-01,73.08333333333333
2018-11-02,72.83333333333333
2018-11-03,77.33333333333333
2018-11-04,88.375
2018-11-05,71.875
2018-11-06,62.75
2018-11-07,63.291666666666664
2018-11-08,61.833333333333336
2018-11-09,61.666666666666664
2018-11-10,63.0
2018-11-11,63.166666666666664
2018-11-12,67.66666666666667
2018-11-13,74.04166666666667
2018-11-14,75.29166666666667
2018-11-15,70.0
2018-11-16,65.25
2018-11-17,60.083333333333336
2018-11-18,60.75
2018-11-19,52.166666666666664
2018-11-20,53.041666666666664
2018-11-21,51.833333333333336
2018-11-22,58.583333333333336
2018-11-23,61.958333333333336
2018-11-24,65.16666666666667
2018-11-25,61.0
2018-11-26,61.416666666666664
2018-11-27,63.625
2018-11-28,68.20833333333333
2018-11-29,87.75
2018-11-30,74.33333333333333
2018-12-01,68.125
2018-12-02,67.95833333333333
2018-12-03,65.95833333333333
2018-12-04,69.83333333333333
2018-12-05,71.45833333333333
2018-12-06,71.625
2018-12-07,65.5
2018-12-08,65.58333333333333
2018-12-09,65.20833333333333
2018-12-10,65.25
2018-12-11,69.33333333333333
2018-12-12,68.75
2018-12-13,63.708333333333336
2018-12-14,60.333333333333336
2018-12-15,55.041666666666664
2018-12-16,62.958333333333336
2018-12-17,65.125
2018-12-18,68.375
2018-12-19,59.083333333333336
2018-12-20,45.666666666666664
2018-12-21,37.625
2018-12-22,44.708333333333336
2018-12-23,49.833333333333336
2018-12-24,53.375
2018-12-25,58.791666666666664
2018-12-26,54.916666666666664
2018-12-27,62.375
2018-12-28,63.208333333333336
2018-12-29,57.166666666666664
2018-12-30,56.958333333333336
2018-12-31,62.0
2019-01-01,55.75
2019-01-02,59.833333333333336
2019-01-03,55.916666666666664
2019-01-04,52.25
2019-01-05,51.666666666666664
2019-01-06,54.875
2019-01-07,54.5
2019-01-08,45.625
2019-01-09,46.125
2019-01-10,58.0
2019-01-11,62.875
2019-01-12,62.5
2019-01-13,65.375
2019-01-14,66.41666666666667
2019-01-15,58.583333333333336
2019-01-16,61.625
2019-01-17,63.166666666666664
2019-01-18,64.45833333333333
2019-01-19,56.916666666666664
2019-01-20,55.958333333333336
2019-01-21,45.125
2019-01-22,48.25
2019-01-23,55.166666666666664
2019-01-24,54.916666666666664
2019-01-25,52.416666666666664
2019-01-26,49.375
2019-01-27,42.083333333333336
2019-01-28,42.125
2019-01-29,44.25
2019-01-30,42.541666666666664
2019-01-31,45.916666666666664
2019-02-01,53.875
2019-02-02,49.208333333333336
2019-02-03,52.541666666666664
2019-02-04,44.333333333333336
2019-02-05,41.25
2019-02-06,41.166666666666664
2019-02-07,37.791666666666664
2019-02-08,45.708333333333336
2019-02-09,53.458333333333336
2019-02-10,50.791666666666664
2019-02-11,51.291666666666664
2019-02-12,52.75
2019-02-13,57.25
2019-02-14,51.25
2019-02-15,46.25
2019-02-16,42.875
2019-02-17,41.291666666666664
2019-02-18,39.583333333333336
2019-02-19,37.25
2019-02-20,42.833333333333336
2019-02-21,36.625
2019-02-22,41.0
2019-02-23,41.833333333333336
2019-02-24,42.333333333333336
2019-02-25,49.708333333333336
2019-02-26,43.75
2019-02-27,35.75
2019-02-28,42.416666666666664
2019-03-01,47.875
2019-03-02,46.125
2019-03-03,44.75
2019-03-04,48.458333333333336
2019-03-05,44.708333333333336
2019-03-06,43.833333333333336
2019-03-07,44.75
2019-03-08,44.666666666666664
2019-03-09,41.416666666666664
2019-03-10,31.75
2019-03-11,37.75
2019-03-12,38.208333333333336
2019-03-13,42.73913043478261
2019-03-14,40.166666666666664
2019-03-15,37.375
2019-03-16,44.75
2019-03-17,48.833333333333336
2019-03-18,47.125
2019-03-19,39.125
2019-03-20,39.041666666666664
2019-03-21,38.833333333333336
2019-03-22,39.416666666666664
2019-03-23,37.833333333333336
2019-03-24,32.208333333333336
2019-03-25,30.666666666666668
2019-03-26,29.0
2019-03-27,35.916666666666664
2019-03-28,29.625
2019-03-29,32.166666666666664
2019-03-30,29.791666666666668
2019-03-31,24.416666666666668
2019-04-01,24.333333333333332
2019-04-02,27.041666666666668
2019-04-03,36.666666666666664
2019-04-04,37.5
2019-04-05,34.375
2019-04-06,34.125
2019-04-07,30.166666666666668
2019-04-08,31.541666666666668
2019-04-09,34.291666666666664
2019-04-10,29.583333333333332
2019-04-11,28.416666666666668
2019-04-12,23.125
2019-04-13,21.333333333333332
2019-04-14,22.458333333333332
2019-04-15,25.458333333333332
2019-04-16,29.791666666666668
2019-04-17,25.416666666666668
2019-04-18,25.041666666666668
2019-04-19,33.916666666666664
2019-04-20,33.666666666666664
2019-04-21,31.583333333333332
2019-04-22,28.583333333333332
2019-04-23,30.041666666666668
2019-04-24,27.75
2019-04-25,25.541666666666668
2019-04-26,24.666666666666668
2019-04-27,26.333333333333332
2019-04-28,29.333333333333332
2019-04-29,30.5
2019-04-30,34.166666666666664
2019-05-01,32.666666666666664
2019-05-02,33.0
2019-05-03,27.666666666666668
2019-05-04,29.708333333333332
2019-05-05,31.208333333333332
2019-05-06,27.5
2019-05-07,21.041666666666668
2019-05-08,19.083333333333332
2019-05-09,18.0
2019-05-10,25.375
2019-05-11,22.625
2019-05-12,27.125
2019-05-13,32.083333333333336
2019-05-14,29.333333333333332
2019-05-15,29.0
2019-05-16,30.958333333333332
2019-05-17,40.75
2019-05-18,44.416666666666664
2019-05-19,32.666666666666664
2019-05-20,31.75
2019-05-21,32.375
2019-05-22,33.041666666666664
2019-05-23,34.291666666666664
2019-05-24,42.041666666666664
2019-05-25,45.208333333333336
2019-05-26,47.041666666666664
2019-05-27,54.416666666666664
2019-05-28,65.79166666666667
2019-05-29,62.833333333333336
2019-05-30,58.791666666666664
2019-05-31,61.416666666666664
2019-06-01,62.333333333333336
2019-06-02,59.958333333333336
2019-06-03,56.916666666666664
2019-06-04,71.45833333333333
2019-06-05,78.83333333333333
2019-06-06,73.0
2019-06-07,62.625
2019-06-08,58.083333333333336
2019-06-09,51.208333333333336
2019-06-10,33.208333333333336
2019-06-11,45.916666666666664
2019-06-12,52.666666666666664
2019-06-13,65.20833333333333
2019-06-14,72.7
2019-06-17,52.93333333333333
2019-06-18,62.291666666666664
2019-06-19,66.66666666666667
2019-06-20,60.375
2019-06-21,62.75
2019-06-22,68.5
2019-06-23,67.25
2019-06-24,65.91666666666667
2019-06-25,67.125
2019-06-26,68.125
2019-06-27,65.625
2019-06-28,54.041666666666664
2019-06-29,58.625
2019-06-30,58.375
2019-07-01,69.16666666666667
2019-07-02,67.45833333333333
2019-07-03,58.541666666666664
2019-07-04,58.916666666666664
2019-07-05,66.54166666666667
2019-07-06,67.70833333333333
2019-07-07,62.875
2019-07-08,58.875
2019-07-09,59.333333333333336
2019-07-10,63.791666666666664
2019-07-11,68.75
2019-07-12,63.166666666666664
2019-07-13,68.91666666666667
2019-07-14,70.70833333333333
2019-07-15,65.91666666666667
2019-07-16,60.375
2019-07-17,70.20833333333333
2019-07-18,65.625
2019-07-19,63.916666666666664
2019-07-20,68.95833333333333
2019-07-21,72.04166666666667
2019-07-22,66.625
2019-07-23,68.08333333333333
2019-07-24,70.41666666666667
2019-07-25,74.70833333333333
2019-07-26,77.25
2019-07-27,69.04166666666667
2019-07-28,63.541666666666664
2019-07-29,67.33333333333333
2019-07-30,66.41666666666667
2019-07-31,62.5
2019-08-01,64.56521739130434
2019-08-02,58.625
2019-08-03,58.833333333333336
2019-08-04,63.25
2019-08-05,68.08333333333333
2019-08-06,68.375
2019-08-07,69.08333333333333
2019-08-08,64.54166666666667
2019-08-09,69.20833333333333
2019-08-10,65.375
2019-08-11,68.5
2019-08-12,71.33333333333333
2019-08-13,66.79166666666667
2019-08-14,66.5
2019-08-15,61.458333333333336
2019-08-16,56.541666666666664
2019-08-17,64.08333333333333
2019-08-18,71.08333333333333
2019-08-19,67.66666666666667
2019-08-20,54.791666666666664
2019-08-21,59.125
2019-08-22,65.125
2019-08-23,66.79166666666667
2019-08-24,69.66666666666667
2019-08-25,66.0
2019-08-26,67.16666666666667
2019-08-27,63.541666666666664
2019-08-28,61.833333333333336
2019-08-29,55.708333333333336
2019-08-30,56.333333333333336
2019-08-31,58.25
2019-09-01,58.916666666666664
2019-09-02,56.958333333333336
2019-09-03,53.375
2019-09-04,66.0
2019-09-05,72.04166666666667
2019-09-06,68.33333333333333
2019-09-07,68.5
2019-09-08,65.79166666666667
2019-09-09,67.08333333333333
2019-09-10,68.04166666666667
2019-09-11,70.83333333333333
2019-09-12,64.54166666666667
2019-09-13,67.81818181818181
2019-09-14,67.79166666666667
2019-09-15,62.291666666666664
2019-09-16,59.875
2019-09-17,63.041666666666664
2019-09-18,70.45833333333333
2019-09-19,70.16666666666667
2019-09-20,64.95833333333333
2019-09-21,62.875
2019-09-22,60.291666666666664
2019-09-23,57.833333333333336
2019-09-24,63.0
2019-09-25,68.83333333333333
2019-09-26,63.916666666666664
2019-09-27,62.041666666666664
2019-09-28,70.08333333333333
2019-09-29,80.0
2019-09-30,76.375
2019-10-01,66.54166666666667
2019-10-02,68.91666666666667
2019-10-03,69.25
2019-10-04,66.20833333333333
2019-10-05,60.958333333333336
2019-10-06,56.5
2019-10-07,54.041666666666664
2019-10-08,56.833333333333336
2019-10-09,59.375
2019-10-10,68.54166666666667
2019-10-11,61.791666666666664
2019-10-12,64.125
2019-10-13,62.375
2019-10-14,69.58333333333333
2019-10-15,61.208333333333336
2019-10-16,63.958333333333336
2019-10-17,80.5
2019-10-18,76.25
2019-10-19,70.16666666666667
2019-10-20,75.83333333333333
2019-10-21,68.625
2019-10-22,74.04166666666667
2019-10-23,65.16666666666667
2019-10-24,68.45833333333333
2019-10-25,71.70833333333333
2019-10-26,72.79166666666667
2019-10-27,72.25
2019-10-28,72.95833333333333
2019-10-29,70.0
2019-10-30,67.75
2019-10-31,65.83333333333333
2019-11-01,63.666666666666664
2019-11-02,72.54166666666667
2019-11-03,63.916666666666664
2019-11-04,63.958333333333336
2019-11-05,67.29166666666667
2019-11-06,64.70833333333333
2019-11-07,60.38095238095238
2019-11-08,45.93333333333333
2019-11-09,55.25
2019-11-10,60.083333333333336
2019-11-11,59.083333333333336
2019-11-12,67.45833333333333
2019-11-13,70.08333333333333
2019-11-14,63.791666666666664
2019-11-15,67.70833333333333
2019-11-16,62.666666666666664
2019-11-17,67.58333333333333
2019-11-18,66.75
2019-11-19,67.75
2019-11-20,69.125
2019-11-21,68.875
2019-11-22,64.16666666666667
2019-11-23,65.375
2019-11-24,73.5
2019-11-25,68.66666666666667
2019-11-26,69.45833333333333
2019-11-27,67.33333333333333
2019-11-28,61.5
2019-11-29,59.166666666666664
2019-11-30,57.5
2019-12-01,54.708333333333336
2019-12-02,57.666666666666664
2019-12-03,57.833333333333336
2019-12-04,62.916666666666664
2019-12-05,63.833333333333336
2019-12-06,53.625
2019-12-07,49.041666666666664
2019-12-08,56.083333333333336
2019-12-09,61.291666666666664
2019-12-10,63.583333333333336
2019-12-11,57.75
2019-12-12,60.875
2019-12-13,50.875
2019-12-14,47.0
2019-12-15,55.458333333333336
2019-12-16,59.291666666666664
2019-12-17,61.791666666666664
2019-12-18,60.875
2019-12-19,60.333333333333336
2019-12-20,61.875
2019-12-21,66.45833333333333
2019-12-22,74.04166666666667
2019-12-23,65.25
2019-12-24,56.541666666666664
2019-12-25,53.19047619047619
2019-12-26,47.77777777777778
2019-12-27,59.416666666666664
2019-12-28,63.041666666666664
2019-12-29,64.29166666666667
2019-12-30,61.125
2019-12-31,56.708333333333336
2020-01-01,56.75
2020-01-02,60.625
2020-01-03,56.541666666666664
2020-01-04,69.66666666666667
2020-01-06,37.111111111111114
2020-01-07,40.541666666666664
2020-01-08,44.75
2020-01-09,51.041666666666664
2020-01-10,49.208333333333336
2020-01-11,46.291666666666664
2020-01-12,45.916666666666664
2020-01-13,48.166666666666664
2020-01-14,39.13333333333333
2020-01-15,50.416666666666664
2020-01-16,54.916666666666664
2020-01-17,49.083333333333336
2020-01-18,45.375
2020-01-19,64.75
2020-01-20,64.29166666666667
2020-01-21,59.833333333333336
2020-01-22,59.541666666666664
2020-01-23,55.458333333333336
2020-01-24,45.333333333333336
2020-01-25,51.208333333333336
2020-01-26,54.833333333333336
2020-01-27,49.75
2020-01-28,37.875
2020-01-29,33.416666666666664
2020-01-30,34.083333333333336
2020-01-31,48.791666666666664
2020-02-01,61.81818181818182
2020-02-04,70.33333333333333
2020-02-05,75.08333333333333
2020-02-06,52.25
2020-02-07,54.041666666666664
2020-02-08,51.583333333333336
2020-02-09,53.666666666666664
2020-02-10,49.26086956521739
2020-02-11,44.875
2020-02-12,42.125
2020-02-13,44.625
2020-02-14,48.75
2020-02-15,51.25
2020-02-16,48.958333333333336
2020-02-17,45.833333333333336
2020-02-18,41.666666666666664
2020-02-19,43.791666666666664
2020-02-20,42.208333333333336
2020-02-21,44.083333333333336
2020-02-22,41.708333333333336
2020-02-23,47.125
2020-02-24,46.083333333333336
2020-02-25,37.666666666666664
2020-02-26,44.75
2020-02-27,50.416666666666664
2020-02-28,47.875
2020-02-29,44.25
2020-03-01,53.083333333333336
2020-03-02,48.291666666666664
2020-03-03,38.5
2020-03-04,38.5
2020-03-05,38.916666666666664
2020-03-06,51.166666666666664
2020-03-07,47.208333333333336
2020-03-08,48.833333333333336
2020-03-09,52.1875
2020-03-10,38.6
2020-03-11,45.75
2020-03-12,47.583333333333336
2020-03-13,51.041666666666664
2020-03-14,50.166666666666664
2020-03-15,50.791666666666664
2020-03-16,63.875
2020-03-17,56.125
2020-03-18,57.166666666666664
2020-03-19,50.333333333333336
2020-03-20,44.708333333333336
2020-03-21,56.375
2020-03-22,51.0
2020-03-23,47.208333333333336
2020-03-24,41.666666666666664
2020-03-25,40.541666666666664
2020-03-26,35.5
2020-03-27,37.625
2020-03-28,41.375
2020-03-29,39.375
2020-03-30,39.91304347826087
2020-03-31,39.916666666666664
2020-04-01,43.77777777777778
2020-04-02,39.6875
2020-04-03,40.125
2020-04-04,34.958333333333336
2020-04-05,29.333333333333332
2020-04-06,24.208333333333332
2020-04-07,28.333333333333332
2020-04-08,28.833333333333332
2020-04-09,28.041666666666668
2020-04-10,24.541666666666668
2020-04-11,25.375
2020-04-12,21.916666666666668
2020-04-13,28.458333333333332
2020-04-14,31.166666666666668
2020-04-15,31.916666666666668
2020-04-16,27.458333333333332
2020-04-17,32.708333333333336
2020-04-18,40.583333333333336
2020-04-19,41.833333333333336
2020-04-20,40.916666666666664
2020-04-21,43.291666666666664
2020-04-22,50.75
2020-04-23,39.583333333333336
2020-04-24,31.708333333333332
2020-04-25,30.291666666666668
2020-04-26,32.25
2020-04-27,44.208333333333336
2020-04-28,39.083333333333336
2020-04-29,38.541666666666664
2020-04-30,40.875
2020-05-01,42.833333333333336
2020-05-02,37.25
2020-05-03,35.541666666666664
2020-05-04,35.5
2020-05-05,49.833333333333336
2020-05-06,51.416666666666664
2020-05-07,66.375
2020-05-08,62.583333333333336
2020-05-09,58.708333333333336
2020-05-10,46.625
2020-05-11,49.0
2020-05-12,36.958333333333336
2020-05-13,31.166666666666668
2020-05-14,31.666666666666668
2020-05-15,29.75
2020-05-16,24.666666666666668
2020-05-17,25.125
2020-05-18,27.833333333333332
2020-05-19,25.958333333333332
2020-05-20,28.083333333333332
2020-05-21,30.25
2020-05-22,34.375
2020-05-23,39.083333333333336
2020-05-24,37.083333333333336
2020-05-25,29.75
2020-05-26,21.916666666666668
2020-05-27,19.166666666666668
2020-05-28,21.041666666666668
2020-05-29,30.5
2020-05-30,44.958333333333336
2020-05-31,50.25
2020-06-01,43.916666666666664
2020-06-02,38.041666666666664
2020-06-03,40.458333333333336
2020-06-04,37.583333333333336
2020-06-05,38.916666666666664
2020-06-06,55.541666666666664
2020-06-07,64.58333333333333
2020-06-08,63.041666666666664
2020-06-09,60.625
2020-06-10,54.291666666666664
2020-06-11,50.166666666666664
2020-06-12,48.291666666666664
2020-06-13,35.791666666666664
2020-06-14,41.708333333333336
2020-06-15,40.875
2020-06-16,39.458333333333336
2020-06-17,49.375
2020-06-18,54.666666666666664
2020-06-19,57.208333333333336
2020-06-20,54.666666666666664
2020-06-21,58.541666666666664
2020-06-22,68.625
2020-06-23,67.33333333333333
2020-06-24,68.08333333333333
2020-06-25,69.04166666666667
2020-06-26,63.25
2020-06-27,53.708333333333336
2020-06-28,57.666666666666664
2020-06-29,61.833333333333336
2020-06-30,62.125
2020-07-01,65.41666666666667
2020-07-02,66.70833333333333
2020-07-03,63.416666666666664
2020-07-04,66.04166666666667
2020-07-05,65.95833333333333
2020-07-06,61.541666666666664
2020-07-07,62.208333333333336
2020-07-08,70.0
2020-07-09,68.29166666666667
2020-07-10,55.958333333333336
2020-07-11,55.416666666666664
2020-07-12,66.25
2020-07-13,57.958333333333336
2020-07-14,59.041666666666664
2020-07-15,57.166666666666664
2020-07-16,59.333333333333336
2020-07-17,59.541666666666664
2020-07-18,57.75
2020-07-19,61.583333333333336
2020-07-20,60.125
2020-07-21,64.20833333333333
2020-07-22,66.08333333333333
2020-07-23,65.45833333333333
2020-07-24,60.5
2020-07-25,65.08333333333333
2020-07-26,69.58333333333333
2020-07-27,63.833333333333336
2020-07-28,72.08333333333333
2020-07-29,70.08333333333333
2020-07-30,66.16666666666667
2020-07-31,70.1875
2020-08-03,76.88235294117646
2020-08-04,72.20833333333333
2020-08-05,70.04166666666667
2020-08-06,64.20833333333333
2020-08-07,58.791666666666664
2020-08-08,64.5
2020-08-09,71.58333333333333
2020-08-10,69.375
2020-08-11,72.20833333333333
2020-08-12,77.75
2020-08-13,70.79166666666667
2020-08-14,65.375
2020-08-15,71.625
2020-08-16,69.125
2020-08-17,72.58333333333333
2020-08-18,71.20833333333333
2020-08-19,73.83333333333333
2020-08-20,65.91666666666667
2020-08-21,66.95833333333333
2020-08-22,64.20833333333333
2020-08-23,55.833333333333336
2020-08-24,60.875
2020-08-25,68.54166666666667
2020-08-26,68.08333333333333
2020-08-27,76.54166666666667
2020-08-28,73.83333333333333
2020-08-29,71.58333333333333
2020-08-30,69.45833333333333
2020-08-31,65.33333333333333
2020-09-01,57.888888888888886
2020-09-02,61.90909090909091
2020-09-03,53.21052631578947
2020-09-18,68.53846153846153
2020-09-19,68.5
2020-09-20,73.43478260869566
2020-09-21,73.08333333333333
2020-09-22,58.76470588235294
2020-09-23,64.91666666666667
2020-09-24,64.125
2020-09-25,65.625
2020-09-26,67.91666666666667
2020-09-27,63.875
2020-09-28,61.083333333333336
2020-09-29,58.291666666666664
2020-09-30,57.208333333333336
2020-10-01,45.708333333333336
2020-10-02,39.583333333333336
2020-10-03,54.5
2020-10-04,48.958333333333336
2020-10-05,36.0
2020-10-06,33.916666666666664
2020-10-07,39.291666666666664
2020-10-08,53.416666666666664
2020-10-09,64.58333333333333
2020-10-10,68.16666666666667
2020-10-11,64.125
2020-10-12,64.875
2020-10-13,63.208333333333336
2020-10-14,64.75
2020-10-15,64.125
2020-10-16,53.25
2020-10-17,57.541666666666664
2020-10-18,57.541666666666664
2020-10-19,60.375
2020-10-20,57.916666666666664
2020-10-21,63.666666666666664
2020-10-22,59.416666666666664
2020-10-23,49.916666666666664
2020-10-24,45.25
2020-10-25,50.916666666666664
2020-10-26,57.083333333333336
2020-10-27,63.166666666666664
2020-10-28,63.166666666666664
2020-10-29,64.70833333333333
2020-10-30,56.416666666666664
2020-10-31,57.916666666666664
2020-11-01,52.041666666666664
2020-11-02,44.666666666666664
2020-11-03,49.25
2020-11-04,46.291666666666664
2020-11-05,46.708333333333336
2020-11-06,55.958333333333336
2020-11-07,57.916666666666664
2020-11-08,57.958333333333336
2020-11-09,56.875
2020-11-10,55.708333333333336
2020-11-11,59.166666666666664
2020-11-12,58.083333333333336
2020-11-13,60.416666666666664
2020-11-14,61.916666666666664
2020-11-15,54.125
2020-11-16,45.666666666666664
2020-11-17,53.125
2020-11-18,52.875
2020-11-19,50.625
2020-11-20,53.708333333333336
2020-11-21,56.375
2020-11-22,50.208333333333336
2020-11-23,49.75
2020-11-24,54.166666666666664
2020-11-25,54.875
2020-11-26,54.208333333333336
2020-11-27,52.958333333333336
2020-11-28,55.291666666666664
2020-11-29,60.583333333333336
2020-11-30,65.54166666666667
2020-12-01,61.916666666666664
2020-12-02,61.208333333333336
2020-12-03,61.25
2020-12-04,59.0
2020-12-05,56.0
2020-12-06,60.166666666666664
2020-12-07,61.5
2020-12-08,66.04166666666667
2020-12-09,60.083333333333336
2020-12-10,62.833333333333336
2020-12-11,62.458333333333336
2020-12-12,57.083333333333336
2020-12-13,56.25
2020-12-14,58.125
2020-12-15,58.541666666666664
2020-12-16,57.458333333333336
2020-12-17,57.0
2020-12-18,56.208333333333336
2020-12-19,51.791666666666664
2020-12-20,50.791666666666664
2020-12-21,56.041666666666664
2020-12-22,57.666666666666664
2020-12-23,55.73684210526316
2020-12-24,32.5
2020-12-25,54.208333333333336
2020-12-26,50.25
2020-12-27,43.541666666666664
2020-12-28,45.041666666666664
2020-12-29,51.166666666666664
2020-12-30,48.291666666666664
2020-12-31,41.75
2021-01-01,48.625
2021-01-02,39.916666666666664
2021-01-03,39.666666666666664
2021-01-04,46.791666666666664
2021-01-05,48.041666666666664
2021-01-06,48.041666666666664
2021-01-07,48.541666666666664
2021-01-08,56.083333333333336
2021-01-09,59.916666666666664
2021-01-10,54.166666666666664
2021-01-11,51.375
2021-01-12,48.875
2021-01-13,51.625
2021-01-14,49.291666666666664
2021-01-15,46.833333333333336
2021-01-16,50.458333333333336
2021-01-17,54.791666666666664
2021-01-18,58.666666666666664
2021-01-19,55.416666666666664
2021-01-20,56.208333333333336
2021-01-21,51.708333333333336
2021-01-22,50.416666666666664
2021-01-23,49.083333333333336
2021-01-24,48.25
2021-01-25,49.75
2021-01-26,48.5
2021-01-27,46.583333333333336
2021-01-28,49.041666666666664
2021-01-29,50.333333333333336
2021-01-30,45.375
2021-01-31,43.791666666666664
2021-02-01,43.95652173913044
2021-02-02,36.958333333333336
2021-02-03,34.125
2021-02-04,43.375
2021-02-05,40.416666666666664
2021-02-06,42.791666666666664
2021-02-07,45.208333333333336
2021-02-08,43.541666666666664
2021-02-09,42.875
2021-02-10,47.083333333333336
2021-02-11,43.125
2021-02-12,36.958333333333336
2021-02-13,28.875
2021-02-14,35.791666666666664
2021-02-15,34.5
2021-02-16,30.958333333333332
2021-02-17,32.166666666666664
2021-02-18,28.75
2021-02-19,30.083333333333332
2021-02-20,37.25
2021-02-21,42.541666666666664
2021-02-22,39.916666666666664
2021-02-23,39.291666666666664
2021-02-24,38.666666666666664
2021-02-25,42.75
2021-02-26,41.791666666666664
2021-02-27,40.958333333333336
2021-02-28,40.458333333333336
2021-03-01,36.75
2021-03-02,37.583333333333336
2021-03-03,36.625
2021-03-04,39.5
2021-03-05,32.375
2021-03-06,36.708333333333336
2021-03-07,41.291666666666664
2021-03-08,36.75
2021-03-09,35.291666666666664
2021-03-10,36.625
2021-03-11,39.75
2021-03-12,40.625
2021-03-13,37.75
2021-03-14,37.375
2021-03-15,37.0
2021-03-16,32.333333333333336
2021-03-17,33.166666666666664
2021-03-18,41.833333333333336
2021-03-19,49.541666666666664
2021-03-20,41.875
2021-03-21,43.125
2021-03-22,35.666666666666664
2021-03-23,28.041666666666668
2021-03-24,26.791666666666668
2021-03-25,26.791666666666668
2021-03-26,29.333333333333332
2021-03-27,28.958333333333332
2021-03-28,28.208333333333332
2021-03-29,37.375
2021-03-30,33.791666666666664
2021-03-31,32.208333333333336
2021-04-01,38.0
2021-04-02,41.25
2021-04-03,36.833333333333336
2021-04-04,24.958333333333332
2021-04-05,34.875
2021-04-06,47.95652173913044
2021-04-07,36.333333333333336
2021-04-08,30.041666666666668
2021-04-09,27.833333333333332
2021-04-10,22.916666666666668
2021-04-11,23.791666666666668
2021-04-12,28.291666666666668
2021-04-13,28.833333333333332
2021-04-14,30.041666666666668
2021-04-15,26.125
2021-04-16,22.541666666666668
2021-04-17,26.625
2021-04-18,21.708333333333332
2021-04-19,17.75
2021-04-20,16.375
2021-04-21,15.416666666666666
2021-04-22,19.791666666666668
2021-04-23,19.625
2021-04-24,22.041666666666668
2021-04-25,28.041666666666668
2021-04-26,31.541666666666668
2021-04-27,29.708333333333332
2021-04-28,34.041666666666664
2021-04-29,37.083333333333336
2021-04-30,39.583333333333336
2021-05-01,39.0
2021-05-02,33.791666666666664
2021-05-03,28.875
2021-05-04,27.541666666666668
2021-05-05,31.291666666666668
2021-05-06,44.583333333333336
2021-05-07,42.875
2021-05-08,52.083333333333336
2021-05-09,59.0
2021-05-10,59.083333333333336
2021-05-11,59.125
2021-05-12,57.541666666666664
2021-05-13,56.25
2021-05-14,52.40909090909091
2021-05-15,56.166666666666664
2021-05-16,51.958333333333336
2021-05-17,56.25
2021-05-18,47.875
2021-05-19,36.916666666666664
2021-05-20,27.958333333333332
2021-05-21,22.25
2021-05-22,24.625
2021-05-23,26.666666666666668
2021-05-24,36.5
2021-05-25,27.333333333333332
2021-05-26,29.416666666666668
2021-05-27,31.833333333333332
2021-05-28,38.708333333333336
2021-05-29,53.458333333333336
2021-05-30,56.041666666666664
2021-05-31,61.875
2021-06-01,61.125
2021-06-02,69.75
2021-06-03,71.83333333333333
2021-06-04,66.04166666666667
2021-06-05,62.25
2021-06-06,64.54166666666667
2021-06-07,55.416666666666664
2021-06-08,49.541666666666664
2021-06-09,59.0
2021-06-10,52.791666666666664
2021-06-11,50.75
2021-06-12,69.29166666666667
2021-06-13,73.75
2021-06-14,70.45833333333333
2021-06-15,51.166666666666664
2021-06-16,45.541666666666664
2021-06-17,54.666666666666664
2021-06-18,66.54166666666667
2021-06-19,80.33333333333333
2021-06-20,69.125
2021-06-21,67.25
2021-06-22,69.29166666666667
2021-06-23,68.29166666666667
2021-06-24,70.66666666666667
2021-06-25,70.41666666666667
2021-06-26,70.125
2021-06-27,78.875
2021-06-28,76.125
2021-06-29,66.16666666666667
2021-06-30,64.0
2021-07-01,70.125
2021-07-02,71.08333333333333
2021-07-03,70.16666666666667
2021-07-04,66.5
2021-07-05,64.375
2021-07-06,65.25
2021-07-07,71.45833333333333
2021-07-08,68.58333333333333
2021-07-09,67.375
2021-07-10,66.08333333333333
2021-07-11,71.58333333333333
2021-07-12,73.08333333333333
2021-07-13,72.16666666666667
2021-07-14,69.625
2021-07-15,72.33333333333333
2021-07-16,60.875
2021-07-17,67.33333333333333
2021-07-18,69.08333333333333
2021-07-19,61.458333333333336
2021-07-20,60.125
2021-07-21,64.0
2021-07-22,71.04166666666667
2021-07-23,67.91666666666667
2021-07-24,56.375
2021-07-25,58.0
2021-07-26,60.291666666666664
2021-07-27,63.416666666666664
2021-07-28,62.625
2021-07-29,59.708333333333336
2021-07-30,63.958333333333336
2021-07-31,65.91666666666667
2021-08-01,62.25
2021-08-02,63.166666666666664
2021-08-03,72.04166666666667
2021-08-04,72.16666666666667
2021-08-05,70.29166666666667
2021-08-06,74.29166666666667
2021-08-07,72.41666666666667
2021-08-08,69.33333333333333
2021-08-09,68.70833333333333
2021-08-10,70.66666666666667
2021-08-11,65.79166666666667
2021-08-12,67.875
2021-08-13,66.25
2021-08-14,72.08333333333333
2021-08-15,63.75
2021-08-16,65.875
2021-08-17,65.95833333333333
2021-08-18,66.79166666666667
2021-08-19,67.95833333333333
2021-08-20,57.833333333333336
2021-08-21,74.125
2021-08-22,75.16666666666667
2021-08-23,70.375
2021-08-24,69.33333333333333
2021-08-25,59.75
2021-08-26,59.333333333333336
2021-08-27,70.20833333333333
2021-08-28,78.45833333333333
2021-08-29,74.58333333333333
2021-08-30,78.66666666666667
2021-08-31,75.5
2021-09-01,78.375
2021-09-02,77.66666666666667
2021-09-03,74.04166666666667
2021-09-04,75.20833333333333
2021-09-05,74.75
2021-09-06,78.125
2021-09-07,73.625
2021-09-08,75.04166666666667
2021-09-09,68.17647058823529
2021-09-10,52.11764705882353
2021-09-11,55.833333333333336
2021-09-12,60.916666666666664
2021-09-13,74.58333333333333
2021-09-14,72.08333333333333
2021-09-15,68.91666666666667
2021-09-16,64.75
2021-09-17,70.33333333333333
2021-09-18,73.70833333333333
2021-09-19,72.66666666666667
2021-09-20,70.41666666666667
2021-09-21,67.54166666666667
2021-09-22,60.416666666666664
2021-09-23,60.625
2021-09-24,63.875
2021-09-25,68.83333333333333
2021-09-26,68.20833333333333
2021-09-27,69.91666666666667
2021-09-28,70.66666666666667
2021-09-29,65.29166666666667
2021-09-30,66.16666666666667
2021-10-01,73.875
2021-10-02,68.0
2021-10-03,74.16666666666667
2021-10-04,68.04166666666667
2021-10-05,71.25
2021-10-06,75.25
2021-10-07,61.705882352941174
2021-10-08,54.625
2021-10-09,60.625
2021-10-10,67.54166666666667
2021-10-11,66.16666666666667
2021-10-12,64.29166666666667
2021-10-13,66.04166666666667
2021-10-14,65.0
2021-10-15,57.958333333333336
2021-10-16,56.875
2021-10-17,57.666666666666664
2021-10-18,59.333333333333336
2021-10-19,64.0
2021-10-20,62.875
2021-10-21,59.708333333333336
2021-10-22,61.666666666666664
2021-10-23,62.916666666666664
2021-10-24,66.91666666666667
2021-10-25,80.29166666666667
2021-10-26,69.83333333333333
2021-10-27,67.58333333333333
2021-10-28,67.0
2021-10-29,66.33333333333333
2021-10-30,62.666666666666664
2021-10-31,62.5
2021-11-01,62.875
2021-11-02,58.208333333333336
2021-11-03,54.0
2021-11-04,58.25
2021-11-05,58.458333333333336
2021-11-06,48.625
2021-11-07,51.666666666666664
2021-11-08,74.75
2022-03-14,31.125
2022-03-15,50.25
2022-03-16,42.6875
2022-03-17,43.75
2022-03-18,36.083333333333336
2022-03-19,27.083333333333332
2022-03-20,24.166666666666668
2022-03-21,31.083333333333332
2022-03-22,24.708333333333332
2022-03-23,21.625
2022-03-24,19.791666666666668
2022-03-25,23.458333333333332
2022-03-26,21.458333333333332
2022-03-27,24.541666666666668
2022-03-28,26.75
2022-03-29,28.083333333333332
2022-03-30,24.416666666666668
2022-03-31,24.291666666666668
2022-04-01,25.083333333333332
2022-04-02,26.791666666666668
2022-04-03,28.791666666666668
2022-04-04,26.041666666666668
2022-04-05,25.869565217391305
2022-04-06,24.625
2022-04-07,29.375
2022-04-08,50.083333333333336
2022-04-09,56.416666666666664
2022-04-10,52.708333333333336
2022-04-11,52.833333333333336
2022-04-12,45.333333333333336
2022-04-13,38.75
2022-04-14,40.166666666666664
2022-04-15,33.958333333333336
2022-04-16,29.083333333333332
2022-04-17,23.333333333333332
2022-04-18,23.541666666666668
2022-04-19,38.95454545454545
2022-04-20,30.75
2022-04-21,29.666666666666668
2022-04-22,35.291666666666664
2022-04-23,43.25
2022-04-24,47.416666666666664
2022-04-25,39.166666666666664
2022-04-26,33.458333333333336
2022-04-27,46.958333333333336
2022-04-28,44.875
2022-04-29,38.666666666666664
2022-04-30,32.708333333333336
2022-05-01,24.125
2022-05-02,22.291666666666668
2022-05-03,21.5
2022-05-04,23.541666666666668
2022-05-05,25.875
2022-05-06,30.833333333333332
2022-05-07,33.75
2022-05-08,32.583333333333336
2022-05-09,30.416666666666668
2022-05-10,31.833333333333332
2022-05-11,33.333333333333336
2022-05-12,31.541666666666668
2022-05-13,37.708333333333336
2022-05-14,49.708333333333336
2022-05-15,41.541666666666664
2022-05-16,40.333333333333336
2022-05-17,34.208333333333336
2022-05-23,33.54545454545455
2022-05-24,45.833333333333336
2022-05-25,42.375
2022-05-26,54.77777777777778
2022-06-01,51.583333333333336
2022-06-02,51.125
2022-06-03,49.166666666666664
2022-06-04,61.333333333333336
2022-06-05,58.25
2022-06-06,51.791666666666664
2022-06-07,52.625
2022-06-08,56.666666666666664
2022-06-09,71.58333333333333
2022-06-10,63.708333333333336
2022-06-11,61.25
2022-06-12,55.208333333333336
2022-06-13,58.541666666666664
2022-06-14,67.41666666666667
2022-06-15,72.54166666666667
2022-06-16,68.95833333333333
2022-06-17,66.79166666666667
2022-06-18,63.833333333333336
2022-06-19,65.58333333333333
2022-06-20,56.791666666666664
2022-06-21,57.833333333333336
2022-06-22,67.54166666666667
2022-06-23,65.375
2022-06-24,65.16666666666667
2022-06-25,62.8421052631579
2022-06-26,71.0
2022-06-27,74.0
2022-06-29,51.84615384615385
2022-06-30,60.791666666666664
2022-07-01,64.0
2022-07-02,64.04166666666667
2022-07-03,61.666666666666664
2022-07-04,59.208333333333336
2022-07-05,68.45833333333333
2022-07-06,66.66666666666667
2022-07-07,65.66666666666667
2022-07-08,64.25
2022-07-09,68.41666666666667
2022-07-10,61.458333333333336
2022-07-11,63.416666666666664
2022-07-12,60.25
2022-07-13,62.125
2022-07-14,62.041666666666664
2022-07-15,72.79166666666667
2022-07-16,69.70833333333333
2022-07-17,70.875
2022-07-18,72.875
2022-07-19,65.125
2022-07-20,63.041666666666664
2022-07-21,59.083333333333336
2022-07-22,59.708333333333336
2022-07-23,63.25
2022-07-24,64.08333333333333
2022-07-25,66.79166666666667
2022-07-26,61.5
2022-07-27,73.41666666666667
2022-07-28,69.16666666666667
2022-07-29,68.66666666666667
2022-07-30,72.5
2022-07-31,69.66666666666667
2022-08-01,70.8695652173913
2022-08-02,71.16666666666667
2022-08-03,61.0
2022-08-04,61.5
2022-08-05,64.33333333333333
2022-08-06,65.54166666666667
2022-08-07,64.66666666666667
2022-08-08,63.958333333333336
2022-08-09,65.125
2022-08-10,68.125
2022-08-11,61.958333333333336
2022-08-12,64.58333333333333
2022-08-13,65.875
2022-08-14,74.5
2022-08-15,73.45833333333333
2022-08-16,68.125
2022-08-17,67.66666666666667
2022-08-18,64.375
2022-08-19,70.79166666666667
2022-08-20,68.45833333333333
2022-08-21,69.83333333333333
2022-08-22,67.375
2022-08-23,67.41666666666667
2022-08-24,66.79166666666667
2022-08-25,61.791666666666664
2022-08-26,63.666666666666664
2022-08-27,63.708333333333336
2022-08-28,65.79166666666667
2022-08-29,70.95833333333333
2022-08-30,63.958333333333336
2022-08-31,65.66666666666667
2022-09-01,71.875
2022-09-02,65.83333333333333
2022-09-03,59.416666666666664
2022-09-04,61.541666666666664
2022-09-05,76.375
2022-09-06,67.875
2022-09-27,49.285714285714285
2022-09-28,61.208333333333336
2022-09-29,57.125
2022-09-30,54.666666666666664
2022-10-01,59.666666666666664
2022-10-02,62.5
2022-10-03,62.0
2022-10-04,72.08333333333333
2022-10-05,67.08333333333333
2022-10-06,67.5
2022-10-07,67.29166666666667
2022-10-08,63.5
2022-10-09,61.541666666666664
2022-10-10,60.5
2022-10-11,57.916666666666664
2022-10-12,52.208333333333336
2022-10-13,49.875
2022-10-14,51.833333333333336
2022-10-15,52.666666666666664
2022-10-16,58.916666666666664
2022-10-17,68.16666666666667
2022-10-18,72.33333333333333
2022-10-19,64.625
2022-10-20,62.791666666666664
2022-10-21,70.54166666666667
2022-10-22,67.25
2022-10-23,65.45833333333333
2022-10-24,70.0
2022-10-25,65.375
2022-10-26,66.16666666666667
2022-10-27,67.20833333333333
2022-10-28,70.29166666666667
2022-10-29,70.70833333333333
2022-10-30,65.5
2022-10-31,67.25
2022-11-01,63.875
2022-11-02,60.916666666666664
2022-11-03,62.208333333333336
2022-11-04,62.625
2022-11-05,57.5
2022-11-06,59.708333333333336
2022-11-07,54.0
2022-11-08,51.666666666666664
2022-11-09,47.791666666666664
2022-11-10,51.75
2022-11-11,62.416666666666664
2022-11-12,64.91666666666667
2022-11-13,64.125
2022-11-14,60.291666666666664
2022-11-15,58.458333333333336
2022-11-16,57.041666666666664
2022-11-17,56.958333333333336
2022-11-18,61.25
2022-11-19,64.70833333333333
2022-11-20,70.0
2022-11-21,70.20833333333333
2022-11-22,65.04166666666667
2022-11-23,63.958333333333336
2022-11-24,64.58333333333333
2022-11-25,65.91666666666667
2022-11-26,58.375
2022-11-27,60.375
2022-11-28,59.541666666666664
2022-11-29,62.291666666666664
2022-11-30,62.041666666666664
2022-12-01,67.25
2022-12-02,63.458333333333336
2022-12-03,58.791666666666664
2022-12-04,48.25
2022-12-05,54.208333333333336
2022-12-06,57.208333333333336
2022-12-07,60.75
2022-12-08,52.291666666666664
2022-12-09,52.875
2022-12-10,54.833333333333336
2022-12-11,59.416666666666664
2022-12-12,60.25
2022-12-13,59.875
2022-12-14,55.875
2022-12-15,57.625
2022-12-16,56.208333333333336
2022-12-17,59.0
2022-12-18,56.708333333333336
2022-12-19,53.208333333333336
2022-12-20,51.041666666666664
2022-12-21,54.541666666666664
2022-12-22,53.75
2022-12-23,58.25
2022-12-24,59.958333333333336
2022-12-25,68.16666666666667
2022-12-26,65.20833333333333
2022-12-27,59.041666666666664
2022-12-28,56.75
2022-12-29,55.041666666666664
2022-12-30,56.0
2022-12-31,56.708333333333336
2023-01-01,59.666666666666664
2023-01-02,55.75
2023-01-03,50.125
2023-01-04,50.583333333333336
2023-01-05,45.875
2023-01-06,45.541666666666664
2023-01-07,48.0
2023-01-08,50.541666666666664
2023-01-09,55.25
2023-01-10,57.958333333333336
2023-01-11,58.708333333333336
2023-01-12,49.041666666666664
2023-01-13,46.0
2023-01-14,40.541666666666664
2023-01-15,50.541666666666664
2023-01-16,52.791666666666664
2023-01-17,56.416666666666664
2023-01-18,53.75
2023-01-19,47.833333333333336
2023-01-20,49.416666666666664
2023-01-21,54.958333333333336
2023-01-22,52.625
2023-01-23,55.625
2023-01-24,43.666666666666664
2023-01-25,39.75
2023-01-26,47.5
2023-01-27,49.333333333333336
2023-01-28,46.333333333333336
2023-01-29,44.416666666666664
2023-01-30,43.875
2023-01-31,47.625
2023-02-01,52.208333333333336
2023-02-02,48.083333333333336
2023-02-03,49.458333333333336
2023-02-04,40.958333333333336
2023-02-05,41.041666666666664
2023-02-06,37.875
2023-02-07,47.0
2023-02-08,51.75
2023-02-09,47.75
2023-02-10,44.541666666666664
2023-02-11,54.27777777777778
2023-02-13,35.0
2023-02-14,43.416666666666664
2023-02-15,35.333333333333336
2023-02-16,36.041666666666664
2023-02-17,38.916666666666664
2023-02-18,43.75
2023-02-19,43.125
2023-02-20,39.75
2023-02-21,46.0
2023-02-22,40.208333333333336
2023-02-23,39.416666666666664
2023-02-24,39.583333333333336
2023-02-25,42.916666666666664
2023-02-26,42.125
2023-02-27,35.125
2023-02-28,36.625
2023-03-01,37.541666666666664
2023-03-02,33.958333333333336
2023-03-03,37.333333333333336
2023-03-04,49.5
2023-03-05,39.958333333333336
2023-03-06,35.291666666666664
2023-03-07,46.125
2023-03-08,41.583333333333336
2023-03-09,39.958333333333336
2023-03-10,41.333333333333336
2023-03-11,38.833333333333336
2023-03-12,37.666666666666664
2023-03-13,40.333333333333336
2023-03-14,46.375
2023-03-15,61.583333333333336
2023-03-16,56.041666666666664
2023-03-17,46.625
2023-03-18,43.208333333333336
2023-03-19,38.958333333333336
2023-03-20,36.916666666666664
2023-03-21,29.708333333333332
2023-03-22,31.416666666666668
2023-03-23,31.416666666666668
2023-03-24,31.666666666666668
2023-03-25,28.291666666666668
2023-03-26,33.041666666666664
2023-03-27,30.541666666666668
2023-03-28,26.666666666666668
2023-03-29,32.208333333333336
2023-03-30,46.041666666666664
2023-03-31,38.666666666666664
2023-04-01,33.625
2023-04-02,32.625
2023-04-03,32.833333333333336
2023-04-04,38.958333333333336
2023-04-05,38.583333333333336
2023-04-06,38.666666666666664
2023-04-07,37.875
2023-04-08,28.625
2023-04-09,35.5
2023-04-10,45.583333333333336
2023-04-11,53.708333333333336
2023-04-12,54.166666666666664
2023-04-13,36.375
2023-04-14,32.375
2023-04-15,27.291666666666668
2023-04-16,28.791666666666668
2023-04-17,41.041666666666664
2023-04-18,33.791666666666664
2023-04-19,34.291666666666664
2023-04-20,34.708333333333336
2023-04-21,36.291666666666664
2023-04-22,42.25
2023-04-23,42.833333333333336
2023-04-24,38.416666666666664
2023-04-25,30.75
2023-04-26,29.708333333333332
2023-04-27,32.375
2023-04-28,32.0
2023-04-29,25.833333333333332
2023-04-30,23.708333333333332
2023-05-01,26.625
2023-05-02,24.666666666666668
2023-05-03,26.5
2023-05-04,31.541666666666668
2023-05-05,36.916666666666664
2023-05-06,37.416666666666664
2023-05-07,38.208333333333336
2023-05-08,40.25
2023-05-09,36.333333333333336
2023-05-10,42.583333333333336
2023-05-11,35.625
2023-05-12,56.541666666666664
2023-05-13,46.916666666666664
2023-05-14,47.083333333333336
2023-05-15,39.416666666666664
2023-05-16,45.666666666666664
2023-05-17,39.916666666666664
2023-05-18,43.958333333333336
2023-05-19,44.375
2023-05-20,52.875
2023-05-21,51.958333333333336
2023-05-22,52.958333333333336
2023-05-23,57.166666666666664
2023-05-24,47.416666666666664
2023-05-25,53.25
2023-05-26,47.583333333333336
2023-05-27,55.75
2023-05-28,65.0
2023-05-29,56.541666666666664
2023-05-30,48.333333333333336
2023-05-31,46.416666666666664
2023-06-01,39.416666666666664
2023-06-02,32.25
2023-06-03,26.333333333333332
2023-06-04,25.875
2023-06-05,29.75
2023-06-06,51.583333333333336
2023-06-07,55.166666666666664
2023-06-08,44.833333333333336
2023-06-09,34.666666666666664
2023-06-10,38.25
2023-06-11,32.791666666666664
2023-06-12,33.416666666666664
2023-06-13,32.125
2023-06-14,34.833333333333336
2023-06-15,39.125
2023-06-16,44.82608695652174
2023-06-17,46.0
2023-06-18,44.375
2023-06-19,41.291666666666664
2023-06-20,45.458333333333336
2023-06-21,44.333333333333336
2023-06-22,38.0
2023-06-23,39.375
2023-06-24,36.25
2023-06-25,43.833333333333336
2023-06-26,57.416666666666664
2023-06-27,53.416666666666664
2023-06-28,62.291666666666664
2023-06-29,66.04166666666667
2023-06-30,68.625
2023-07-01,63.291666666666664
2023-07-02,62.583333333333336
2023-07-03,60.041666666666664
2023-07-04,62.125
2023-07-05,63.333333333333336
2023-07-06,62.583333333333336
2023-07-07,61.458333333333336
2023-07-08,60.25
2023-07-09,74.21428571428571
2023-07-10,60.27272727272727
2023-07-11,61.833333333333336
2023-07-12,58.208333333333336
2023-07-13,53.083333333333336
2023-07-14,55.375
2023-07-15,55.458333333333336
2023-07-16,52.958333333333336
2023-07-17,58.708333333333336
2023-07-18,61.541666666666664
2023-07-19,54.291666666666664
2023-07-20,56.291666666666664
2023-07-21,58.833333333333336
2023-07-22,66.5
2023-07-23,70.20833333333333
2023-07-24,69.79166666666667
2023-07-25,76.5
2023-07-26,71.16666666666667
2023-07-27,66.04166666666667
2023-07-28,64.66666666666667
2023-07-29,60.041666666666664
2023-07-30,67.83333333333333
2023-07-31,70.41666666666667
2023-08-01,67.125
2023-08-02,63.791666666666664
2023-08-03,63.583333333333336
2023-08-04,71.16666666666667
2023-08-05,69.45833333333333
2023-08-06,68.45833333333333
2023-08-07,62.875
2023-08-08,58.333333333333336
2023-08-09,59.125
2023-08-10,61.958333333333336
2023-08-11,62.708333333333336
2023-08-12,60.791666666666664
2023-08-13,61.833333333333336
2023-08-14,61.541666666666664
2023-08-15,57.25
2023-08-16,57.083333333333336
2023-08-17,71.41666666666667
2023-08-18,67.875
2023-08-19,73.625
2023-08-20,72.41666666666667
2023-08-21,68.625
2023-08-22,66.04166666666667
2023-08-23,61.541666666666664
2023-08-24,56.75
2023-08-25,54.166666666666664
2023-08-26,60.083333333333336
2023-08-27,63.875
2023-08-28,65.125
2023-08-29,69.95833333333333
2023-08-30,68.08333333333333
2023-08-31,72.75
2023-09-01,67.29166666666667
2023-09-02,69.0
2023-09-03,62.291666666666664
2023-09-04,63.75
2023-09-05,67.70833333333333
2023-09-06,67.54166666666667
2023-09-07,70.16666666666667
2023-09-08,64.25
2023-09-09,53.541666666666664
2023-09-10,50.333333333333336
2023-09-11,52.041666666666664
2023-09-12,57.416666666666664
2023-09-13,55.916666666666664
2023-09-14,57.5
2023-09-15,66.41666666666667
2023-09-16,64.66666666666667
2023-09-17,69.875
2023-09-18,67.625
2023-09-19,63.541666666666664
2023-09-20,64.875
2023-09-21,58.666666666666664
2023-09-22,60.041666666666664
2023-09-23,59.5
2023-09-24,57.458333333333336
2023-09-25,50.208333333333336
2023-09-26,45.25
2023-09-27,50.375
2023-09-28,56.333333333333336
2023-09-29,57.208333333333336
2023-09-30,61.791666666666664
2023-10-01,61.208333333333336
2023-10-02,57.041666666666664
2023-10-03,67.79166666666667
2023-10-04,71.95833333333333
2023-10-05,66.91666666666667
2023-10-06,66.70833333333333
2023-10-07,64.29166666666667
2023-10-08,60.291666666666664
2023-10-09,71.33333333333333
2023-10-10,73.29166666666667
2023-10-11,75.04166666666667
2023-10-12,70.79166666666667
2023-10-13,68.5
2023-10-14,66.375
2023-10-15,57.875
2023-10-16,54.875
2023-10-17,60.625
2023-10-18,56.708333333333336
2023-10-19,68.08333333333333
2023-10-20,65.04166666666667
2023-10-21,67.41666666666667
2023-10-22,66.16666666666667
2023-10-23,65.08333333333333
2023-10-24,63.916666666666664
2023-10-25,77.5
2023-10-26,71.91666666666667
2023-10-27,71.95833333333333
2023-10-28,64.75
2023-10-29,66.25
2023-10-30,62.958333333333336
2023-10-31,68.875
2023-11-01,57.958333333333336
2023-11-02,53.791666666666664
2023-11-03,48.958333333333336
2023-11-04,38.875
2023-11-05,42.5
2023-11-06,54.416666666666664
2023-11-07,58.083333333333336
2023-11-08,62.625
2023-11-09,68.875
2023-11-10,67.79166666666667
2023-11-11,67.41666666666667
2023-11-12,65.45833333333333
2023-11-13,63.75
2023-11-14,58.291666666666664
2023-11-15,49.541666666666664
2023-11-16,46.833333333333336
2023-11-17,53.958333333333336
2023-11-18,52.25
2023-11-19,61.208333333333336
2023-11-20,65.875
2023-11-21,67.91666666666667
2023-11-22,64.45833333333333
2023-11-23,70.29166666666667
2023-11-24,64.08333333333333
2023-11-25,60.625
2023-11-26,61.708333333333336
2023-11-27,63.291666666666664
2023-11-28,57.791666666666664
2023-11-29,69.95833333333333
2023-11-30,69.375
2023-12-01,67.91666666666667
2023-12-02,64.375
2023-12-03,63.75
2023-12-04,67.08333333333333
2023-12-05,65.70833333333333
2023-12-06,64.16666666666667
2023-12-07,81.375
2023-12-08,69.25
2023-12-09,61.333333333333336
2023-12-10,59.458333333333336
2023-12-11,72.0
2023-12-12,76.70833333333333
2023-12-13,67.08333333333333
2023-12-14,70.625
2023-12-15,67.20833333333333
2023-12-16,65.04166666666667
2023-12-17,55.583333333333336
2023-12-18,51.041666666666664
2023-12-19,55.416666666666664
2023-12-20,54.583333333333336
2023-12-21,47.416666666666664
2023-12-22,43.166666666666664
2023-12-23,62.5
2023-12-24,64.875
2023-12-25,60.666666666666664
2023-12-26,73.79166666666667
2023-12-27,68.04166666666667
2023-12-28,64.20833333333333
2023-12-29,57.791666666666664
2023-12-30,57.583333333333336
2023-12-31,55.041666666666664
2024-01-01,54.541666666666664
2024-01-02,53.875
2024-01-03,49.833333333333336
2024-01-04,56.333333333333336
2024-01-05,57.083333333333336
2024-01-06,57.458333333333336
2024-01-07,60.541666666666664
2024-01-08,58.375
2024-01-09,60.25
2024-01-10,52.25
2024-01-11,54.708333333333336
2024-01-12,53.416666666666664
2024-01-13,44.666666666666664
2024-01-14,44.0
2024-01-15,42.625
2024-01-16,45.541666666666664
2024-01-17,51.375
2024-01-18,44.208333333333336
2024-01-19,39.041666666666664
2024-01-20,40.125
2024-01-21,51.375
2024-01-22,58.666666666666664
2024-01-23,52.333333333333336
2024-01-24,47.875
2024-01-25,41.333333333333336
2024-01-26,37.0
2024-01-27,36.875
2024-01-28,42.375
2024-01-29,36.208333333333336
2024-01-30,35.5
2024-01-31,37.708333333333336
2024-02-01,55.125
2024-02-02,53.125
2024-02-03,47.833333333333336
2024-02-04,38.833333333333336
2024-02-05,22.208333333333332
2024-02-06,25.208333333333332
2024-02-07,44.083333333333336
2024-02-08,45.666666666666664
2024-02-09,48.041666666666664
2024-02-10,47.5
2024-02-11,35.083333333333336
2024-02-12,39.916666666666664
2024-02-13,34.541666666666664
2024-02-14,43.375
2024-02-15,45.208333333333336
2024-02-16,60.75
2024-02-17,68.25
2024-02-18,52.166666666666664
2024-02-19,38.791666666666664
2024-02-20,33.041666666666664
2024-02-21,38.958333333333336
2024-02-22,34.833333333333336
2024-02-23,33.125
2024-02-24,35.791666666666664
2024-02-25,41.666666666666664
2024-02-26,40.375
2024-02-27,35.166666666666664
2024-02-28,33.958333333333336
2024-02-29,38.916666666666664
2024-03-01,36.0
2024-03-02,36.416666666666664
2024-03-03,37.791666666666664
2024-03-04,38.166666666666664
2024-03-05,36.5
2024-03-06,34.125
2024-03-07,29.958333333333332
2024-03-08,28.208333333333332
2024-03-09,32.208333333333336
2024-03-10,36.333333333333336
2024-03-11,33.75
2024-03-12,30.916666666666668
2024-03-13,34.333333333333336
2024-03-14,33.5
2024-03-15,27.666666666666668
2024-03-16,26.041666666666668
2024-03-17,28.583333333333332
2024-03-18,27.5
2024-03-19,26.875
2024-03-20,25.0
2024-03-21,33.833333333333336
2024-03-22,32.791666666666664
2024-03-23,25.375
2024-03-24,17.375
2024-03-25,19.208333333333332
2024-03-26,21.923076923076923
2024-04-01,30.583333333333332
2024-04-02,37.375
2024-04-03,36.5
2024-04-23,29.083333333333332
2024-04-24,26.375
2024-04-25,29.541666666666668
2024-04-26,29.541666666666668
2024-04-27,26.875
2024-04-28,29.083333333333332
2024-04-29,28.0
2024-04-30,31.041666666666668
2024-05-01,23.791666666666668
2024-05-02,22.791666666666668
2024-05-03,22.916666666666668
2024-05-04,23.583333333333332
2024-05-05,25.541666666666668
2024-05-06,24.416666666666668
2024-05-07,21.083333333333332
2024-05-08,19.391304347826086
2024-05-09,19.833333333333332
2024-05-10,20.416666666666668
2024-05-11,18.083333333333332
2024-05-12,17.5
2024-05-13,25.875
2024-05-14,28.083333333333332
2024-05-15,29.041666666666668
2024-05-16,33.291666666666664
2024-05-17,35.5
2024-05-18,40.083333333333336
2024-05-19,40.208333333333336
2024-05-20,40.791666666666664
2024-05-21,43.166666666666664
2024-05-22,44.916666666666664
2024-05-23,42.25
2024-05-24,35.0
2024-05-25,26.083333333333332
2024-05-26,28.833333333333332
2024-05-27,31.75
2024-05-28,48.333333333333336
2024-05-29,47.916666666666664
2024-05-30,44.666666666666664
2024-05-31,36.541666666666664
2024-06-01,40.416666666666664
2024-06-02,36.833333333333336
2024-06-03,34.083333333333336
2024-06-04,30.833333333333332
2024-06-05,25.041666666666668
2024-06-06,22.375
2024-06-07,26.958333333333332
2024-06-08,42.708333333333336
2024-06-09,46.416666666666664
2024-06-10,44.25
2024-06-11,36.416666666666664
2024-06-12,31.583333333333332
2024-06-13,36.625
2024-06-14,47.23809523809524
2024-06-15,52.23076923076923
2024-07-01,74.81818181818181
2024-07-02,70.5
2024-07-03,69.08333333333333
2024-07-04,67.95833333333333
2024-07-05,60.291666666666664
2024-07-06,60.958333333333336
2024-07-07,58.375
2024-07-08,61.5
2024-07-09,68.79166666666667
2024-07-10,74.95833333333333
2024-07-11,74.70833333333333
2024-07-12,64.58333333333333
2024-07-13,71.95833333333333
2024-07-14,70.875
2024-07-15,64.16666666666667
2024-07-16,66.20833333333333
2024-07-17,72.25
2024-07-18,70.0
2024-07-19,74.08695652173913
2024-07-20,80.79166666666667
2024-07-21,70.125
2024-07-22,70.05263157894737
2024-07-23,65.70833333333333
2024-07-24,71.375
2024-07-25,74.75
2024-07-26,73.04166666666667
2024-07-27,81.16666666666667
2024-07-29,59.84615384615385
2024-07-30,72.66666666666667
2024-07-31,71.46666666666667
2024-08-01,64.8
2024-08-02,72.5
2024-08-03,71.16666666666667
2024-08-04,68.875
2024-08-05,67.375
2024-08-06,65.79166666666667
2024-08-07,66.58333333333333
2024-08-08,61.125
2024-08-09,63.0
2024-08-10,67.375
2024-08-11,73.45833333333333
2024-08-12,71.875
2024-08-13,70.625
2024-08-14,68.125
2024-08-15,70.08333333333333
2024-08-16,71.04166666666667
2024-08-17,74.25
2024-08-18,73.79166666666667
2024-08-19,69.33333333333333
2024-08-20,64.83333333333333
2024-08-21,65.0
2024-08-22,68.125
2024-08-23,74.875
2024-08-24,70.25
2024-08-25,68.70833333333333
2024-08-26,64.25
2024-08-27,67.70833333333333
2024-08-28,69.16666666666667
2024-08-29,70.125
2024-08-30,74.58333333333333
2024-08-31,69.0
2024-09-01,69.45833333333333
2024-09-02,68.875
2024-09-03,67.375
2024-09-04,67.125
2024-09-05,69.54166666666667
2024-09-06,73.5
2024-09-07,65.95833333333333
2024-09-08,59.75
2024-09-09,67.45833333333333
2024-09-10,71.91666666666667
2024-09-11,74.04166666666667
2024-09-12,65.41666666666667
2024-09-13,64.70833333333333
2024-09-14,71.29166666666667
2024-09-15,71.375
2024-09-16,71.16666666666667
2024-09-17,69.41666666666667
2024-09-18,69.91666666666667
2024-09-19,64.875
2024-09-20,66.45833333333333
2024-09-21,63.44444444444444
2024-09-23,53.333333333333336
2024-09-24,66.76923076923077
2024-09-25,67.79166666666667
2024-09-26,82.04166666666667
2024-09-27,81.16666666666667
2024-09-28,68.875
2024-09-29,71.45833333333333
2024-09-30,64.95833333333333
2024-10-01,61.041666666666664
2024-10-02,58.833333333333336
2024-10-03,52.625
2024-10-04,56.291666666666664
2024-10-05,55.333333333333336
2024-10-06,74.83333333333333
2024-10-07,79.66666666666667
2024-10-08,74.91666666666667
2024-10-09,63.041666666666664
2024-10-10,41.833333333333336
2024-10-11,42.333333333333336
2024-10-12,43.958333333333336
2024-10-13,51.904761904761905
2024-10-14,42.13333333333333
2024-10-15,56.875
2024-10-16,56.375
2024-10-17,52.541666666666664
2024-10-18,55.583333333333336
2024-10-19,56.78260869565217
2024-10-20,55.82608695652174
2024-10-21,71.75
2024-10-22,61.208333333333336
2024-10-23,54.416666666666664
2024-10-24,52.333333333333336
2024-10-25,49.458333333333336
2024-10-26,55.666666666666664
2024-10-27,56.041666666666664
2024-10-28,57.625
2024-10-29,59.791666666666664
2024-10-30,57.541666666666664
2024-10-31,47.125
2024-11-01,55.875
2024-11-02,64.04166666666667
2024-11-03,63.583333333333336
2024-11-04,66.625
2024-11-05,63.125
2024-11-06,64.16666666666667
2024-11-07,64.625
2024-11-08,62.291666666666664
2024-11-09,62.958333333333336
2024-11-10,62.166666666666664
2024-11-11,64.25
2024-11-12,62.291666666666664
2024-11-13,58.17391304347826
2024-11-14,48.333333333333336
2024-11-15,54.791666666666664
2024-11-16,61.583333333333336
2024-11-17,61.458333333333336
2024-11-18,62.875
2024-11-19,66.0
2024-11-20,64.70833333333333
2024-11-21,58.458333333333336
2024-11-22,47.041666666666664
2024-11-23,40.416666666666664
2024-11-24,52.958333333333336
2024-11-25,55.708333333333336
2024-11-26,45.791666666666664
2024-11-27,43.875
2024-11-28,47.166666666666664
2024-11-29,44.291666666666664
2024-11-30,43.333333333333336
2024-12-01,44.958333333333336
2024-12-02,46.916666666666664
2024-12-03,46.541666666666664
2024-12-04,50.791666666666664
2024-12-05,51.25
2024-12-06,53.791666666666664
2024-12-07,47.333333333333336
2024-12-08,45.291666666666664
2024-12-09,52.25
2024-12-10,53.833333333333336
2024-12-11,51.916666666666664
2024-12-12,54.666666666666664
2024-12-13,50.625
2024-12-14,44.583333333333336
2024-12-15,46.5
2024-12-16,45.375
2024-12-17,49.75
2024-12-18,52.833333333333336
2024-12-19,55.958333333333336
2024-12-20,57.416666666666664
2024-12-21,52.541666666666664
2024-12-22,62.45
2024-12-23,58.75
2024-12-24,60.416666666666664
2024-12-25,54.416666666666664
2024-12-26,50.541666666666664
2024-12-27,48.25
2024-12-28,63.2
2025-01-02,29.214285714285715
2025-01-03,47.208333333333336
2025-01-04,52.416666666666664
2025-01-05,62.625
2025-01-06,62.541666666666664
2025-01-07,54.5
2025-01-08,58.0
2025-01-09,58.291666666666664
2025-01-10,64.66666666666667
2025-01-11,76.57142857142857
2025-01-13,54.214285714285715
2025-01-14,55.5
2025-01-15,52.916666666666664
2025-01-16,58.791666666666664
2025-01-17,60.291666666666664
2025-01-18,56.0
2025-01-19,51.25
2025-01-20,51.0
2025-01-21,46.19047619047619
2025-01-22,47.875
2025-01-23,44.708333333333336
2025-01-24,48.625
2025-01-25,49.041666666666664
2025-01-26,47.875
2025-01-27,47.916666666666664
2025-01-28,49.458333333333336
2025-01-29,44.625
2025-01-30,42.833333333333336
2025-01-31,39.43478260869565
2025-02-01,43.791666666666664
2025-02-02,44.041666666666664
2025-02-03,42.25
2025-02-04,42.333333333333336
2025-02-05,45.958333333333336
2025-02-06,42.25
2025-02-07,42.625
2025-02-08,47.583333333333336
2025-02-09,51.916666666666664
2025-02-10,51.458333333333336
2025-02-11,47.0
2025-02-12,44.5
2025-02-13,43.833333333333336
2025-02-14,44.083333333333336
2025-02-15,44.916666666666664
2025-02-16,42.625
2025-02-17,54.208333333333336
2025-02-18,59.166666666666664
2025-02-19,50.0
2025-02-20,52.375
2025-02-21,54.625
2025-02-22,58.375
2025-02-23,53.041666666666664
2025-02-24,31.083333333333332
2025-02-25,35.666666666666664
2025-02-26,47.166666666666664
2025-02-27,37.916666666666664
2025-02-28,40.833333333333336
2025-03-01,40.0
2025-03-02,40.333333333333336
2025-03-03,38.291666666666664
2025-03-04,34.583333333333336
2025-03-05,31.0
2025-03-06,29.666666666666668
2025-03-07,31.5
2025-03-08,33.458333333333336
2025-03-09,31.15
