Fecha,Temperatura
2018-03-02,20.625
2018-03-03,20.354166666666668
2018-03-04,20.358333333333334
2018-03-05,20.3625
2018-03-06,20.320833333333333
2018-03-07,20.033333333333335
2018-03-08,20.516666666666666
2018-03-09,20.429166666666667
2018-03-10,20.891666666666666
2018-03-11,21.8625
2018-03-12,21.9375
2018-03-13,21.804166666666664
2018-03-14,20.462500000000002
2018-03-15,20.016666666666666
2018-03-16,20.104166666666668
2018-03-17,20.616666666666667
2018-03-18,20.5625
2018-03-19,21.566666666666666
2018-03-20,21.587500000000002
2018-03-21,21.425
2018-03-22,22.09166666666667
2018-03-23,21.46666666666667
2018-03-24,21.670833333333334
2018-03-25,22.3625
2018-03-26,21.833333333333332
2018-03-27,21.195833333333333
2018-03-28,20.154166666666665
2018-03-29,19.970833333333335
2018-03-30,20.125
2018-03-31,20.783333333333335
2018-04-01,20.945833333333333
2018-04-02,21.270833333333332
2018-04-03,21.916666666666668
2018-04-04,21.5
2018-04-05,22.15416666666667
2018-04-06,21.72083333333333
2018-04-07,20.941666666666666
2018-04-08,20.933333333333334
2018-04-09,21.458333333333332
2018-04-10,21.079166666666666
2018-04-11,18.054166666666667
2018-04-12,18.104166666666668
2018-04-13,19.787499999999998
2018-04-14,20.175
2018-04-15,20.408333333333335
2018-04-16,21.129166666666666
2018-04-17,22.083333333333332
2018-04-18,21.166666666666668
2018-04-19,24.141666666666666
2018-04-20,21.875
2018-04-21,22.675
2018-04-22,22.3125
2018-04-23,22.075
2018-04-24,22.462500000000002
2018-04-25,22.1125
2018-04-26,22.445833333333336
2018-04-27,21.925
2018-04-28,21.304166666666667
2018-04-29,21.733333333333334
2018-04-30,20.158333333333335
2018-05-01,19.229166666666668
2018-05-02,21.075
2018-05-03,21.087500000000002
2018-05-04,21.179166666666667
2018-05-05,20.741666666666667
2018-05-06,19.658333333333335
2018-05-07,20.008333333333333
2018-05-08,18.337500000000002
2018-05-09,19.058333333333334
2018-05-10,19.370833333333334
2018-05-11,18.108333333333334
2018-05-12,20.191666666666666
2018-05-13,21.279166666666665
2018-05-14,20.470833333333335
2018-05-15,22.083333333333332
2018-05-16,22.866666666666664
2018-05-17,23.0625
2018-05-18,22.95
2018-05-19,23.6375
2018-05-20,22.945833333333336
2018-05-21,21.52916666666667
2018-05-22,21.787499999999998
2018-05-23,22.316666666666666
2018-05-24,22.991666666666664
2018-05-25,24.025000000000002
2018-05-26,24.070833333333336
2018-05-27,24.179166666666664
2018-05-28,24.729166666666668
2018-05-29,25.2625
2018-05-30,26.491666666666664
2018-05-31,25.745833333333334
2018-06-01,24.770833333333332
2018-06-02,24.366666666666664
2018-06-03,23.25
2018-06-04,23.141666666666666
2018-06-05,22.891666666666666
2018-06-06,23.275000000000002
2018-06-07,23.7
2018-06-08,21.483333333333334
2018-06-09,20.504166666666666
2018-06-10,21.099999999999998
2018-06-11,20.491666666666667
2018-06-12,19.4875
2018-06-13,18.454166666666666
2018-06-14,19.108333333333334
2018-06-15,19.004166666666666
2018-06-16,20.008333333333333
2018-06-17,19.6875
2018-06-18,17.837500000000002
2018-06-19,17.445833333333333
2018-06-20,18.233333333333334
2018-06-21,18.654166666666665
2018-06-22,19.954166666666666
2018-06-23,19.675
2018-06-24,19.037499999999998
2018-06-25,18.270833333333332
2018-06-26,18.591666666666665
2018-06-27,19.545833333333334
2018-06-28,19.379166666666666
2018-06-29,19.333333333333332
2018-06-30,19.520833333333332
2018-07-01,19.408333333333335
2018-07-02,19.895833333333332
2018-07-03,19.483333333333334
2018-07-04,21.033333333333335
2018-07-05,21.358333333333334
2018-07-06,19.650000000000002
2018-07-07,19.816666666666666
2018-07-08,18.0625
2018-07-09,19.079166666666666
2018-07-10,17.504166666666666
2018-07-11,16.974999999999998
2018-07-12,19.05
2018-07-13,19.020833333333332
2018-07-14,18.7
2018-07-15,19.858333333333334
2018-07-16,19.929166666666667
2018-07-17,19.1
2018-07-18,19.991666666666667
2018-07-19,20.5125
2018-07-20,20.445833333333333
2018-07-21,21.0
2018-07-22,21.55
2018-07-23,21.349999999999998
2018-07-24,20.95
2018-07-25,20.7625
2018-07-26,20.604166666666668
2018-07-27,20.404166666666665
2018-07-28,19.654166666666665
2018-07-29,20.345833333333335
2018-07-30,21.087500000000002
2018-07-31,20.870833333333334
2018-08-01,21.037499999999998
2018-08-02,20.833333333333332
2018-08-03,20.095833333333335
2018-08-04,18.55
2018-08-05,18.433333333333334
2018-08-06,18.679166666666667
2018-08-07,19.054166666666667
2018-08-08,19.729166666666668
2018-08-09,18.070833333333333
2018-08-10,17.966666666666665
2018-08-11,18.462500000000002
2018-08-12,17.820833333333333
2018-08-13,17.533333333333335
2018-08-14,18.75
2018-08-15,19.2375
2018-08-16,19.35833333333333
2018-08-17,19.175
2018-08-18,19.770833333333332
2018-08-19,20.675
2018-08-20,20.508333333333333
2018-08-21,18.3125
2018-08-22,18.566666666666666
2018-08-23,18.691666666666666
2018-08-24,18.325
2018-08-25,18.095833333333335
2018-08-26,18.633333333333333
2018-08-27,18.5625
2018-08-28,18.541666666666668
2018-08-29,18.55
2018-08-30,18.716666666666665
2018-08-31,18.6125
2018-09-01,19.354166666666668
2018-09-02,19.708333333333332
2018-09-03,19.75
2018-09-04,19.474999999999998
2018-09-05,18.966666666666665
2018-09-06,18.2625
2018-09-07,19.216666666666665
2018-09-08,19.183333333333334
2018-09-09,19.279166666666665
2018-09-10,19.675
2018-09-11,20.004166666666666
2018-09-12,19.779166666666665
2018-09-13,19.254166666666666
2018-09-14,19.85
2018-09-15,20.054166666666667
2018-09-16,18.908333333333335
2018-09-17,18.4375
2018-09-18,19.008333333333333
2018-09-19,19.108333333333334
2018-09-20,20.245833333333334
2018-09-21,20.575
2018-09-22,19.483333333333334
2018-09-23,18.783333333333335
2018-09-24,19.266666666666666
2018-09-25,19.079166666666666
2018-09-26,19.354166666666668
2018-09-27,19.116666666666667
2018-09-28,18.466666666666665
2018-09-29,18.291666666666668
2018-09-30,18.704166666666666
2018-10-01,18.599999999999998
2018-10-02,19.054166666666667
2018-10-03,18.525000000000002
2018-10-04,18.3125
2018-10-05,19.383333333333333
2018-10-06,18.412499999999998
2018-10-07,18.154166666666665
2018-10-08,17.845833333333335
2018-10-09,18.8625
2018-10-10,19.775000000000002
2018-10-11,19.704166666666666
2018-10-12,20.0
2018-10-13,20.150000000000002
2018-10-14,19.583333333333332
2018-10-15,19.758333333333333
2018-10-16,19.474999999999998
2018-10-17,18.895833333333332
2018-10-18,19.404166666666665
2018-10-19,19.220833333333335
2018-10-20,18.349999999999998
2018-10-21,18.229166666666668
2018-10-22,18.033333333333335
2018-10-23,17.5875
2018-10-24,18.0125
2018-10-25,19.083333333333332
2018-10-26,19.3
2018-10-27,18.441666666666666
2018-10-28,18.654166666666665
2018-10-29,18.654166666666665
2018-10-30,18.3625
2018-10-31,18.158333333333335
2018-11-01,17.287499999999998
2018-11-02,17.045833333333334
2018-11-03,16.283333333333335
2018-11-04,13.945833333333333
2018-11-05,16.291666666666668
2018-11-06,17.604166666666668
2018-11-07,18.770833333333332
2018-11-08,19.545833333333334
2018-11-09,19.491666666666667
2018-11-10,18.891666666666666
2018-11-11,18.320833333333333
2018-11-12,17.958333333333332
2018-11-13,15.333333333333334
2018-11-14,10.7125
2018-11-15,13.154166666666667
2018-11-16,14.604166666666666
2018-11-17,15.341666666666667
2018-11-18,15.366666666666667
2018-11-19,15.991666666666667
2018-11-20,16.641666666666666
2018-11-21,17.004166666666666
2018-11-22,17.658333333333335
2018-11-23,18.129166666666666
2018-11-24,17.658333333333335
2018-11-25,16.879166666666666
2018-11-26,16.166666666666668
2018-11-27,16.3
2018-11-28,15.625
2018-11-29,12.4
2018-11-30,15.549999999999999
2018-12-01,15.275
2018-12-02,15.325000000000001
2018-12-03,16.616666666666667
2018-12-04,17.233333333333334
2018-12-05,16.958333333333332
2018-12-06,17.9875
2018-12-07,17.9875
2018-12-08,16.2375
2018-12-09,16.283333333333335
2018-12-10,16.083333333333332
2018-12-11,14.700000000000001
2018-12-12,15.854166666666666
2018-12-13,15.862499999999999
2018-12-14,14.620833333333332
2018-12-15,13.595833333333333
2018-12-16,14.674999999999999
2018-12-17,15.470833333333333
2018-12-18,15.391666666666667
2018-12-19,15.470833333333333
2018-12-20,13.533333333333333
2018-12-21,12.3125
2018-12-22,12.9125
2018-12-23,13.5875
2018-12-24,14.166666666666666
2018-12-25,14.691666666666668
2018-12-26,15.141666666666666
2018-12-27,14.475
2018-12-28,14.145833333333334
2018-12-29,15.083333333333334
2018-12-30,14.674999999999999
2018-12-31,14.770833333333334
2019-01-01,15.291666666666666
2019-01-02,14.433333333333332
2019-01-03,15.191666666666668
2019-01-04,16.045833333333334
2019-01-05,16.7375
2019-01-06,17.445833333333333
2019-01-07,18.016666666666666
2019-01-08,16.55
2019-01-09,14.5375
2019-01-10,15.179166666666667
2019-01-11,16.279166666666665
2019-01-12,16.108333333333334
2019-01-13,15.0625
2019-01-14,14.879166666666668
2019-01-15,16.733333333333334
2019-01-16,16.537499999999998
2019-01-17,16.729166666666668
2019-01-18,15.983333333333334
2019-01-19,15.412500000000001
2019-01-20,15.508333333333333
2019-01-21,15.966666666666667
2019-01-22,15.4375
2019-01-23,16.783333333333335
2019-01-24,16.566666666666666
2019-01-25,17.170833333333334
2019-01-26,16.579166666666666
2019-01-27,14.85
2019-01-28,14.4375
2019-01-29,14.820833333333333
2019-01-30,15.004166666666668
2019-01-31,14.816666666666668
2019-02-01,15.304166666666667
2019-02-02,16.6875
2019-02-03,16.954166666666666
2019-02-04,17.3625
2019-02-05,17.933333333333334
2019-02-06,18.775000000000002
2019-02-07,18.420833333333334
2019-02-08,18.329166666666666
2019-02-09,17.55
2019-02-10,17.579166666666666
2019-02-11,18.408333333333335
2019-02-12,18.591666666666665
2019-02-13,17.458333333333332
2019-02-14,18.6125
2019-02-15,19.075
2019-02-16,20.083333333333332
2019-02-17,19.595833333333335
2019-02-18,19.066666666666666
2019-02-19,18.037499999999998
2019-02-20,17.4375
2019-02-21,17.945833333333333
2019-02-22,17.962500000000002
2019-02-23,19.366666666666667
2019-02-24,20.283333333333335
2019-02-25,18.8875
2019-02-26,19.962500000000002
2019-02-27,20.904166666666665
2019-02-28,20.804166666666667
2019-03-01,20.354166666666668
2019-03-02,21.133333333333333
2019-03-03,21.879166666666666
2019-03-04,20.945833333333333
2019-03-05,21.375
2019-03-06,21.25
2019-03-07,20.3875
2019-03-08,21.491666666666664
2019-03-09,21.5125
2019-03-10,21.962500000000002
2019-03-11,21.84583333333333
2019-03-12,20.833333333333332
2019-03-13,18.921739130434784
2019-03-14,19.833333333333332
2019-03-15,19.545833333333334
2019-03-16,18.720833333333335
2019-03-17,19.070833333333333
2019-03-18,18.95
2019-03-19,18.329166666666666
2019-03-20,18.283333333333335
2019-03-21,18.575
2019-03-22,18.370833333333334
2019-03-23,19.349999999999998
2019-03-24,20.191666666666666
2019-03-25,21.337500000000002
2019-03-26,21.066666666666666
2019-03-27,20.429166666666667
2019-03-28,20.520833333333332
2019-03-29,21.333333333333332
2019-03-30,21.120833333333334
2019-03-31,21.208333333333332
2019-04-01,20.291666666666668
2019-04-02,19.741666666666667
2019-04-03,19.579166666666666
2019-04-04,19.620833333333334
2019-04-05,19.916666666666668
2019-04-06,19.729166666666668
2019-04-07,19.920833333333334
2019-04-08,19.7625
2019-04-09,20.391666666666666
2019-04-10,20.558333333333334
2019-04-11,20.779166666666665
2019-04-12,19.349999999999998
2019-04-13,18.991666666666667
2019-04-14,19.770833333333332
2019-04-15,20.729166666666668
2019-04-16,21.229166666666668
2019-04-17,22.5625
2019-04-18,23.195833333333336
2019-04-19,21.875
2019-04-20,22.0125
2019-04-21,22.633333333333336
2019-04-22,22.829166666666666
2019-04-23,23.0625
2019-04-24,21.620833333333334
2019-04-25,20.958333333333332
2019-04-26,22.400000000000002
2019-04-27,22.729166666666668
2019-04-28,22.145833333333332
2019-04-29,22.97083333333333
2019-04-30,23.416666666666668
2019-05-01,23.620833333333334
2019-05-02,23.71666666666667
2019-05-03,22.895833333333332
2019-05-04,22.287499999999998
2019-05-05,22.679166666666664
2019-05-06,21.920833333333334
2019-05-07,22.537499999999998
2019-05-08,21.875
2019-05-09,22.09166666666667
2019-05-10,21.84583333333333
2019-05-11,23.46666666666667
2019-05-12,23.15833333333333
2019-05-13,22.625
2019-05-14,23.099999999999998
2019-05-15,23.179166666666664
2019-05-16,23.254166666666666
2019-05-17,22.129166666666666
2019-05-18,23.079166666666666
2019-05-19,24.21666666666667
2019-05-20,24.4875
2019-05-21,24.375
2019-05-22,24.6125
2019-05-23,24.583333333333332
2019-05-24,23.983333333333334
2019-05-25,24.066666666666666
2019-05-26,24.15416666666667
2019-05-27,22.958333333333332
2019-05-28,21.208333333333332
2019-05-29,22.34166666666667
2019-05-30,22.525000000000002
2019-05-31,21.233333333333334
2019-06-01,20.912499999999998
2019-06-02,21.633333333333336
2019-06-03,22.7
2019-06-04,20.650000000000002
2019-06-05,18.845833333333335
2019-06-06,20.583333333333332
2019-06-07,21.65833333333333
2019-06-08,22.462500000000002
2019-06-09,23.879166666666666
2019-06-10,23.6875
2019-06-11,22.787499999999998
2019-06-12,22.691666666666666
2019-06-13,20.129166666666666
2019-06-14,17.89
2019-06-17,23.646666666666665
2019-06-18,21.3875
2019-06-19,20.891666666666666
2019-06-20,22.229166666666668
2019-06-21,21.97083333333333
2019-06-22,20.55
2019-06-23,20.679166666666667
2019-06-24,20.629166666666666
2019-06-25,19.954166666666666
2019-06-26,19.958333333333332
2019-06-27,20.845833333333335
2019-06-28,20.6
2019-06-29,20.4375
2019-06-30,20.095833333333335
2019-07-01,18.304166666666667
2019-07-02,18.845833333333335
2019-07-03,19.829166666666666
2019-07-04,19.675
2019-07-05,19.620833333333334
2019-07-06,19.662499999999998
2019-07-07,20.037499999999998
2019-07-08,20.025000000000002
2019-07-09,20.966666666666665
2019-07-10,20.67083333333333
2019-07-11,19.391666666666666
2019-07-12,20.466666666666665
2019-07-13,19.900000000000002
2019-07-14,19.966666666666665
2019-07-15,20.6125
2019-07-16,20.458333333333332
2019-07-17,18.354166666666668
2019-07-18,19.945833333333333
2019-07-19,19.541666666666668
2019-07-20,18.35
2019-07-21,18.229166666666668
2019-07-22,19.016666666666666
2019-07-23,19.054166666666667
2019-07-24,18.816666666666666
2019-07-25,17.8125
2019-07-26,17.349999999999998
2019-07-27,19.520833333333332
2019-07-28,20.104166666666668
2019-07-29,18.441666666666666
2019-07-30,19.116666666666667
2019-07-31,19.995833333333334
2019-08-01,19.195652173913043
2019-08-02,19.900000000000002
2019-08-03,21.133333333333333
2019-08-04,20.908333333333335
2019-08-05,20.058333333333334
2019-08-06,19.8875
2019-08-07,19.054166666666667
2019-08-08,20.0
2019-08-09,19.279166666666665
2019-08-10,19.912499999999998
2019-08-11,20.1875
2019-08-12,19.566666666666666
2019-08-13,20.05
2019-08-14,20.145833333333332
2019-08-15,20.683333333333334
2019-08-16,21.116666666666667
2019-08-17,21.4375
2019-08-18,19.954166666666666
2019-08-19,20.429166666666667
2019-08-20,21.254166666666666
2019-08-21,20.974999999999998
2019-08-22,20.037499999999998
2019-08-23,19.754166666666666
2019-08-24,20.141666666666666
2019-08-25,20.179166666666667
2019-08-26,19.633333333333333
2019-08-27,19.441666666666666
2019-08-28,20.3875
2019-08-29,21.0
2019-08-30,20.3875
2019-08-31,20.25
2019-09-01,20.383333333333333
2019-09-02,20.716666666666665
2019-09-03,20.945833333333333
2019-09-04,19.704166666666666
2019-09-05,18.566666666666666
2019-09-06,19.425
2019-09-07,19.395833333333332
2019-09-08,19.925
2019-09-09,19.583333333333332
2019-09-10,19.333333333333332
2019-09-11,19.241666666666667
2019-09-12,19.895833333333332
2019-09-13,19.231818181818184
2019-09-14,19.570833333333333
2019-09-15,19.933333333333334
2019-09-16,20.8625
2019-09-17,20.445833333333333
2019-09-18,18.658333333333335
2019-09-19,19.041666666666668
2019-09-20,20.4375
2019-09-21,21.058333333333334
2019-09-22,21.52916666666667
2019-09-23,21.045833333333334
2019-09-24,20.254166666666666
2019-09-25,19.645833333333332
2019-09-26,20.908333333333335
2019-09-27,21.0125
2019-09-28,19.691666666666666
2019-09-29,18.008333333333333
2019-09-30,17.454166666666666
2019-10-01,19.45
2019-10-02,19.183333333333334
2019-10-03,18.6875
2019-10-04,19.4
2019-10-05,19.912499999999998
2019-10-06,20.129166666666666
2019-10-07,19.9
2019-10-08,19.520833333333332
2019-10-09,20.029166666666665
2019-10-10,19.45
2019-10-11,21.433333333333334
2019-10-12,20.2625
2019-10-13,20.841666666666665
2019-10-14,20.154166666666665
2019-10-15,21.158333333333335
2019-10-16,19.541666666666668
2019-10-17,17.495833333333334
2019-10-18,18.020833333333332
2019-10-19,19.275000000000002
2019-10-20,18.758333333333333
2019-10-21,19.283333333333335
2019-10-22,18.083333333333332
2019-10-23,19.220833333333335
2019-10-24,18.775000000000002
2019-10-25,18.229166666666668
2019-10-26,18.55
2019-10-27,18.5
2019-10-28,18.6125
2019-10-29,19.158333333333335
2019-10-30,19.595833333333335
2019-10-31,19.625
2019-11-01,18.683333333333334
2019-11-02,17.95
2019-11-03,18.6375
2019-11-04,18.766666666666666
2019-11-05,18.520833333333332
2019-11-06,19.466666666666665
2019-11-07,19.52857142857143
2019-11-08,22.426666666666666
2019-11-09,20.04583333333333
2019-11-10,19.8625
2019-11-11,19.841666666666665
2019-11-12,16.754166666666666
2019-11-13,16.075
2019-11-14,17.8875
2019-11-15,17.870833333333334
2019-11-16,18.099999999999998
2019-11-17,17.616666666666667
2019-11-18,18.0
2019-11-19,18.404166666666665
2019-11-20,18.558333333333334
2019-11-21,18.504166666666666
2019-11-22,19.379166666666666
2019-11-23,19.320833333333333
2019-11-24,17.7125
2019-11-25,18.133333333333333
2019-11-26,18.033333333333335
2019-11-27,17.158333333333335
2019-11-28,17.7625
2019-11-29,18.641666666666666
2019-11-30,19.425
2019-12-01,19.454166666666666
2019-12-02,18.2375
2019-12-03,17.908333333333335
2019-12-04,17.970833333333335
2019-12-05,17.833333333333332
2019-12-06,18.05
2019-12-07,16.595833333333335
2019-12-08,16.566666666666666
2019-12-09,16.212500000000002
2019-12-10,15.9375
2019-12-11,15.404166666666667
2019-12-12,16.233333333333334
2019-12-13,17.166666666666668
2019-12-14,16.037499999999998
2019-12-15,16.233333333333334
2019-12-16,15.433333333333332
2019-12-17,15.3125
2019-12-18,14.2875
2019-12-19,14.737499999999999
2019-12-20,14.8375
2019-12-21,14.295833333333334
2019-12-22,12.770833333333334
2019-12-23,15.070833333333333
2019-12-24,15.841666666666667
2019-12-25,16.523809523809526
2019-12-26,19.188888888888886
2019-12-27,16.704166666666666
2019-12-28,15.808333333333332
2019-12-29,15.575000000000001
2019-12-30,16.208333333333332
2019-12-31,16.95
2020-01-01,16.775000000000002
2020-01-02,14.862499999999999
2020-01-03,15.4125
2020-01-04,12.200000000000001
2020-01-06,19.12222222222222
2020-01-07,14.620833333333332
2020-01-08,14.891666666666666
2020-01-09,16.0125
2020-01-10,16.329166666666666
2020-01-11,15.833333333333334
2020-01-12,16.570833333333333
2020-01-13,17.404166666666665
2020-01-14,21.313333333333333
2020-01-15,18.179166666666667
2020-01-16,18.079166666666666
2020-01-17,17.787499999999998
2020-01-18,17.9375
2020-01-19,16.037499999999998
2020-01-20,15.754166666666668
2020-01-21,14.137500000000001
2020-01-22,15.475
2020-01-23,15.025
2020-01-24,16.529166666666665
2020-01-25,15.241666666666667
2020-01-26,15.037500000000001
2020-01-27,15.554166666666667
2020-01-28,14.612499999999999
2020-01-29,14.916666666666666
2020-01-30,15.466666666666667
2020-01-31,16.9125
2020-02-01,13.936363636363637
2020-02-04,16.52
2020-02-05,14.154166666666667
2020-02-06,15.808333333333332
2020-02-07,15.195833333333333
2020-02-08,16.029166666666665
2020-02-09,17.2375
2020-02-10,17.5
2020-02-11,17.8625
2020-02-12,17.604166666666668
2020-02-13,17.825
2020-02-14,18.170833333333334
2020-02-15,19.099999999999998
2020-02-16,20.037499999999998
2020-02-17,20.354166666666668
2020-02-18,20.816666666666666
2020-02-19,20.470833333333335
2020-02-20,20.529166666666665
2020-02-21,19.845833333333335
2020-02-22,21.0625
2020-02-23,20.425
2020-02-24,19.883333333333333
2020-02-25,19.079166666666666
2020-02-26,18.454166666666666
2020-02-27,16.45
2020-02-28,19.070833333333333
2020-02-29,20.266666666666666
2020-03-01,20.354166666666668
2020-03-02,20.375
2020-03-03,19.479166666666668
2020-03-04,19.275
2020-03-05,19.25
2020-03-06,16.958333333333332
2020-03-07,17.816666666666666
2020-03-08,19.529166666666665
2020-03-09,19.55
2020-03-10,23.993333333333332
2020-03-11,21.587500000000002
2020-03-12,21.7625
2020-03-13,20.816666666666666
2020-03-14,20.633333333333333
2020-03-15,20.766666666666666
2020-03-16,18.595833333333335
2020-03-17,18.587500000000002
2020-03-18,20.116666666666667
2020-03-19,21.037499999999998
2020-03-20,22.7
2020-03-21,21.295833333333334
2020-03-22,22.125
2020-03-23,22.3125
2020-03-24,23.125
2020-03-25,22.883333333333336
2020-03-26,23.15416666666667
2020-03-27,22.179166666666664
2020-03-28,22.004166666666666
2020-03-29,21.7625
2020-03-30,21.730434782608697
2020-03-31,22.395833333333332
2020-04-01,22.305555555555557
2020-04-02,24.45
2020-04-03,22.400000000000002
2020-04-04,22.212500000000002
2020-04-05,21.291666666666668
2020-04-06,21.5125
2020-04-07,21.95
2020-04-08,22.729166666666668
2020-04-09,23.041666666666668
2020-04-10,23.204166666666666
2020-04-11,22.34166666666667
2020-04-12,23.037499999999998
2020-04-13,22.175
2020-04-14,22.241666666666664
2020-04-15,22.462500000000002
2020-04-16,22.554166666666664
2020-04-17,23.195833333333336
2020-04-18,22.866666666666664
2020-04-19,23.291666666666668
2020-04-20,24.054166666666664
2020-04-21,24.145833333333332
2020-04-22,22.52916666666667
2020-04-23,23.166666666666668
2020-04-24,23.258333333333336
2020-04-25,22.9875
2020-04-26,22.516666666666666
2020-04-27,21.883333333333336
2020-04-28,23.629166666666666
2020-04-29,22.77916666666667
2020-04-30,20.733333333333334
2020-05-01,19.925
2020-05-02,22.4875
2020-05-03,23.583333333333332
2020-05-04,23.97083333333333
2020-05-05,21.191666666666666
2020-05-06,20.508333333333333
2020-05-07,17.891666666666666
2020-05-08,18.558333333333334
2020-05-09,19.3875
2020-05-10,21.433333333333334
2020-05-11,21.287499999999998
2020-05-12,22.21666666666667
2020-05-13,22.175
2020-05-14,22.683333333333334
2020-05-15,22.3875
2020-05-16,22.075
2020-05-17,22.366666666666664
2020-05-18,23.025000000000002
2020-05-19,23.183333333333334
2020-05-20,23.4875
2020-05-21,23.875
2020-05-22,23.349999999999998
2020-05-23,22.59583333333333
2020-05-24,23.104166666666668
2020-05-25,22.0
2020-05-26,22.454166666666666
2020-05-27,22.474999999999998
2020-05-28,22.770833333333332
2020-05-29,22.604166666666668
2020-05-30,20.691666666666666
2020-05-31,20.304166666666667
2020-06-01,22.40416666666667
2020-06-02,24.75
2020-06-03,24.3
2020-06-04,24.84583333333333
2020-06-05,25.066666666666666
2020-06-06,23.104166666666668
2020-06-07,21.516666666666666
2020-06-08,20.875
2020-06-09,21.287499999999998
2020-06-10,22.566666666666666
2020-06-11,22.083333333333332
2020-06-12,21.883333333333336
2020-06-13,21.520833333333332
2020-06-14,22.150000000000002
2020-06-15,23.054166666666664
2020-06-16,22.791666666666668
2020-06-17,23.05
2020-06-18,22.620833333333334
2020-06-19,22.55
2020-06-20,23.175
2020-06-21,22.099999999999998
2020-06-22,19.783333333333335
2020-06-23,19.175
2020-06-24,18.462500000000002
2020-06-25,18.520833333333332
2020-06-26,19.366666666666667
2020-06-27,20.974999999999998
2020-06-28,21.72083333333333
2020-06-29,21.266666666666666
2020-06-30,21.912499999999998
2020-07-01,20.75
2020-07-02,20.3625
2020-07-03,20.412499999999998
2020-07-04,19.479166666666668
2020-07-05,20.4875
2020-07-06,20.962500000000002
2020-07-07,20.233333333333334
2020-07-08,17.900000000000002
2020-07-09,18.51666666666667
2020-07-10,21.133333333333333
2020-07-11,21.6125
2020-07-12,19.8625
2020-07-13,21.383333333333336
2020-07-14,21.837500000000002
2020-07-15,21.412499999999998
2020-07-16,21.837500000000002
2020-07-17,20.191666666666666
2020-07-18,20.204166666666666
2020-07-19,19.854166666666668
2020-07-20,19.908333333333335
2020-07-21,20.212500000000002
2020-07-22,20.091666666666665
2020-07-23,20.537499999999998
2020-07-24,21.245833333333334
2020-07-25,20.404166666666665
2020-07-26,19.408333333333335
2020-07-27,20.0125
2020-07-28,19.162499999999998
2020-07-29,19.462500000000002
2020-07-30,20.341666666666665
2020-07-31,19.19375
2020-08-03,18.852941176470587
2020-08-04,18.616666666666667
2020-08-05,20.175
2020-08-06,20.6375
2020-08-07,21.420833333333334
2020-08-08,19.983333333333334
2020-08-09,19.104166666666668
2020-08-10,19.645833333333332
2020-08-11,19.349999999999998
2020-08-12,18.216666666666665
2020-08-13,18.6125
2020-08-14,19.858333333333334
2020-08-15,17.712500000000002
2020-08-16,18.516666666666666
2020-08-17,18.204166666666666
2020-08-18,18.849999999999998
2020-08-19,18.375
2020-08-20,20.1875
2020-08-21,20.845833333333335
2020-08-22,20.991666666666667
2020-08-23,21.183333333333334
2020-08-24,20.004166666666666
2020-08-25,19.533333333333335
2020-08-26,19.912499999999998
2020-08-27,18.804166666666667
2020-08-28,19.666666666666668
2020-08-29,19.195833333333333
2020-08-30,19.6375
2020-08-31,20.420833333333334
2020-09-01,22.055555555555557
2020-09-02,21.586363636363636
2020-09-03,22.73157894736842
2020-09-18,19.784615384615385
2020-09-19,18.245833333333334
2020-09-20,18.169565217391302
2020-09-21,19.191666666666666
2020-09-22,20.123529411764707
2020-09-23,19.662499999999998
2020-09-24,19.037499999999998
2020-09-25,20.120833333333334
2020-09-26,19.470833333333335
2020-09-27,20.445833333333333
2020-09-28,21.1375
2020-09-29,17.995833333333334
2020-09-30,17.462500000000002
2020-10-01,18.849999999999998
2020-10-02,16.770833333333332
2020-10-03,17.416666666666668
2020-10-04,18.349999999999998
2020-10-05,17.095833333333335
2020-10-06,18.116666666666667
2020-10-07,18.583333333333332
2020-10-08,17.849999999999998
2020-10-09,19.208333333333332
2020-10-10,19.287499999999998
2020-10-11,20.2625
2020-10-12,19.658333333333335
2020-10-13,19.466666666666665
2020-10-14,20.220833333333335
2020-10-15,20.875
2020-10-16,19.729166666666668
2020-10-17,19.241666666666667
2020-10-18,19.954166666666666
2020-10-19,19.979166666666668
2020-10-20,19.754166666666666
2020-10-21,18.214285714285715
2020-10-22,20.045833333333334
2020-10-23,19.8875
2020-10-24,19.2375
2020-10-25,18.795833333333334
2020-10-26,19.412499999999998
2020-10-27,19.508333333333333
2020-10-28,19.325
2020-10-29,19.929166666666667
2020-10-30,18.983333333333334
2020-10-31,19.433333333333334
2020-11-01,20.220833333333335
2020-11-02,15.679166666666667
2020-11-03,16.029166666666665
2020-11-04,17.0
2020-11-05,16.183333333333334
2020-11-06,16.458333333333332
2020-11-07,17.625
2020-11-08,18.333333333333332
2020-11-09,18.741666666666667
2020-11-10,19.474999999999998
2020-11-11,19.025
2020-11-12,19.379166666666666
2020-11-13,19.599999999999998
2020-11-14,19.166666666666668
2020-11-15,20.183333333333334
2020-11-16,18.183333333333334
2020-11-17,17.1375
2020-11-18,17.145833333333332
2020-11-19,16.962500000000002
2020-11-20,17.470833333333335
2020-11-21,18.429166666666667
2020-11-22,18.208333333333332
2020-11-23,18.05
2020-11-24,18.320833333333333
2020-11-25,19.204166666666666
2020-11-26,19.483333333333334
2020-11-27,19.708333333333332
2020-11-28,19.158333333333335
2020-11-29,18.933333333333334
2020-11-30,17.608333333333334
2020-12-01,17.2
2020-12-02,16.833333333333332
2020-12-03,15.729166666666666
2020-12-04,16.191666666666666
2020-12-05,16.7
2020-12-06,16.679166666666667
2020-12-07,16.6125
2020-12-08,15.529166666666667
2020-12-09,17.141666666666666
2020-12-10,18.166666666666668
2020-12-11,17.370833333333334
2020-12-12,17.108333333333334
2020-12-13,17.329166666666666
2020-12-14,16.716666666666665
2020-12-15,16.724999999999998
2020-12-16,15.9375
2020-12-17,15.65
2020-12-18,15.845833333333333
2020-12-19,16.5125
2020-12-20,16.462500000000002
2020-12-21,16.833333333333332
2020-12-22,17.17083333333333
2020-12-23,17.431578947368422
2020-12-24,21.642857142857142
2020-12-25,15.604166666666666
2020-12-26,16.804166666666667
2020-12-27,15.737499999999999
2020-12-28,15.741666666666667
2020-12-29,15.604166666666666
2020-12-30,14.049999999999999
2020-12-31,13.737499999999999
2021-01-01,13.362499999999999
2021-01-02,13.637500000000001
2021-01-03,14.85
2021-01-04,15.116666666666667
2021-01-05,15.670833333333334
2021-01-06,15.495833333333332
2021-01-07,15.145833333333334
2021-01-08,14.816666666666668
2021-01-09,14.8375
2021-01-10,15.470833333333333
2021-01-11,14.1
2021-01-12,14.958333333333334
2021-01-13,15.1
2021-01-14,16.870833333333334
2021-01-15,16.091666666666665
2021-01-16,16.095833333333335
2021-01-17,16.970833333333335
2021-01-18,15.920833333333334
2021-01-19,17.150000000000002
2021-01-20,17.291666666666668
2021-01-21,17.983333333333334
2021-01-22,18.3875
2021-01-23,18.745833333333334
2021-01-24,17.587500000000002
2021-01-25,17.533333333333335
2021-01-26,17.2375
2021-01-27,18.516666666666666
2021-01-28,18.2375
2021-01-29,17.320833333333333
2021-01-30,19.466666666666665
2021-01-31,18.979166666666668
2021-02-01,17.578260869565216
2021-02-02,16.841666666666665
2021-02-03,17.825
2021-02-04,19.116666666666667
2021-02-05,19.275000000000002
2021-02-06,17.866666666666667
2021-02-07,17.866666666666667
2021-02-08,17.445833333333333
2021-02-09,17.429166666666667
2021-02-10,17.325
2021-02-11,16.2375
2021-02-12,14.445833333333333
2021-02-13,14.170833333333334
2021-02-14,14.179166666666667
2021-02-15,14.683333333333332
2021-02-16,15.741666666666667
2021-02-17,15.545833333333334
2021-02-18,16.520833333333332
2021-02-19,16.583333333333332
2021-02-20,17.42083333333333
2021-02-21,18.370833333333334
2021-02-22,19.337500000000002
2021-02-23,19.712500000000002
2021-02-24,20.254166666666666
2021-02-25,19.833333333333332
2021-02-26,20.45
2021-02-27,20.616666666666667
2021-02-28,20.829166666666666
2021-03-01,21.370833333333334
2021-03-02,21.045833333333334
2021-03-03,20.820833333333333
2021-03-04,21.40833333333333
2021-03-05,21.816666666666666
2021-03-06,20.679166666666667
2021-03-07,20.045833333333334
2021-03-08,20.650000000000002
2021-03-09,20.629166666666666
2021-03-10,21.141666666666666
2021-03-11,21.329166666666666
2021-03-12,21.679166666666664
2021-03-13,22.03333333333333
2021-03-14,21.433333333333334
2021-03-15,21.370833333333334
2021-03-16,20.662499999999998
2021-03-17,20.408333333333335
2021-03-18,19.233333333333334
2021-03-19,19.545833333333334
2021-03-20,20.5625
2021-03-21,19.895833333333332
2021-03-22,20.258333333333333
2021-03-23,20.079166666666666
2021-03-24,19.679166666666667
2021-03-25,19.6375
2021-03-26,20.479166666666668
2021-03-27,21.416666666666668
2021-03-28,22.099999999999998
2021-03-29,21.150000000000002
2021-03-30,22.370833333333334
2021-03-31,22.71666666666667
2021-04-01,20.620833333333334
2021-04-02,20.045833333333334
2021-04-03,21.020833333333332
2021-04-04,21.245833333333334
2021-04-05,20.466666666666665
2021-04-06,18.59565217391304
2021-04-07,20.958333333333332
2021-04-08,21.96666666666667
2021-04-09,22.008333333333336
2021-04-10,22.425
2021-04-11,22.116666666666664
2021-04-12,21.84583333333333
2021-04-13,22.7
2021-04-14,22.7625
2021-04-15,23.162499999999998
2021-04-16,23.104166666666668
2021-04-17,22.025000000000002
2021-04-18,20.841666666666665
2021-04-19,20.2
2021-04-20,20.5625
2021-04-21,20.7625
2021-04-22,21.666666666666668
2021-04-23,21.691666666666666
2021-04-24,22.754166666666666
2021-04-25,23.516666666666666
2021-04-26,24.170833333333334
2021-04-27,24.145833333333332
2021-04-28,23.395833333333332
2021-04-29,23.2375
2021-04-30,22.604166666666668
2021-05-01,22.083333333333332
2021-05-02,21.883333333333336
2021-05-03,20.783333333333335
2021-05-04,21.166666666666668
2021-05-05,21.629166666666666
2021-05-06,21.412499999999998
2021-05-07,21.991666666666664
2021-05-08,21.308333333333334
2021-05-09,20.879166666666666
2021-05-10,20.6
2021-05-11,21.145833333333332
2021-05-12,21.158333333333335
2021-05-13,20.6375
2021-05-14,20.145454545454545
2021-05-15,20.283333333333335
2021-05-16,21.787499999999998
2021-05-17,20.375
2021-05-18,21.366666666666664
2021-05-19,21.425
2021-05-20,20.770833333333332
2021-05-21,21.633333333333336
2021-05-22,22.02916666666667
2021-05-23,23.195833333333336
2021-05-24,23.379166666666666
2021-05-25,24.09166666666667
2021-05-26,23.879166666666666
2021-05-27,24.3
2021-05-28,23.933333333333334
2021-05-29,22.183333333333334
2021-05-30,22.054166666666664
2021-05-31,21.029166666666665
2021-06-01,20.7625
2021-06-02,19.033333333333335
2021-06-03,18.183333333333334
2021-06-04,19.279166666666665
2021-06-05,19.525000000000002
2021-06-06,19.095833333333335
2021-06-07,21.616666666666664
2021-06-08,23.070833333333336
2021-06-09,22.445833333333336
2021-06-10,21.229166666666668
2021-06-11,20.145833333333332
2021-06-12,18.554166666666667
2021-06-13,18.266666666666666
2021-06-14,19.420833333333334
2021-06-15,21.53333333333333
2021-06-16,20.979166666666668
2021-06-17,20.083333333333332
2021-06-18,18.566666666666666
2021-06-19,17.104166666666668
2021-06-20,19.6375
2021-06-21,20.720833333333335
2021-06-22,19.954166666666666
2021-06-23,19.483333333333334
2021-06-24,19.1125
2021-06-25,18.191666666666666
2021-06-26,16.441666666666666
2021-06-27,15.354166666666666
2021-06-28,17.045833333333334
2021-06-29,19.266666666666666
2021-06-30,19.48333333333333
2021-07-01,19.675
2021-07-02,18.875
2021-07-03,18.650000000000002
2021-07-04,19.483333333333334
2021-07-05,19.845833333333335
2021-07-06,19.708333333333332
2021-07-07,18.804166666666667
2021-07-08,19.895833333333332
2021-07-09,19.720833333333335
2021-07-10,20.325
2021-07-11,18.8625
2021-07-12,18.204166666666666
2021-07-13,18.245833333333334
2021-07-14,18.5
2021-07-15,18.662499999999998
2021-07-16,19.433333333333334
2021-07-17,18.6875
2021-07-18,18.529166666666665
2021-07-19,20.070833333333333
2021-07-20,20.787499999999998
2021-07-21,20.0125
2021-07-22,18.275000000000002
2021-07-23,19.020833333333332
2021-07-24,21.087500000000002
2021-07-25,20.333333333333332
2021-07-26,20.066666666666666
2021-07-27,19.404166666666665
2021-07-28,19.8125
2021-07-29,20.779166666666665
2021-07-30,20.133333333333333
2021-07-31,19.970833333333335
2021-08-01,20.3
2021-08-02,20.108333333333334
2021-08-03,18.695833333333333
2021-08-04,18.929166666666667
2021-08-05,19.349999999999998
2021-08-06,18.900000000000002
2021-08-07,19.116666666666667
2021-08-08,19.345833333333335
2021-08-09,19.845833333333335
2021-08-10,18.9375
2021-08-11,19.329166666666666
2021-08-12,18.629166666666666
2021-08-13,19.325
2021-08-14,18.241666666666667
2021-08-15,20.033333333333335
2021-08-16,20.525000000000002
2021-08-17,20.533333333333335
2021-08-18,20.991666666666667
2021-08-19,20.5625
2021-08-20,21.029166666666665
2021-08-21,18.1375
2021-08-22,18.879166666666666
2021-08-23,18.691666666666666
2021-08-24,19.129166666666666
2021-08-25,20.724999999999998
2021-08-26,19.974999999999998
2021-08-27,17.204166666666666
2021-08-28,16.804166666666667
2021-08-29,18.645833333333332
2021-08-30,18.599999999999998
2021-08-31,18.400000000000002
2021-09-01,18.533333333333335
2021-09-02,18.133333333333333
2021-09-03,18.933333333333334
2021-09-04,18.837500000000002
2021-09-05,18.875
2021-09-06,18.0625
2021-09-07,18.441666666666666
2021-09-08,17.974999999999998
2021-09-09,19.34705882352941
2021-09-10,20.629411764705882
2021-09-11,19.4375
2021-09-12,19.808333333333334
2021-09-13,18.175
2021-09-14,18.916666666666668
2021-09-15,19.129166666666666
2021-09-16,20.483333333333334
2021-09-17,19.208333333333332
2021-09-18,18.420833333333334
2021-09-19,18.245833333333334
2021-09-20,18.245833333333334
2021-09-21,19.7625
2021-09-22,20.070833333333333
2021-09-23,19.2
2021-09-24,19.816666666666666
2021-09-25,19.2875
2021-09-26,19.558333333333334
2021-09-27,18.866666666666667
2021-09-28,18.8625
2021-09-29,19.708333333333332
2021-09-30,19.658333333333335
2021-10-01,17.9375
2021-10-02,19.379166666666666
2021-10-03,18.558333333333334
2021-10-04,19.916666666666668
2021-10-05,18.658333333333335
2021-10-06,17.675
2021-10-07,20.682352941176468
2021-10-08,19.966666666666665
2021-10-09,21.104166666666668
2021-10-10,20.162499999999998
2021-10-11,20.041666666666668
2021-10-12,20.125
2021-10-13,19.825
2021-10-14,20.279166666666665
2021-10-15,21.766666666666666
2021-10-16,19.958333333333332
2021-10-17,19.45
2021-10-18,19.283333333333335
2021-10-19,18.941666666666666
2021-10-20,20.037499999999998
2021-10-21,20.383333333333333
2021-10-22,19.445833333333333
2021-10-23,19.675
2021-10-24,19.083333333333332
2021-10-25,16.358333333333334
2021-10-26,18.5125
2021-10-27,19.3
2021-10-28,18.979166666666668
2021-10-29,18.758333333333333
2021-10-30,18.966666666666665
2021-10-31,17.875
2021-11-01,18.666666666666668
2021-11-02,18.441666666666666
2021-11-03,17.858333333333334
2021-11-04,17.9875
2021-11-05,17.008333333333333
2021-11-06,16.9375
2021-11-07,16.883333333333333
2021-11-08,11.0875
2022-03-14,23.2625
2022-03-15,16.366666666666667
2022-03-16,21.15625
2022-03-17,19.087500000000002
2022-03-18,19.479166666666668
2022-03-19,19.533333333333335
2022-03-20,20.104166666666668
2022-03-21,20.849999999999998
2022-03-22,20.412499999999998
2022-03-23,18.966666666666665
2022-03-24,18.141666666666666
2022-03-25,18.775000000000002
2022-03-26,19.4375
2022-03-27,19.645833333333332
2022-03-28,20.712500000000002
2022-03-29,21.233333333333334
2022-03-30,21.2
2022-03-31,20.8125
2022-04-01,20.76666666666667
2022-04-02,21.791666666666668
2022-04-03,22.0125
2022-04-04,21.275000000000002
2022-04-05,20.47826086956522
2022-04-06,20.729166666666668
2022-04-07,21.787499999999998
2022-04-08,18.804166666666667
2022-04-09,18.620833333333334
2022-04-10,19.416666666666668
2022-04-11,19.458333333333332
2022-04-12,20.920833333333334
2022-04-13,21.495833333333334
2022-04-14,22.287499999999998
2022-04-15,23.0625
2022-04-16,23.929166666666664
2022-04-17,24.858333333333334
2022-04-18,24.2625
2022-04-19,22.504545454545454
2022-04-20,22.891666666666666
2022-04-21,22.97083333333333
2022-04-22,23.070833333333336
2022-04-23,22.4375
2022-04-24,21.525000000000002
2022-04-25,22.554166666666664
2022-04-26,21.337500000000002
2022-04-27,19.929166666666667
2022-04-28,20.254166666666666
2022-04-29,21.9875
2022-04-30,22.070833333333336
2022-05-01,22.208333333333332
2022-05-02,22.620833333333334
2022-05-03,23.09583333333333
2022-05-04,23.47083333333333
2022-05-05,24.041666666666668
2022-05-06,24.495833333333334
2022-05-07,24.84583333333333
2022-05-08,24.604166666666668
2022-05-09,25.2625
2022-05-10,26.104166666666668
2022-05-11,24.545833333333334
2022-05-12,23.625
2022-05-13,23.97083333333333
2022-05-14,22.691666666666666
2022-05-15,23.84583333333333
2022-05-16,24.020833333333332
2022-05-17,22.958333333333332
2022-05-23,24.072727272727274
2022-05-24,21.575
2022-05-25,22.941666666666666
2022-05-26,20.299999999999997
2022-06-01,21.504166666666666
2022-06-02,21.991666666666664
2022-06-03,23.266666666666666
2022-06-04,21.008333333333333
2022-06-05,21.204166666666666
2022-06-06,22.504166666666666
2022-06-07,23.104166666666668
2022-06-08,22.099999999999998
2022-06-09,18.508333333333333
2022-06-10,20.958333333333332
2022-06-11,21.516666666666666
2022-06-12,21.7625
2022-06-13,20.037499999999998
2022-06-14,19.025000000000002
2022-06-15,19.233333333333334
2022-06-16,18.858333333333334
2022-06-17,18.933333333333334
2022-06-18,19.6625
2022-06-19,19.212500000000002
2022-06-20,21.195833333333333
2022-06-21,20.779166666666665
2022-06-22,18.845833333333335
2022-06-23,18.520833333333332
2022-06-24,18.525000000000002
2022-06-25,18.96315789473684
2022-06-26,17.266666666666666
2022-06-27,16.45
2022-06-29,23.192307692307693
2022-06-30,21.695833333333336
2022-07-01,20.656521739130437
2022-07-02,20.400000000000002
2022-07-03,21.400000000000002
2022-07-04,21.545833333333334
2022-07-05,20.075
2022-07-06,19.429166666666667
2022-07-07,19.633333333333333
2022-07-08,20.595833333333335
2022-07-09,19.808333333333334
2022-07-10,20.183333333333334
2022-07-11,20.55
2022-07-12,22.15833333333333
2022-07-13,20.295833333333334
2022-07-14,19.991666666666667
2022-07-15,18.820833333333333
2022-07-16,19.3875
2022-07-17,18.537499999999998
2022-07-18,17.866666666666667
2022-07-19,19.974999999999998
2022-07-20,20.3875
2022-07-21,21.570833333333336
2022-07-22,22.275000000000002
2022-07-23,19.266666666666666
2022-07-24,18.979166666666668
2022-07-25,19.287499999999998
2022-07-26,20.304166666666667
2022-07-27,17.679166666666667
2022-07-28,18.125
2022-07-29,18.783333333333335
2022-07-30,18.545833333333334
2022-07-31,18.587500000000002
2022-08-01,18.886956521739133
2022-08-02,18.808333333333334
2022-08-03,21.041666666666668
2022-08-04,21.029166666666665
2022-08-05,18.929166666666667
2022-08-06,18.5
2022-08-07,20.224999999999998
2022-08-08,19.291666666666668
2022-08-09,18.941666666666666
2022-08-10,19.220833333333335
2022-08-11,20.425
2022-08-12,20.383333333333333
2022-08-13,20.183333333333334
2022-08-14,18.25
2022-08-15,18.7
2022-08-16,19.033333333333335
2022-08-17,19.429166666666667
2022-08-18,19.729166666666668
2022-08-19,18.066666666666666
2022-08-20,18.708333333333332
2022-08-21,18.75
2022-08-22,19.758333333333333
2022-08-23,19.025000000000002
2022-08-24,19.691666666666666
2022-08-25,21.3875
2022-08-26,20.204166666666666
2022-08-27,19.525000000000002
2022-08-28,20.079166666666666
2022-08-29,19.337500000000002
2022-08-30,20.391666666666666
2022-08-31,20.037499999999998
2022-09-01,19.337500000000002
2022-09-02,20.5625
2022-09-03,21.150000000000002
2022-09-04,20.220833333333335
2022-09-05,18.020833333333332
2022-09-06,19.483333333333334
2022-09-27,21.457142857142856
2022-09-28,18.695833333333333
2022-09-29,18.066666666666666
2022-09-30,18.075
2022-10-01,18.541666666666668
2022-10-02,19.545833333333334
2022-10-03,19.445833333333333
2022-10-04,18.141666666666666
2022-10-05,18.733333333333334
2022-10-06,18.383333333333333
2022-10-07,18.349999999999998
2022-10-08,18.287499999999998
2022-10-09,18.145833333333332
2022-10-10,18.5125
2022-10-11,19.3875
2022-10-12,21.1375
2022-10-13,20.429166666666667
2022-10-14,20.099999999999998
2022-10-15,20.229166666666668
2022-10-16,20.099999999999998
2022-10-17,19.008333333333333
2022-10-18,17.962500000000002
2022-10-19,18.233333333333334
2022-10-20,17.970833333333335
2022-10-21,18.620833333333334
2022-10-22,19.191666666666666
2022-10-23,20.029166666666665
2022-10-24,19.770833333333332
2022-10-25,20.479166666666668
2022-10-26,20.945833333333333
2022-10-27,20.695833333333333
2022-10-28,19.995833333333334
2022-10-29,19.375
2022-10-30,19.9875
2022-10-31,19.45
2022-11-01,19.2625
2022-11-02,19.829166666666666
2022-11-03,19.724999999999998
2022-11-04,19.929166666666667
2022-11-05,19.420833333333334
2022-11-06,19.400000000000002
2022-11-07,19.95
2022-11-08,18.6125
2022-11-09,18.337500000000002
2022-11-10,18.229166666666668
2022-11-11,18.029166666666665
2022-11-12,18.358333333333334
2022-11-13,17.870833333333334
2022-11-14,18.125
2022-11-15,17.829166666666666
2022-11-16,18.004166666666666
2022-11-17,18.575
2022-11-18,18.245833333333334
2022-11-19,16.412499999999998
2022-11-20,16.745833333333334
2022-11-21,17.445833333333333
2022-11-22,18.008333333333333
2022-11-23,17.841666666666665
2022-11-24,17.599999999999998
2022-11-25,17.491666666666667
2022-11-26,18.766666666666666
2022-11-27,17.925
2022-11-28,17.920833333333334
2022-11-29,17.645833333333332
2022-11-30,18.075
2022-12-01,18.2
2022-12-02,18.029166666666665
2022-12-03,18.520833333333332
2022-12-04,19.0
2022-12-05,17.466666666666665
2022-12-06,18.295833333333334
2022-12-07,18.083333333333332
2022-12-08,16.95
2022-12-09,16.354166666666668
2022-12-10,16.741666666666667
2022-12-11,16.708333333333332
2022-12-12,16.541666666666668
2022-12-13,15.979166666666666
2022-12-14,15.008333333333333
2022-12-15,15.0875
2022-12-16,15.0875
2022-12-17,15.299999999999999
2022-12-18,15.154166666666667
2022-12-19,15.133333333333333
2022-12-20,16.150000000000002
2022-12-21,15.841666666666667
2022-12-22,16.629166666666666
2022-12-23,15.604166666666666
2022-12-24,15.829166666666666
2022-12-25,14.2875
2022-12-26,13.65
2022-12-27,13.254166666666668
2022-12-28,13.783333333333333
2022-12-29,14.633333333333333
2022-12-30,15.054166666666667
2022-12-31,15.483333333333334
2023-01-01,15.191666666666668
2023-01-02,15.475
2023-01-03,16.625
2023-01-04,15.7875
2023-01-05,16.954166666666666
2023-01-06,16.454166666666666
2023-01-07,16.075
2023-01-08,16.095833333333335
2023-01-09,16.233333333333334
2023-01-10,15.366666666666667
2023-01-11,14.450000000000001
2023-01-12,15.8375
2023-01-13,15.725
2023-01-14,14.762500000000001
2023-01-15,15.258333333333333
2023-01-16,16.05
2023-01-17,15.066666666666668
2023-01-18,15.445833333333333
2023-01-19,15.8375
2023-01-20,16.108333333333334
2023-01-21,15.904166666666667
2023-01-22,15.674999999999999
2023-01-23,15.220833333333333
2023-01-24,16.3625
2023-01-25,16.008333333333333
2023-01-26,15.370833333333335
2023-01-27,15.529166666666667
2023-01-28,15.683333333333332
2023-01-29,17.349999999999998
2023-01-30,18.287499999999998
2023-01-31,18.058333333333334
2023-02-01,16.691666666666666
2023-02-02,17.320833333333333
2023-02-03,15.583333333333334
2023-02-04,15.620833333333332
2023-02-05,17.058333333333334
2023-02-06,17.420833333333334
2023-02-07,17.575
2023-02-08,17.754166666666666
2023-02-09,16.7
2023-02-10,17.354166666666668
2023-02-11,15.944444444444445
2023-02-13,21.599999999999998
2023-02-14,17.620833333333334
2023-02-15,17.0625
2023-02-16,17.916666666666668
2023-02-17,18.416666666666668
2023-02-18,18.358333333333334
2023-02-19,18.849999999999998
2023-02-20,19.433333333333334
2023-02-21,18.5125
2023-02-22,17.845833333333335
2023-02-23,17.820833333333333
2023-02-24,18.7625
2023-02-25,18.670833333333334
2023-02-26,19.058333333333334
2023-02-27,19.791666666666668
2023-02-28,20.391666666666666
2023-03-01,19.966666666666665
2023-03-02,19.616666666666667
2023-03-03,18.766666666666666
2023-03-04,19.241666666666667
2023-03-05,20.525000000000002
2023-03-06,21.537499999999998
2023-03-07,21.420833333333334
2023-03-08,21.395833333333332
2023-03-09,21.579166666666666
2023-03-10,20.908333333333335
2023-03-11,20.779166666666665
2023-03-12,19.808333333333334
2023-03-13,18.054166666666667
2023-03-14,17.662499999999998
2023-03-15,15.091666666666667
2023-03-16,16.6375
2023-03-17,18.120833333333334
2023-03-18,18.3
2023-03-19,17.087500000000002
2023-03-20,17.379166666666666
2023-03-21,18.829166666666666
2023-03-22,20.3625
2023-03-23,21.608333333333334
2023-03-24,21.916666666666668
2023-03-25,21.641666666666666
2023-03-26,21.479166666666668
2023-03-27,21.933333333333334
2023-03-28,21.879166666666666
2023-03-29,21.5625
2023-03-30,21.191666666666666
2023-03-31,21.558333333333334
2023-04-01,22.650000000000002
2023-04-02,22.9375
2023-04-03,22.954166666666666
2023-04-04,21.158333333333335
2023-04-05,21.208333333333332
2023-04-06,21.337500000000002
2023-04-07,20.625
2023-04-08,20.783333333333335
2023-04-09,21.483333333333334
2023-04-10,20.804166666666667
2023-04-11,19.133333333333333
2023-04-12,18.45
2023-04-13,20.029166666666665
2023-04-14,20.270833333333332
2023-04-15,20.991666666666667
2023-04-16,21.525000000000002
2023-04-17,20.708333333333332
2023-04-18,21.733333333333334
2023-04-19,21.84583333333333
2023-04-20,22.5125
2023-04-21,23.84583333333333
2023-04-22,21.766666666666666
2023-04-23,21.858333333333334
2023-04-24,22.066666666666666
2023-04-25,22.675
2023-04-26,22.433333333333334
2023-04-27,22.15833333333333
2023-04-28,21.837500000000002
2023-04-29,21.9875
2023-04-30,20.983333333333334
2023-05-01,21.279166666666665
2023-05-02,21.974999999999998
2023-05-03,22.791666666666668
2023-05-04,23.320833333333336
2023-05-05,23.27916666666667
2023-05-06,23.224999999999998
2023-05-07,23.245833333333334
2023-05-08,21.6875
2023-05-09,22.75
2023-05-10,22.016666666666666
2023-05-11,23.1875
2023-05-12,20.337500000000002
2023-05-13,21.724999999999998
2023-05-14,20.379166666666666
2023-05-15,20.516666666666666
2023-05-16,20.258333333333333
2023-05-17,21.275000000000002
2023-05-18,21.195833333333333
2023-05-19,21.962500000000002
2023-05-20,20.908333333333335
2023-05-21,21.708333333333332
2023-05-22,22.27916666666667
2023-05-23,21.766666666666666
2023-05-24,23.479166666666668
2023-05-25,22.662499999999998
2023-05-26,22.891666666666666
2023-05-27,21.191666666666666
2023-05-28,20.233333333333334
2023-05-29,21.216666666666665
2023-05-30,22.4875
2023-05-31,23.3875
2023-06-01,23.754166666666666
2023-06-02,25.0
2023-06-03,25.708333333333332
2023-06-04,25.304166666666664
2023-06-05,24.945833333333336
2023-06-06,22.84583333333333
2023-06-07,22.61666666666667
2023-06-08,24.025000000000002
2023-06-09,25.041666666666668
2023-06-10,25.2625
2023-06-11,25.758333333333336
2023-06-12,25.729166666666668
2023-06-13,25.754166666666666
2023-06-14,25.708333333333332
2023-06-15,25.337500000000002
2023-06-16,25.417391304347827
2023-06-17,25.270833333333332
2023-06-18,25.166666666666668
2023-06-19,25.59583333333333
2023-06-20,25.9875
2023-06-21,25.474999999999998
2023-06-22,25.9375
2023-06-23,25.3625
2023-06-24,24.541666666666668
2023-06-25,23.791666666666668
2023-06-26,20.970833333333335
2023-06-27,22.09166666666667
2023-06-28,20.333333333333332
2023-06-29,20.516666666666666
2023-06-30,19.849999999999998
2023-07-01,20.5
2023-07-02,21.270833333333332
2023-07-03,20.879166666666666
2023-07-04,20.808333333333334
2023-07-05,20.825
2023-07-06,21.645833333333332
2023-07-07,20.6875
2023-07-08,21.204166666666666
2023-07-09,19.349999999999998
2023-07-10,22.527272727272727
2023-07-11,20.758333333333333
2023-07-12,21.29583333333333
2023-07-13,22.375
2023-07-14,22.054166666666664
2023-07-15,22.570833333333336
2023-07-16,22.991666666666664
2023-07-17,21.120833333333334
2023-07-18,21.158333333333335
2023-07-19,21.587500000000002
2023-07-20,21.9875
2023-07-21,21.383333333333336
2023-07-22,19.916666666666668
2023-07-23,19.2375
2023-07-24,19.483333333333334
2023-07-25,18.787499999999998
2023-07-26,18.404166666666665
2023-07-27,18.795833333333334
2023-07-28,19.258333333333333
2023-07-29,20.958333333333332
2023-07-30,19.116666666666667
2023-07-31,19.433333333333334
2023-08-01,21.162499999999998
2023-08-02,21.145833333333332
2023-08-03,20.295833333333334
2023-08-04,19.329166666666666
2023-08-05,19.775000000000002
2023-08-06,19.6125
2023-08-07,21.433333333333334
2023-08-08,22.3
2023-08-09,21.7625
2023-08-10,21.520833333333332
2023-08-11,21.829166666666666
2023-08-12,20.733333333333334
2023-08-13,20.516666666666666
2023-08-14,20.845833333333335
2023-08-15,20.508333333333333
2023-08-16,19.695833333333333
2023-08-17,19.120833333333334
2023-08-18,20.145833333333332
2023-08-19,18.9875
2023-08-20,18.266666666666666
2023-08-21,18.279166666666665
2023-08-22,19.945833333333333
2023-08-23,21.3125
2023-08-24,21.054166666666667
2023-08-25,19.958333333333332
2023-08-26,19.48333333333333
2023-08-27,20.4875
2023-08-28,20.366666666666667
2023-08-29,20.345833333333335
2023-08-30,20.704166666666666
2023-08-31,18.92083333333333
2023-09-01,20.358333333333334
2023-09-02,20.141666666666666
2023-09-03,21.099999999999998
2023-09-04,20.566666666666666
2023-09-05,20.154166666666665
2023-09-06,19.941666666666666
2023-09-07,19.554166666666667
2023-09-08,20.9375
2023-09-09,21.129166666666666
2023-09-10,21.583333333333332
2023-09-11,20.733333333333334
2023-09-12,20.875
2023-09-13,20.891666666666666
2023-09-14,21.483333333333334
2023-09-15,20.429166666666667
2023-09-16,20.954166666666666
2023-09-17,19.258333333333333
2023-09-18,19.670833333333334
2023-09-19,20.979166666666668
2023-09-20,21.320833333333333
2023-09-21,21.912499999999998
2023-09-22,21.566666666666666
2023-09-23,22.84583333333333
2023-09-24,22.479166666666668
2023-09-25,21.954166666666666
2023-09-26,21.741666666666664
2023-09-27,21.158333333333335
2023-09-28,21.683333333333334
2023-09-29,21.454166666666666
2023-09-30,21.208333333333332
2023-10-01,21.241666666666667
2023-10-02,21.983333333333334
2023-10-03,20.308333333333334
2023-10-04,19.845833333333335
2023-10-05,21.099999999999998
2023-10-06,21.204166666666666
2023-10-07,20.195833333333333
2023-10-08,19.295833333333334
2023-10-09,17.912499999999998
2023-10-10,18.125
2023-10-11,17.1375
2023-10-12,18.525000000000002
2023-10-13,20.279166666666665
2023-10-14,20.029166666666665
2023-10-15,20.433333333333334
2023-10-16,18.724999999999998
2023-10-17,17.104166666666668
2023-10-18,18.216666666666665
2023-10-19,18.337500000000002
2023-10-20,19.325
2023-10-21,19.3875
2023-10-22,19.4375
2023-10-23,19.041666666666668
2023-10-24,19.008333333333333
2023-10-25,18.020833333333332
2023-10-26,18.879166666666666
2023-10-27,19.32916666666667
2023-10-28,20.291666666666668
2023-10-29,19.816666666666666
2023-10-30,19.829166666666666
2023-10-31,17.991666666666667
2023-11-01,17.6125
2023-11-02,18.566666666666666
2023-11-03,19.625
2023-11-04,18.795833333333334
2023-11-05,18.129166666666666
2023-11-06,19.291666666666668
2023-11-07,21.054166666666667
2023-11-08,21.008333333333333
2023-11-09,19.683333333333334
2023-11-10,19.391666666666666
2023-11-11,19.666666666666668
2023-11-12,19.1125
2023-11-13,18.408333333333335
2023-11-14,18.829166666666666
2023-11-15,18.883333333333333
2023-11-16,18.629166666666666
2023-11-17,19.108333333333334
2023-11-18,19.479166666666668
2023-11-19,19.270833333333332
2023-11-20,19.925
2023-11-21,18.599999999999998
2023-11-22,16.133333333333333
2023-11-23,15.745833333333332
2023-11-24,15.3375
2023-11-25,15.570833333333333
2023-11-26,16.516666666666666
2023-11-27,16.779166666666665
2023-11-28,18.954166666666666
2023-11-29,16.845833333333335
2023-11-30,17.158333333333335
2023-12-01,17.208333333333332
2023-12-02,17.345833333333335
2023-12-03,16.575
2023-12-04,16.004166666666666
2023-12-05,15.950000000000001
2023-12-06,16.537499999999998
2023-12-07,13.299999999999999
2023-12-08,15.191666666666668
2023-12-09,16.266666666666666
2023-12-10,16.116666666666667
2023-12-11,13.466666666666667
2023-12-12,11.691666666666668
2023-12-13,14.570833333333333
2023-12-14,14.479166666666666
2023-12-15,16.058333333333334
2023-12-16,16.433333333333334
2023-12-17,15.958333333333334
2023-12-18,15.433333333333332
2023-12-19,15.395833333333334
2023-12-20,16.195833333333333
2023-12-21,16.3125
2023-12-22,16.258333333333333
2023-12-23,15.795833333333334
2023-12-24,16.379166666666666
2023-12-25,14.920833333333333
2023-12-26,12.508333333333333
2023-12-27,13.8125
2023-12-28,12.691666666666665
2023-12-29,13.695833333333333
2023-12-30,13.054166666666667
2023-12-31,13.795833333333334
2024-01-01,14.299999999999999
2024-01-02,15.366666666666667
2024-01-03,16.104166666666668
2024-01-04,14.4625
2024-01-05,14.779166666666667
2024-01-06,14.566666666666668
2024-01-07,14.783333333333333
2024-01-08,15.987499999999999
2024-01-09,15.450000000000001
2024-01-10,16.116666666666667
2024-01-11,15.658333333333333
2024-01-12,15.908333333333333
2024-01-13,17.383333333333333
2024-01-14,16.45
2024-01-15,17.366666666666667
2024-01-16,17.629166666666666
2024-01-17,18.25
2024-01-18,18.75
2024-01-19,19.091666666666665
2024-01-20,16.908333333333335
2024-01-21,16.266666666666666
2024-01-22,15.916666666666666
2024-01-23,17.333333333333332
2024-01-24,16.724999999999998
2024-01-25,17.125
2024-01-26,17.341666666666665
2024-01-27,17.42083333333333
2024-01-28,16.9875
2024-01-29,17.479166666666668
2024-01-30,15.666666666666666
2024-01-31,18.5625
2024-02-01,17.1125
2024-02-02,16.6375
2024-02-03,16.641666666666666
2024-02-04,16.204166666666666
2024-02-05,16.241666666666667
2024-02-06,16.837500000000002
2024-02-07,18.129166666666666
2024-02-08,18.849999999999998
2024-02-09,17.900000000000002
2024-02-10,17.729166666666668
2024-02-11,18.8625
2024-02-12,18.3375
2024-02-13,18.675
2024-02-14,17.370833333333334
2024-02-15,17.529166666666665
2024-02-16,15.816666666666668
2024-02-17,13.504166666666668
2024-02-18,13.575000000000001
2024-02-19,16.533333333333335
2024-02-20,17.833333333333332
2024-02-21,19.1875
2024-02-22,19.829166666666666
2024-02-23,19.970833333333335
2024-02-24,20.6375
2024-02-25,21.162499999999998
2024-02-26,21.662499999999998
2024-02-27,21.525000000000002
2024-02-28,21.96666666666667
2024-02-29,20.5
2024-03-01,19.654166666666665
2024-03-02,19.354166666666668
2024-03-03,18.970833333333335
2024-03-04,19.254166666666666
2024-03-05,19.3
2024-03-06,19.779166666666665
2024-03-07,20.145833333333332
2024-03-08,19.658333333333335
2024-03-09,21.004166666666666
2024-03-10,20.5625
2024-03-11,20.279166666666665
2024-03-12,20.204166666666666
2024-03-13,20.3125
2024-03-14,20.570833333333333
2024-03-15,20.412499999999998
2024-03-16,20.525000000000002
2024-03-17,21.070833333333333
2024-03-18,21.5
2024-03-19,22.983333333333334
2024-03-20,22.645833333333332
2024-03-21,21.879166666666666
2024-03-22,22.229166666666668
2024-03-23,21.45
2024-03-24,20.966666666666665
2024-03-25,18.633333333333333
2024-03-26,14.484615384615385
2024-04-01,21.287499999999998
2024-04-02,21.816666666666666
2024-04-03,22.21
2024-04-23,23.329166666666666
2024-04-24,23.695833333333336
2024-04-25,23.608333333333334
2024-04-26,22.754166666666666
2024-04-27,22.84166666666667
2024-04-28,22.579166666666666
2024-04-29,22.270833333333332
2024-04-30,22.587500000000002
2024-05-01,22.8625
2024-05-02,23.175
2024-05-03,24.150000000000002
2024-05-04,25.441666666666666
2024-05-05,25.15833333333333
2024-05-06,25.325
2024-05-07,25.5125
2024-05-08,25.77391304347826
2024-05-09,26.579166666666666
2024-05-10,26.78333333333333
2024-05-11,26.65416666666667
2024-05-12,24.983333333333334
2024-05-13,24.2625
2024-05-14,24.254166666666666
2024-05-15,24.229166666666668
2024-05-16,24.525000000000002
2024-05-17,24.879166666666666
2024-05-18,25.412499999999998
2024-05-19,25.304166666666664
2024-05-20,26.291666666666668
2024-05-21,26.1375
2024-05-22,25.741666666666664
2024-05-23,25.570833333333336
2024-05-24,26.8
2024-05-25,26.829166666666666
2024-05-26,26.650000000000002
2024-05-27,26.537499999999998
2024-05-28,23.55
2024-05-29,22.28333333333333
2024-05-30,23.8125
2024-05-31,26.02916666666667
2024-06-01,25.108333333333334
2024-06-02,25.6375
2024-06-03,25.425
2024-06-04,25.28333333333333
2024-06-05,25.616666666666664
2024-06-06,26.304166666666664
2024-06-07,25.879166666666666
2024-06-08,23.425
2024-06-09,23.316666666666666
2024-06-10,24.7625
2024-06-11,25.933333333333334
2024-06-12,25.099999999999998
2024-06-13,24.504166666666666
2024-06-14,24.704761904761902
2024-06-15,22.084615384615386
2024-07-01,19.21818181818182
2024-07-02,19.604166666666668
2024-07-03,19.304166666666667
2024-07-04,20.5
2024-07-05,21.575
2024-07-06,21.2625
2024-07-07,21.858333333333334
2024-07-08,21.587500000000002
2024-07-09,19.858333333333334
2024-07-10,18.933333333333334
2024-07-11,18.1375
2024-07-12,19.675
2024-07-13,18.591666666666665
2024-07-14,19.041666666666668
2024-07-15,19.670833333333334
2024-07-16,20.233333333333334
2024-07-17,19.433333333333334
2024-07-18,19.604166666666668
2024-07-19,18.878260869565217
2024-07-20,17.95
2024-07-21,19.720833333333335
2024-07-22,19.121052631578948
2024-07-23,20.25
2024-07-24,20.008333333333333
2024-07-25,19.075
2024-07-26,19.408333333333335
2024-07-27,16.216666666666665
2024-07-29,22.138461538461538
2024-07-30,19.4375
2024-07-31,19.733333333333334
2024-08-01,20.05
2024-08-02,18.541666666666668
2024-08-03,19.333333333333332
2024-08-04,19.041666666666668
2024-08-05,19.091666666666665
2024-08-06,20.483333333333334
2024-08-07,20.941666666666666
2024-08-08,22.233333333333334
2024-08-09,20.545833333333334
2024-08-10,19.654166666666665
2024-08-11,19.158333333333335
2024-08-12,19.283333333333335
2024-08-13,19.775000000000002
2024-08-14,19.829166666666666
2024-08-15,19.804166666666667
2024-08-16,19.420833333333334
2024-08-17,18.970833333333335
2024-08-18,18.8
2024-08-19,19.7375
2024-08-20,20.670833333333334
2024-08-21,20.0875
2024-08-22,19.474999999999998
2024-08-23,18.287499999999998
2024-08-24,19.5
2024-08-25,19.616666666666667
2024-08-26,20.212500000000002
2024-08-27,19.845833333333335
2024-08-28,19.754166666666666
2024-08-29,19.733333333333334
2024-08-30,19.220833333333335
2024-08-31,20.529166666666665
2024-09-01,19.8625
2024-09-02,20.508333333333333
2024-09-03,20.825
2024-09-04,20.716666666666665
2024-09-05,20.883333333333333
2024-09-06,19.729166666666668
2024-09-07,19.683333333333334
2024-09-08,19.008333333333333
2024-09-09,19.004166666666666
2024-09-10,20.383333333333333
2024-09-11,19.679166666666667
2024-09-12,20.341666666666665
2024-09-13,20.858333333333334
2024-09-14,20.974999999999998
2024-09-15,20.220833333333335
2024-09-16,20.625
2024-09-17,20.766666666666666
2024-09-18,20.579166666666666
2024-09-19,21.704166666666666
2024-09-20,21.787499999999998
2024-09-21,21.6
2024-09-23,22.866666666666667
2024-09-24,20.253846153846155
2024-09-25,19.420833333333334
2024-09-26,16.829166666666666
2024-09-27,16.533333333333335
2024-09-28,18.870833333333334
2024-09-29,18.650000000000002
2024-09-30,19.245833333333334
2024-10-01,18.879166666666666
2024-10-02,17.791666666666668
2024-10-03,18.095833333333335
2024-10-04,18.641666666666666
2024-10-05,20.129166666666666
2024-10-06,18.741666666666667
2024-10-07,17.666666666666668
2024-10-08,18.416666666666668
2024-10-09,19.629166666666666
2024-10-10,18.658333333333335
2024-10-11,17.391666666666666
2024-10-12,16.620833333333334
2024-10-13,17.366666666666667
2024-10-14,22.10666666666667
2024-10-15,20.020833333333332
2024-10-16,19.7375
2024-10-17,19.195833333333333
2024-10-18,19.666666666666668
2024-10-19,19.121739130434783
2024-10-20,18.421739130434784
2024-10-21,17.683333333333334
2024-10-22,19.408333333333335
2024-10-23,19.079166666666666
2024-10-24,18.720833333333335
2024-10-25,18.133333333333333
2024-10-26,17.045833333333334
2024-10-27,17.979166666666668
2024-10-28,18.4875
2024-10-29,18.358333333333334
2024-10-30,19.120833333333334
2024-10-31,19.474999999999998
2024-11-01,18.591666666666665
2024-11-02,19.270833333333332
2024-11-03,19.104166666666668
2024-11-04,18.583333333333332
2024-11-05,18.441666666666666
2024-11-06,18.683333333333334
2024-11-07,19.483333333333334
2024-11-08,20.349999999999998
2024-11-09,20.808333333333334
2024-11-10,20.608333333333334
2024-11-11,19.15
2024-11-12,18.775000000000002
2024-11-13,19.230434782608697
2024-11-14,18.158333333333335
2024-11-15,17.483333333333334
2024-11-16,18.1375
2024-11-17,18.129166666666666
2024-11-18,18.154166666666665
2024-11-19,18.212500000000002
2024-11-20,18.941666666666666
2024-11-21,17.895833333333332
2024-11-22,17.220833333333335
2024-11-23,15.570833333333333
2024-11-24,16.5625
2024-11-25,17.379166666666666
2024-11-26,17.0625
2024-11-27,16.6875
2024-11-28,17.533333333333335
2024-11-29,17.962500000000002
2024-11-30,17.704166666666666
2024-12-01,17.383333333333333
2024-12-02,17.258333333333333
2024-12-03,16.254166666666666
2024-12-04,16.529166666666665
2024-12-05,17.454166666666666
2024-12-06,18.070833333333333
2024-12-07,19.179166666666667
2024-12-08,17.758333333333333
2024-12-09,17.816666666666666
2024-12-10,18.570833333333333
2024-12-11,18.329166666666666
2024-12-12,16.75
2024-12-13,18.175
2024-12-14,18.308333333333334
2024-12-15,17.154166666666665
2024-12-16,16.7
2024-12-17,15.666666666666666
2024-12-18,15.979166666666666
2024-12-19,16.816666666666666
2024-12-20,16.316666666666666
2024-12-21,16.570833333333333
2024-12-22,15.440000000000001
2024-12-23,15.225
2024-12-24,13.862499999999999
2024-12-25,14.258333333333333
2024-12-26,14.041666666666666
2024-12-27,14.308333333333332
2024-12-28,8.59
2025-01-02,19.3
2025-01-03,14.941666666666668
2025-01-04,16.333333333333332
2025-01-05,14.716666666666667
2025-01-06,13.983333333333334
2025-01-07,16.183333333333334
2025-01-08,15.341666666666667
2025-01-09,15.929166666666667
2025-01-10,15.854166666666666
2025-01-11,13.985714285714286
2025-01-13,18.400000000000002
2025-01-14,17.145833333333332
2025-01-15,17.304166666666667
2025-01-16,17.0
2025-01-17,18.245833333333334
2025-01-18,17.758333333333333
2025-01-19,17.395833333333332
2025-01-20,16.258333333333333
2025-01-21,16.45714285714286
2025-01-22,15.920833333333333
2025-01-23,16.808333333333334
2025-01-24,15.370833333333332
2025-01-25,17.008333333333333
2025-01-26,17.745833333333334
2025-01-27,18.066666666666666
2025-01-28,18.429166666666667
2025-01-29,17.991666666666667
2025-01-30,17.287499999999998
2025-01-31,17.378260869565217
2025-02-01,17.162499999999998
2025-02-02,17.883333333333333
2025-02-03,18.2375
2025-02-04,18.337500000000002
2025-02-05,18.629166666666666
2025-02-06,19.079166666666666
2025-02-07,19.145833333333332
2025-02-08,18.712500000000002
2025-02-09,18.804166666666667
2025-02-10,19.05
2025-02-11,19.204166666666666
2025-02-12,18.641666666666666
2025-02-13,18.570833333333333
2025-02-14,18.5125
2025-02-15,19.920833333333334
2025-02-16,19.066666666666666
2025-02-17,18.0125
2025-02-18,17.395833333333332
2025-02-19,17.479166666666668
2025-02-20,17.379166666666666
2025-02-21,18.462500000000002
2025-02-22,17.870833333333334
2025-02-23,19.0
2025-02-24,19.958333333333332
2025-02-25,18.904166666666665
2025-02-26,19.729166666666668
2025-02-27,20.162499999999998
2025-02-28,20.395833333333332
2025-03-01,20.879166666666666
2025-03-02,20.8625
2025-03-03,21.045833333333334
2025-03-04,21.825
2025-03-05,20.816666666666666
2025-03-06,20.087500000000002
2025-03-07,19.8625
2025-03-08,20.2375
2025-03-09,19.978947368421053
