O3,NO2,NO,CO,PM10,PM2.5,Temp_Avg,RH_Avg,WSpeed_Avg,WDir_Avg,Press_Avg,Rad_Avg,Rain_Tot
42.098597222222224,2.3770416666666665,0.3787013888888889,0.2699027777777777,32.47649305555556,20.131194444444443,19.830513888888888,29.753888888888888,2.439608333333333,154.9668951388889,804.31456875,630.2644656679151,0.0
44.56038888888889,1.8896458333333332,0.2154861111111111,0.2445555555555555,28.960708333333333,18.76564880112835,20.91611111111111,27.642534722222223,2.883990277777777,231.1536215277778,803.9256493055556,659.373537772087,0.0
50.77761805555556,4.491722222222222,0.7455138888888888,0.3977430555555555,49.59722222222222,35.02185416666667,21.35772916666667,30.954847222222224,1.604234027777778,178.25175208333332,803.7674999999999,485.72543456162646,0.0
50.88180555555556,4.101944444444444,0.4556458333333333,0.3846805555555556,48.5554375,35.872395833333336,21.968729166666662,35.661208333333335,1.7296888888888888,183.15014444444444,804.8702986111111,422.33630100755664,0.0
52.67316666666667,4.675541666666667,0.4585208333333333,0.4426597222222221,52.81763194444444,41.23072916666667,21.668756944444443,42.64975,1.900279861111111,137.41952708333335,805.9301090277778,449.4365586034913,0.2
50.357875,6.923284722222222,0.8848541666666667,0.4577569444444444,46.85788888888889,36.007222222222225,21.43343055555556,44.23875,1.5574215277777776,141.11993263888888,806.0119166666666,393.3348205771644,0.0
46.95279166666667,6.002229166666666,0.3478611111111111,0.4501458333333333,52.80979861111111,40.22398611111111,21.583256944444443,44.02352777777777,1.3942291666666666,155.85073055555554,805.8263833333334,392.5653210332104,0.0
41.35171527777778,6.667770833333334,0.6031875,0.4247569444444444,48.80760416666666,34.79241666666667,20.65945138888889,44.56872222222222,1.968699305555556,180.40272222222225,805.7874215277778,345.9583585858586,0.0
44.57420138888889,4.005298611111111,0.4365277777777778,0.3419583333333333,43.32951388888889,33.46542361111111,21.214986111111116,42.72382638888889,1.9831083333333333,182.6358548611111,805.8587208333333,452.28029987608426,0.3
44.63125,3.8986041666666655,0.3894444444444445,0.3641388888888889,50.092326388888885,43.09247222222223,20.41241666666667,49.10660416666666,2.142432638888889,171.03776666666667,805.1807041666666,400.5215531914894,0.1
47.64417361111112,3.0966875,0.7010555555555555,0.2911875,37.22263194444445,27.280881944444445,21.789166666666667,41.32798611111112,2.2639194444444444,204.89789027777775,803.9017479166666,586.7699506781751,0.0
36.44812872467223,4.395089392133492,0.5883909415971394,0.323337306317044,45.174266984505365,35.01194278903456,18.641525625744933,63.61988081048868,1.257320619785459,130.6223337306317,804.0738295589988,397.3687151898735,0.0
46.36608993902439,2.2843589743589745,0.2059276018099547,0.2234389140271493,31.091493212669683,19.962352941176476,20.21846153846154,41.86745098039216,3.480975867269985,186.72464705882356,806.1482156862745,180.4219492385787,0.0
46.613937500000006,3.645020833333333,0.5236666666666667,0.3037569444444444,31.02976388888889,22.253416666666663,19.80740972222222,45.45894444444444,1.761220138888889,153.2320611111111,805.5644611111111,503.9943180693069,0.0
45.31896527777778,4.681861111111111,0.6295694444444445,0.3457361111111111,42.70626388888888,28.43027777777778,19.75925,48.72843055555556,1.7592833333333333,159.1233631944445,805.3604819444445,407.45275,0.0
48.07225694444445,4.805312499999999,0.453923611111111,0.3212013888888889,32.69710416666667,24.9281875,20.78097916666667,50.42340972222223,1.948280555555556,139.69213680555555,807.5352534722222,449.3008452237001,0.2
50.62408333333333,5.981333333333334,0.3268055555555555,0.3175277777777778,33.72278472222222,25.96834722222222,19.64871527777778,58.56954861111111,2.3562659722222223,88.97111041666668,808.3285201388888,354.1508051470588,0.0
45.812041666666666,4.747215277777777,0.3326388888888889,0.3190347222222222,31.086604166666667,24.0875,20.193229166666665,59.9438125,1.6810118055555556,155.3656340277778,806.5818194444445,400.42493773349935,0.7000000000000001
49.121090277777775,5.233097222222222,0.4217916666666667,0.3735347222222222,37.117875,32.778125,20.805423611111117,61.18439583333333,1.4989256944444445,152.6842375,805.6861569444445,432.487481707317,2.3
38.442125,7.549291666666666,0.6547708333333333,0.43175,41.065152777777776,35.881750000000004,20.4874375,64.25959722222223,1.501865277777778,162.91542847222223,805.5149076388889,331.4047229813665,15.8
44.47498611111112,5.289222222222222,0.6373680555555556,0.3871597222222222,38.50289583333333,32.96024305555556,22.1523125,53.37097916666667,1.8201861111111115,146.52716875,804.3513090277778,532.6010277108434,0.0
24.28945091514143,9.105973377703826,1.2356905158069884,0.4282196339434276,42.69349417637272,36.08890183028287,17.73640599001664,75.26093178036605,0.7467587354409319,123.70816472545758,804.0290382695507,352.6124522821577,0.0
43.86094444444445,3.565201388888889,0.4847361111111111,0.28125,34.83016666666667,26.43586805555556,22.485138888888887,45.44072916666667,2.481284027777778,165.8309625,804.3537409722223,607.3598472906403,0.0
51.76501388888889,4.1243125,0.5672986111111111,0.3096805555555555,44.77047916666667,36.33820138888889,23.685541666666666,35.51475,2.017377777777777,161.1690201388889,803.7832027777778,605.5057121771217,0.0
50.53036111111111,3.391270833333333,0.2575052119527449,0.3044513888888889,39.93029166666667,32.5265625,24.319590277777777,30.9811875,1.738963888888889,158.42026388888888,802.8927722222222,628.1557985166874,0.0
47.22839583333333,3.991479166666666,0.3637291666666666,0.2964583333333333,39.30802083333334,31.14838888888889,23.691847222222226,31.99684722222222,2.2922305555555558,168.6135388888889,802.668542361111,597.2142638398116,0.0
49.99317361111111,2.309375,0.3194645340751043,0.2339791666666666,33.66178472222222,23.4797625698324,23.383381944444444,35.303618750000005,2.446426388888889,201.47951458333333,803.07429375,642.3809289215686,0.0
45.39443055555556,1.5769166666666667,0.2,0.3256666666666666,35.26818055555555,27.766715277777777,21.62905555555556,57.14357638888889,3.016752083333333,247.7097402777778,804.3637791666666,477.5219063583816,8.5
43.06645138888889,2.517444444444444,0.2387065368567454,0.3209027777777778,30.055020833333337,24.89447916666667,21.77683333333333,59.15810416666667,2.388936111111111,197.37652152777775,804.6035493055556,494.62054360812425,0.1
43.40754861111111,2.0967708333333333,0.2315811665495432,0.2746736111111111,34.81417361111112,25.166666666666668,22.81303472222222,50.14889583333333,2.5445083333333334,194.84768194444445,805.5206229166666,553.6606971916972,0.0
46.80977777777778,4.653388888888889,0.5860576247364723,0.2910972222222222,35.59768055555556,22.1125625,23.534111111111116,40.14313194444445,1.727561111111111,126.41954375,805.21553125,626.3244577723378,0.0
43.47030555555556,2.9865833333333334,0.2217248603351955,0.2997638888888889,35.1345625,24.971256944444445,24.098194444444445,42.994125,2.025284027777778,215.2200875,804.7776597222223,562.4588417177914,0.0
45.44541666666667,2.5900416666666666,0.2,0.2812013888888889,32.13494444444444,22.40928472222222,24.2355625,38.70326388888888,1.922732638888889,151.76264305555557,804.9399104166666,606.5521228501228,0.0
45.59886805555555,2.9016597222222225,0.3048062015503876,0.2884930555555555,37.39023611111112,23.444798611111118,24.432590277777777,38.700513888888885,1.9166604166666668,154.0863090277778,805.3144263888888,570.2643990208079,0.0
48.23558333333334,2.717041666666667,0.3263446838082001,0.2705486111111111,36.98865972222222,21.311569444444444,24.079520833333333,38.09817569444444,2.06335625,143.9513548611111,804.9213291666666,645.4188214285714,0.0
50.8070625,2.865611111111111,0.4547986111111111,0.2964375,41.07009027777778,27.12607638888889,24.31965277777778,40.02590277777778,2.177968055555556,182.7365423611111,804.3660611111111,623.3353223039215,0.0
42.99051112656468,2.793173611111111,0.4563055555555556,0.2971666666666667,36.3488125,23.512993055555555,23.98807638888889,45.3660625,2.146635416666667,172.19826180555555,804.0245145833334,575.0084112607099,0.0
39.696125,2.5675069444444443,0.2939097222222222,0.3105763888888889,38.43321527777778,28.2880625,23.899756775538567,52.41728978457262,2.1436726893676163,171.92679847116054,805.2218985406532,588.9741009852216,0.0
39.475208333333335,2.111944444444444,0.2035347222222222,0.3172152777777778,36.979819444444445,27.700333333333337,23.83068055555556,52.6116875,2.1185194444444444,182.91808194444445,805.6615631944445,445.66748768472905,0.0
34.802083333333336,3.1752291666666665,0.2460833333333333,0.3313680555555555,35.89424305555556,26.18715277777778,23.585104166666667,50.68718055555555,1.7122499999999998,145.09001458333336,805.2930402777777,547.1736233128835,0.0
41.97205555555556,2.557527777777778,0.3151527777777778,0.276625,32.85663888888889,23.634659722222224,23.89663888888889,48.45917361111112,1.734863888888889,187.48641666666663,805.0402750000001,556.8108333333333,0.0
45.95,1.9545625,0.2003125,0.2825416666666667,33.5084375,24.541909722222226,24.62586111111111,52.01686111111111,2.308013888888889,219.86018680555557,804.9688784722223,554.6141540342298,0.0
42.8440625,3.304805555555556,0.2387777777777778,0.3357013888888889,37.087854166666666,28.169472222222225,24.008152777777777,52.62996527777777,1.628286111111111,185.52200763888888,804.4054125,491.576152811736,10.2
42.05464583333333,5.391770833333333,0.3661319444444444,0.3545069444444444,35.986402777777776,27.922875,23.923805555555557,46.60308333333334,1.419686111111111,157.52566944444445,804.3011861111112,576.8377765567766,0.0
42.29879861111111,3.999993055555556,0.3030763888888889,0.2826458333333333,36.76602777777778,22.424229166666667,23.242541666666668,48.47725694444444,1.7378243055555556,147.46496527777776,804.9206645833333,535.4194089264174,0.0
41.02654861111111,4.087965277777778,0.4091660875608061,0.2706597222222222,32.777520833333334,21.409506944444445,22.39984722222222,46.808416666666666,1.59400625,147.26933819444446,805.5498854166666,545.9295055079559,0.0
35.668909722222224,2.837576388888889,0.2755802640722724,0.2444861111111111,21.76097916666667,14.226140602582497,22.13706944444445,51.63722916666666,1.9728666666666663,130.27358263888888,805.1562361111111,483.63316525934863,0.0
32.44148611111111,4.894444444444445,0.5423958333333334,0.2675972222222222,25.838978571428573,10.867485835694051,19.938166666666667,63.66936111111112,1.49675,170.94386041666667,805.541145138889,201.1887761529809,3.2
36.39019444444444,4.178444444444445,0.3928005559416261,0.2616458333333333,36.605987717502565,10.753037088873338,20.71661111111111,61.13283333333333,1.7901833333333337,141.72312499999998,805.0559597222222,380.5403862612613,1.2000000000000002
41.2050625,5.344826388888889,0.4730763888888889,0.2887847222222222,19.5971875,18.921701388888888,18.850104166666668,70.80482638888888,1.4312520833333335,137.3796423611111,804.9210673611111,369.1818019093079,3.6
21.114088397790056,9.527403314917128,0.247292817679558,0.3337016574585635,27.793204419889506,26.57939226519337,17.540055248618785,77.0107182320442,0.6501546961325967,151.51552486187845,804.8369226519337,483.8610444352299,0.0
19.109270833333333,4.7986875,0.5015347222222223,0.2179027777777778,8.780794979079499,5.942477272727272,18.67827083333333,75.43002777777778,1.3490701388888888,166.34484166666667,806.5055138888888,364.1099115479116,15.7
32.95679166666667,3.934819444444445,0.4744791666666667,0.1735069444444444,13.286645833333331,9.884389367816093,19.808777777777777,72.57799305555555,1.6571812499999998,143.51382083333334,805.5428833333334,397.1803447461629,0.0
38.33725694444445,4.721583333333333,0.4395833333333333,0.1238680555555555,14.933993055555556,12.077236111111112,19.24911805555556,69.459,1.3472444444444445,149.49081180555555,805.7109048611111,441.9767992610838,2.2
35.238729166666666,4.499006944444444,0.6543958333333334,0.1454166666666666,21.29025,19.053472222222226,19.074659722222226,74.1439375,1.6370993055555556,194.24066875000003,806.6038131944443,364.49213212121214,0.1
47.904465277777774,4.585715277777778,0.5677222222222222,0.1684513888888889,17.964277777777777,15.980583333333334,19.36075,72.49738194444444,1.7075541666666667,163.45104444444445,806.4441069444445,419.6799849537037,0.8
40.25185416666667,5.263486111111111,0.6780277777777778,0.1683055555555555,27.6705625,24.099756944444444,20.241465277777777,71.47513888888889,1.9224083333333333,131.993,805.5086902777778,465.151687426557,2.7
28.80428472222222,2.4030625,0.3250833333333333,0.073875,4.097292263610315,7.042463126843658,19.379756944444445,68.907125,1.7062555555555554,185.20656319444444,805.200145138889,422.7008742586002,3.8
26.203569444444444,4.2597708333333335,0.2847152777777778,0.0979583333333333,13.666724982505247,12.116095100864554,19.914527777777774,68.0651875,1.5202583333333333,169.9102722222222,805.4944375,430.935332103321,0.0
38.01149305555556,4.2686875,0.2872152777777778,0.1082986111111111,16.673902777777776,14.708340277777776,19.114652777777778,78.25744444444445,1.7408222222222225,147.9424326388889,805.8572430555555,430.6742742857143,11.3
33.164145833333336,4.811763888888889,0.3229444444444445,0.1144236111111111,12.943520833333332,9.916128133704737,19.25039583333333,78.19689583333333,1.369576388888889,148.64684791666667,806.4690236111112,390.679824137931,2.6
40.288243055555554,5.022506944444444,0.6823958333333333,0.1176875,11.812756944444445,9.13378296910324,19.425965277777777,69.85679166666667,2.2158777777777776,168.57833611111113,807.591607638889,466.06003695652174,5.5
42.909333333333336,4.547486111111112,0.6097152777777778,0.1109027777777777,16.384694444444445,12.791770538243624,19.53995833333333,68.842625,1.5003604166666664,152.29870277777778,807.4700159722223,518.3273301775148,1.4
47.542125000000006,3.6627777777777775,0.3602222222222222,0.0803333333333333,16.837958333333333,13.737154929577464,20.7166875,61.29886111111111,1.6987666666666668,124.90369166666666,806.1013958333333,559.9601805392731,0.0
41.57513194444444,3.196888888888889,0.4170555555555556,0.0507013888888888,14.829159722222224,10.882787834902244,20.67198611111111,63.25729166666667,1.3777409722222222,151.01197777777776,806.2161194444445,459.6313006134969,0.0
42.71929166666666,4.557604166666667,0.4974513888888889,0.0858263888888889,18.691236111111117,12.572006944444444,20.726895833333334,65.33240277777779,1.511104861111111,154.19324583333335,806.277676388889,497.2719777777778,0.0
45.58594444444444,4.081951388888889,0.4105833333333333,0.0900515084621044,25.64629166666667,18.44807638888889,21.13951388888889,61.30049305555556,1.6435194444444443,127.95351041666666,806.7239305555555,591.29964749082,0.0
35.782520833333336,5.6881875,0.7269027777777778,0.0822152777777777,23.274493055555556,17.623270440251574,19.2846875,71.29852777777778,1.3628618055555557,154.929525,807.4653125,418.2809987775061,7.4
43.981625,6.030819444444444,0.6265416666666667,0.1305555555555555,20.73042877906977,19.169840277777777,19.382631944444444,71.75011805555556,1.2005569444444444,139.34122083333335,808.2759694444444,387.3045792410714,21.6
50.90334722222223,4.0090625,0.4770555555555555,0.0988194444444444,21.646708333333333,16.273569444444444,19.98382638888889,64.13767361111111,1.5014090277777778,155.8992722222222,808.5512118055557,547.717625146886,0.0
43.22997216423104,5.432887961029924,0.8082950591510091,0.0946276965901183,20.88581767571329,14.19758524704245,20.34069589422408,66.6724913013222,1.457286012526096,129.51496242171189,807.7541927627,565.7463102595798,0.3
37.51790277777778,6.097590277777778,0.6380069444444445,0.0819902574808629,21.5051,16.899270833333333,19.831847222222223,68.41510416666667,1.3666270833333334,138.8877576388889,806.81413125,459.628695970696,0.3
35.121875,4.8478125,0.6904652777777778,0.1083819444444444,19.0345625,17.149083333333333,18.27332638888889,76.36643055555555,1.18689375,163.11056944444445,806.3716041666668,348.0938574938575,4.5
32.768819444444446,3.574236111111111,0.3082777777777777,0.0990972222222222,11.319840055632824,9.571792656587473,17.745256944444442,81.65794444444444,1.1177444444444444,133.10284097222222,807.2624145833335,342.2387041198502,9.0
24.74651388888889,4.160013888888889,0.9899166666666668,0.2011893033075299,13.6890989010989,12.392618542108988,18.05461805555556,80.46768055555556,0.8557270833333334,109.6667076388889,808.0743479166666,288.6865254658385,8.1
24.029611111111112,4.3393194444444445,0.4365694444444444,0.3654513888888889,12.167317425885756,9.610830815709967,17.67754861111111,84.44614583333333,1.2021166666666667,140.76478541666663,808.8275784722222,267.4110035842294,7.800000000000001
35.007083333333334,7.346,1.0916388888888888,0.4172083333333333,19.158060224089635,15.211196275071634,17.219881944444445,79.74103472222222,1.0014152777777778,106.48734930555555,808.6282368055556,205.6021714922049,2.2
33.40092361111111,5.042701388888888,0.8068680555555556,0.354361111111111,16.88767361111111,13.948055555555555,17.31092361111111,76.64670833333334,1.2659708333333333,109.54878611111111,807.8427423611112,448.6227388059701,0.9
20.68875945537065,5.9706051437216345,2.2564750378214824,0.4062783661119516,21.00789712556732,15.055052950075645,13.802223903177005,84.99674735249621,0.3943237518910741,68.3589273827534,808.1658260211801,458.6657785467128,0.0
26.242395833333337,3.703784722222222,0.8044097222222222,0.3894027777777777,17.188208333333332,13.27214899713467,19.5404375,77.26309722222223,1.0274951388888889,127.45404305555556,808.1316736111112,396.1997892215569,5.6000000000000005
38.20175694444444,3.253361111111112,0.4943532684283727,0.3538333333333333,13.49051388888889,10.96979870596693,19.755375,71.61760416666667,1.281972916666667,141.87621736111112,807.3312215277778,544.2723919716647,11.0
33.601256944444444,5.657298611111111,0.9504861111111113,0.38675,51.42640718562874,11.183790504898266,19.00036831132731,73.48043085476024,1.0374871438498958,114.04774982626824,806.9139826268241,493.6172421185372,0.9
20.20654861111111,3.3194166666666667,0.3042291666666666,0.3627847222222222,9.120398009950248,8.106198529411765,17.975805555555556,82.23783333333333,1.0669888888888888,144.6676798611111,806.7971881944444,285.0158181818182,6.5
23.703125,3.8023680555555552,0.973307852675469,0.3782013888888889,11.614151079136692,9.139903774981496,18.396569444444445,78.22744444444444,1.2827131944444443,136.03997638888887,807.66639375,448.8889916864608,26.7
24.30340277777778,2.109513888888889,0.3402569444444445,0.3336458333333333,10.88644180874722,5.871285604311009,17.8325,79.84534722222223,1.19831875,145.38239791666666,808.7766145833333,329.5931658595642,0.1
21.88284942084942,3.594489311163896,2.374030888030888,0.3216602316602316,12.98592277992278,8.806136183689627,19.5588416988417,72.93662548262547,1.2399868725868726,134.40825714285714,808.9526478764478,422.91597757847535,0.0
36.13798611111111,3.760604166666667,0.6982638888888889,0.2765138888888889,14.84388888888889,10.528886524822695,20.514444444444443,67.9095625,1.2618895833333337,149.57952708333335,808.2119166666666,534.7157568578554,0.0
38.20926388888888,3.524506944444445,0.2042152777777777,0.2752222222222222,15.729598591549294,13.416274228284278,20.246659722222223,69.95156944444444,1.6951993055555556,185.16333402777775,807.3928583333334,578.8393957816378,0.9
35.13959027777778,3.075576388888889,0.2559305555555555,0.2482777777777777,14.57000702247191,11.278199018920812,20.43765972222222,69.15153472222222,1.4388069444444445,199.4271840277778,807.0203027777778,545.7948842652796,0.1
34.97728472222222,3.2539305555555558,0.8078541666666667,0.2650416666666667,19.359,16.13885416666667,20.32852083333333,72.31452083333333,1.291490277777778,158.40734305555554,807.0012006944445,420.9406779661017,3.2
60.749,3.1907152777777776,0.3185,0.2422986111111111,14.736741415557114,11.4226875,19.36524305555556,67.12702777777778,1.9000027777777777,165.79961458333335,807.4048875,570.9270117647059,6.800000000000001
44.13373611111111,3.6378402777777774,0.3134375,0.2690902777777778,15.106659722222222,13.474909722222222,18.727006944444444,72.64727777777777,1.2150805555555555,150.66040902777775,806.4961770833335,388.23733164556967,7.9
36.554402777777774,5.618430555555555,1.01875,0.3021805555555555,17.177333333333333,13.78492693110647,18.87108333333333,74.04668055555555,1.1535194444444443,96.60434722222224,806.1466069444444,430.38442118226607,10.7
30.77636805555556,4.181194444444444,0.7614791666666666,0.3174583333333333,18.29684835779176,12.568516949152542,18.9355625,67.78474305555555,2.4311055555555554,89.68390138888888,806.6264569444445,481.1566544766709,0.0
30.354597222222225,4.3375,1.088833333333333,0.2712569444444445,16.053772663877268,11.54313464235624,18.203791666666667,66.94829861111111,1.29559375,117.08507847222222,806.2683444444444,488.6196842105263,0.0
18.99336805555556,3.6117222222222223,0.8210416666666667,0.2781111111111111,8.10703249097473,6.582402148887184,17.999777777777776,81.36160416666667,0.8263875,124.23669305555556,806.9304659722222,300.6071948842875,4.7
18.93221527777778,4.076444444444444,1.4589722222222223,0.3562013888888888,12.63831827658096,8.370327868852458,18.693513888888887,78.393875,1.157534722222222,142.3218611111111,806.507754861111,385.2968167539267,0.6000000000000001
23.778194444444445,6.095652777777778,0.4040069444444444,0.3251805555555555,13.208132404181184,10.468237853517042,18.15,82.11680555555556,1.5269506944444446,115.86809027777775,806.693901388889,395.226468401487,1.4
29.56352777777778,5.275923611111111,0.3653680555555555,0.2953819444444444,7.9735625,16.77398611111111,17.16926388888889,81.33778472222222,1.615978472222222,118.91936805555557,807.0606458333334,229.35005283505157,0.6000000000000001
26.71140972222222,6.223180555555555,1.0000416666666667,0.2575555555555555,21.023817166782973,17.285793871866296,17.22025,77.11727777777779,1.451276388888889,114.85453611111112,806.0334388888889,319.36407875000003,2.5
33.59127083333333,7.1265,1.035111111111111,0.3086597222222222,21.81945720250522,16.58465083798883,18.397673611111117,77.87058333333333,1.1125888888888888,144.20287222222225,804.4415229166667,416.1697299630087,1.9
31.95534722222222,4.6013263888888885,0.6445416666666667,0.2755347222222222,16.299456066945606,10.690127208480568,19.861291666666663,70.17022222222222,2.247067361111111,88.71682708333333,804.6084354166668,484.1488390804598,0.3
27.448347222222225,4.689333333333334,1.0704930555555556,0.2227430555555555,15.393927576601673,9.34470839260313,19.341173611111117,67.14461111111112,2.5787131944444446,87.49439166666667,805.2427763888888,501.40601277139206,0.0
29.207173611111116,4.426729166666666,0.8070902777777778,0.2234930555555555,20.94803472222222,13.02102384291725,18.002312500000002,65.52362500000001,1.5320673611111113,126.58560138888888,805.5842166666667,515.9793959390863,0.0
33.41251388888889,4.121743055555556,0.6460347222222222,0.2466666666666666,16.41861111111111,18.510293501048217,17.38907638888889,71.645,1.8378993055555557,180.63161736111115,805.1829291666667,502.4651946222791,0.0
29.07413194444445,4.574972222222223,0.4232986111111111,0.2657430555555555,20.935583333333334,18.154655532359083,18.78273611111111,75.5585486111111,1.1979131944444443,124.7387013888889,804.4160826388888,406.7679369369369,0.0
22.71313888888889,5.376965277777778,0.9970972222222222,0.3484236111111111,25.401430555555557,19.826698389458272,18.72252083333333,75.04314583333334,1.163640277777778,165.15445694444446,804.7350680555555,443.927333767927,0.0
30.51480086893556,4.549884141926141,0.8003258508327299,0.3580014482259232,22.873685734974657,22.05616944243302,19.076314265025346,79.00259232440261,1.1085126719768283,162.42533236784936,805.3922896451847,390.73920263788966,41.7
31.2826875,3.877090277777778,0.4968125,0.2710902777777778,15.587190542420029,15.859378571428572,18.797131944444445,79.12838888888889,1.0667145833333334,124.14312916666668,807.0768875000001,393.608024360536,19.0
37.63666666666667,4.6354444444444445,0.5460208333333333,0.3236666666666666,26.541888888888888,27.06374651810585,18.39073611111111,81.07904166666667,1.002482638888889,122.780875,807.4081187500001,452.35836561743344,2.0
42.66342361111112,2.507722222222222,0.3070277777777778,0.272875,21.2665,22.93517361111111,19.28009722222222,72.40463194444445,1.4751166666666669,136.48028819444443,806.8229784722222,492.76658096415326,1.1
34.462409722222226,3.430388888888889,0.6610833333333334,0.2487638888888889,13.132645833333331,11.196615276804485,19.0825625,72.24447222222221,1.450057638888889,141.4084576388889,805.4968062500001,385.3432329113924,5.800000000000001
31.37092361111111,2.7145694444444444,0.4882430555555556,0.2591111111111111,12.000944444444444,11.241083333333334,18.58842361111111,78.7316111111111,1.2308694444444443,126.45263055555556,805.4900645833333,414.3100865139949,7.6
30.402270833333333,3.065868055555556,0.4143333333333333,0.2494097222222222,12.649870596693027,11.577607726597323,18.51302083333333,77.80799305555556,1.1757041666666666,152.6317076388889,806.4178236111111,386.070907063197,4.1000000000000005
26.88835416666667,4.812104166666667,0.5583611111111111,0.2695555555555555,17.71823611111111,15.447111111111113,18.134169562195968,79.83175121612231,1.1128742182070883,119.16514732453092,806.8707289784574,367.63864129032254,0.5
30.03416550764951,5.154791376912378,0.6601321279554937,0.2911196105702364,19.69267732962448,19.92167375886525,19.31394297635605,74.19675243393601,1.4057378303198889,97.07472253129346,806.6102079276774,532.2254584980237,0.0
32.78840972222222,5.935576388888888,1.375597222222222,0.2821666666666667,20.137909722222226,13.914609483960948,18.844951388888887,64.51401388888888,1.2130402777777778,111.49510972222222,806.6603486111111,644.1553350923483,0.0
32.40528472222222,3.9454166666666666,0.3868541666666667,0.2137013888888889,15.178884892086332,10.62239298245614,19.33042361111111,62.551763888888885,1.3612833333333334,134.58158333333333,807.2928666666666,605.9056440677966,0.0
36.23313888888889,4.67925,0.8343541666666667,0.2064878048780487,17.234256944444446,10.811277777777777,18.60696527777778,62.450875,1.1788222222222222,148.01796736111112,807.3294833333333,632.986370712401,0.0
33.48708333333333,5.350125,1.0382638888888889,0.3036666666666667,21.9509375,13.898977746870653,18.94163888888889,65.75040277777778,0.9541381944444444,132.01829583333333,806.5213298611112,626.1016996047431,0.0
40.152791666666666,5.7432638888888885,0.7180277777777778,0.4273402777777778,26.61623611111111,20.498560393258423,19.11841666666667,67.05277777777778,0.9600895833333334,153.57013194444443,806.3945326388889,491.06172037283625,0.0
39.56527083333333,6.033243055555556,0.9504444444444444,0.3512291666666666,27.14807638888889,20.62346527777778,19.83875,67.33053472222223,1.1740104166666667,165.24367708333332,805.692,632.0100624169986,0.0
33.72535416666667,4.878256944444444,0.9034652777777776,0.3526666666666666,26.87185416666667,21.33325,18.691631944444445,78.56127777777778,1.2216986111111112,130.69925625,805.9068256944444,419.2675936675462,11.1
33.16647916666667,3.54775,0.6063194444444444,0.2952638888888889,18.657013888888887,16.367916666666666,19.26898611111111,76.25142361111111,1.540675,153.47065277777776,806.3766972222221,483.6267596513076,5.9
30.418875,2.9939166666666663,0.2449513888888889,0.2545763888888889,12.976305555555555,12.572868055555556,17.853125,79.28684027777778,1.2120013888888888,120.87804583333332,807.2370097222222,293.7362036793692,0.9
31.093493055555555,4.853715277777778,1.182097222222222,0.2983819444444444,21.35507638888889,21.02782638888889,18.10356944444444,78.59315972222223,1.2349770833333331,145.40849861111113,806.7784958333333,528.9247425227568,2.1
29.13805555555556,5.493465277777778,0.8515347222222223,0.3510625,18.880659722222223,15.59621338912134,19.460034722222225,73.56840972222221,0.8415159722222222,100.83235,805.5209409722222,598.8531347708895,0.0
29.165444444444443,5.5643263888888885,2.6576041666666663,0.3406736111111111,18.69511805555556,14.486578581363004,19.644715277777777,74.59313194444445,0.9165736111111112,128.89592430555555,805.2925340277778,521.2062141900938,0.0
32.69744444444444,5.494590277777778,1.110590277777778,0.3264444444444444,23.277361111111112,16.79099512874043,19.82255555555556,68.24563888888889,1.1307951388888888,115.46880416666669,806.0422645833333,592.9865213333334,0.0
34.168909722222224,7.052340277777779,1.5668958333333334,0.4239375,31.30134027777778,23.50427777777778,19.63253472222222,71.62542361111112,0.8081256944444445,133.51129583333335,806.0488763888889,583.3367586666667,0.0
28.965541666666663,4.427493055555556,0.7136875,0.3525833333333333,21.588513888888887,17.21995038979447,21.0096875,68.01756944444445,0.9846430555555556,100.13956041666668,805.7694243055555,611.70250132626,0.0
30.461305555555555,4.021895833333333,0.4235694444444445,0.3337638888888889,21.32248611111111,16.810020862308765,20.4720625,67.09186805555555,1.050929861111111,109.65583958333336,805.725475,609.4400091623037,0.0
29.1420625,4.3949444444444445,1.2451458333333334,0.2620416666666667,21.421506944444445,12.829574319609211,19.728291666666667,61.61452083333334,1.7248263888888888,113.35003472222222,806.197748611111,617.592796812749,0.0
31.435319444444445,5.267819444444444,0.9786458333333332,0.2867291666666666,23.316069444444445,13.278989473684211,19.07599305555556,59.4888125,1.7764243055555555,112.83022569444444,806.9868763888888,572.1579166666667,0.0
33.832874999999994,5.932902777777778,1.5109097222222223,0.3954097222222222,27.64813855843247,16.597007194244604,18.83075,60.932180555555554,1.2162430555555557,133.51871944444446,806.3182041666666,612.6741064690027,0.0
34.30513194444445,6.388951388888889,2.574020833333333,0.300875,26.397402777777778,19.05105555555556,19.6728125,67.05917361111112,1.1635756944444444,145.44184097222222,805.0023347222221,603.7912416998672,0.0
16.190994475138123,5.114088397790055,0.2,0.3535359116022099,32.45574585635359,28.888950276243094,15.832651933701658,88.99668508287293,0.3673812154696132,110.32423204419892,805.04926519337,483.8610444352299,0.0
34.525691452397496,3.7862404447533007,0.7633912439193885,0.3270118137595552,24.4595830437804,20.87220291869353,19.543002084781097,71.47926337734538,0.9595455177206392,152.9218429464906,805.970551772064,475.1581434426229,0.0
37.92851388888889,4.118819444444445,0.6257638888888889,0.2911180555555555,23.60259027777778,18.62854907539118,20.34340277777778,67.86467361111112,1.3004020833333334,196.3688888888889,805.370942361111,512.7824931506849,0.0
33.25427777777778,4.507555555555555,0.5886041666666667,0.3122986111111111,20.4225,17.620637845499648,19.101298611111112,77.11197916666667,1.2708333333333333,132.17318541666666,804.8610715277778,315.5557913486005,8.0
23.04182638888889,4.207505211952745,0.7352291666666667,0.2811736111111111,12.736412587412588,11.69357601713062,18.750430555555557,80.87965277777778,1.26743125,126.11621805555556,804.86178125,429.7257399463807,3.0
23.52146527777778,2.912826388888889,0.6277291666666667,0.2774375,13.450069492703268,12.166553222302678,19.73398611111111,76.00006944444445,1.1458791666666668,138.48389791666665,805.1660625,534.9044027027027,0.0
33.71615277777778,5.2597708333333335,1.287625,0.3325902777777778,15.465180555555555,13.800770833333331,19.71693055555556,76.5513263888889,1.250923611111111,127.85949166666668,805.2049236111112,360.2878108108108,4.1000000000000005
29.162694444444444,4.621930555555555,0.6942708333333333,0.2995972222222222,10.792348804500705,7.3487263078089455,19.002291666666665,73.77720833333333,2.265145138888889,96.1216326388889,805.7223486111111,363.59387001287,2.0
35.870263888888886,3.9944375,0.2929097222222222,0.2592777777777778,10.341158192090395,6.167718120805369,17.845381944444444,70.46724999999999,1.9922548611111115,98.38922916666668,805.3956881944445,351.1732271505376,0.1
22.325222222222223,6.520930555555555,1.4000069444444443,0.3130277777777778,9.721675126903554,6.960553129548762,16.585152777777775,82.99890277777777,0.926672222222222,117.18735138888889,803.5105840277777,206.270958677686,10.8
17.497222222222224,1.6348402777777775,0.6260347222222222,0.2005069444444444,4.955340189873418,4.678225399495374,16.88107638888889,82.73417361111112,2.426440277777778,149.82262291666666,801.8721256944444,299.2048443037975,2.8000000000000003
15.60669097222222,1.8733959638135005,0.5816111111111111,0.1875625,5.688153846153846,4.305268214571657,16.715722222222222,80.36313194444445,2.280996527777778,167.9774576388889,800.7429993055556,236.87783933518003,6.4
13.928822299651568,4.6977569444444445,1.9331944444444449,0.2803680555555555,9.953195435092724,7.892808811959087,17.198687500000002,78.94792361111111,0.8715222222222222,144.5859034722222,802.4094618055556,505.4228593103448,0.0
19.258461805555555,4.233430555555556,1.64625,0.2941111111111111,12.295432960893857,8.599718309859155,18.537986111111117,77.39339583333334,1.0987791666666666,130.9054236111111,803.9480340277778,479.056431911967,0.0
27.30856050069541,6.066861111111112,0.9531944444444445,0.4231527777777778,22.616291666666665,18.876507823613085,18.4580625,76.51531944444444,0.8994520833333334,108.47215486111112,805.921425,394.51949370629376,0.4
29.82270833333333,4.019458333333334,0.3709375,0.2451458333333333,10.870697012802276,8.383261515601784,18.961770833333333,68.48753472222222,2.5538902777777777,77.81638819444444,807.4696333333334,450.53848373983743,0.0
37.38441666666667,4.463208333333333,0.6420138888888889,0.2264930555555555,11.903991537376587,6.273097617217525,17.313819444444444,63.44145138888889,2.5935256944444447,76.6139736111111,807.570775,472.78675139664807,0.0
31.155881944444445,6.888256944444445,1.046513888888889,0.3196180555555555,20.491576388888888,17.741588523442967,15.05034027777778,72.35734027777778,1.4102513888888888,129.67763125,806.1227277777778,468.0155896358543,0.0
30.743368055555557,5.5356250000000005,1.0126388888888889,0.3579722222222222,21.53506944444445,14.324295725297828,16.43729861111111,69.27653472222222,0.9501569444444444,116.57336944444444,805.1011222222222,373.65510292072327,0.0
28.373631944444444,7.1851666666666665,1.0149722222222222,0.3645486111111111,18.51249305555556,15.036472222222224,16.76492361111111,80.74953472222222,0.7993145833333333,143.65069652777777,805.8554361111111,252.4355007173601,0.2
23.25568055555556,4.677493055555556,0.7701874999999999,0.3364583333333333,17.150965710286915,13.291917510853835,17.838194444444444,77.15720833333333,1.345176388888889,151.49914444444445,805.9921034722222,395.270573816156,0.0
19.3663125,1.852472222222222,0.6878333333333333,0.2792569444444444,10.713666666666668,8.740969196093163,18.009083333333333,75.66484722222222,1.3759312499999998,179.49784444444444,805.1604708333333,446.70907290233833,0.0
15.549097222222224,2.187548611111111,0.5106597222222222,0.2470972222222222,11.407869656622283,9.282312633832976,17.896562499999998,75.963375,1.5167368055555557,137.1950090277778,804.3296020833334,484.0889236111112,0.0
16.2088125,2.218590277777778,0.9122708333333334,0.2686458333333333,12.876423611111113,10.168622377622375,17.497618055555556,74.47841666666666,1.4881298611111111,154.03466805555556,803.9001354166667,480.3513236111111,0.0
19.53570138888889,2.939416666666667,1.226375,0.321625,17.032493055555555,12.59,17.422194444444443,72.33528472222223,1.06899375,150.01802083333334,804.3067486111112,461.7196367403315,0.0
18.174041666666668,6.327333333333334,0.7172222222222222,0.4157083333333333,19.83513888888889,19.30791231732777,16.709194444444446,87.4348611111111,0.6084451388888888,110.66065138888888,804.6093284722222,191.96214002828856,8.8
10.572917827298047,7.346527777777778,3.622263888888889,0.3847777777777778,16.091663097787293,23.4727498121713,17.493708333333334,84.15001388888889,0.8844868055555556,105.75101180555556,804.8668965277777,300.8353936464089,1.9
14.35184850590688,6.916479166666666,2.76225,0.3723125,15.282952646239554,11.7565579984837,17.730180555555556,82.86052777777778,1.0852069444444443,116.00220277777775,805.2785763888888,382.3765658263305,4.7
25.13354355400697,7.046486111111111,2.3273541666666664,0.3114930555555555,18.41288888888889,21.635720309205904,18.49600694444445,75.31068055555556,0.7832354166666666,117.65692013888888,805.4786590277779,494.3232078103208,0.0
25.64980448950036,5.607639391745112,1.1804417089065895,0.2581028240405503,18.518913830557565,14.23599565532223,18.04621288921072,75.64795800144823,0.7243533671252715,86.55479217958002,804.1854866039101,513.7611097046413,0.0
31.531659722222223,8.540222222222223,1.3206180555555556,0.3597777777777778,19.112111111111112,10.478442211055276,15.788694444444443,69.53003472222223,1.9219527777777776,103.28474097222222,806.8783354166667,509.5534936886396,0.0
31.371569444444443,8.516590277777777,1.080534722222222,0.3476111111111111,20.38268055555556,12.071391788448157,16.366173611111112,65.45079861111111,1.2157569444444445,119.87044444444444,807.8044826388889,504.29997017045457,0.0
32.98795833333334,10.254305555555556,1.912423611111111,0.3978472222222222,24.195409722222223,13.706604166666663,17.214118055555556,59.35580555555556,1.3087986111111112,136.35246527777778,807.1752854166667,529.226247538678,0.0
33.373555555555555,8.535493055555555,1.2412083333333332,0.4107222222222222,21.474340277777777,11.223881944444445,16.3250625,46.878993055555554,1.705598611111111,127.75493055555556,807.0401090277778,569.2261294452347,0.0
37.62560806115358,7.383189715079917,0.7064489228630993,0.3058721334259902,21.81761640027797,13.344971550497863,15.773432244614316,49.70257123002085,0.93190340514246,133.04950243224462,806.4007776233495,562.2830171184023,0.0
33.23253472222222,8.054055555555555,1.622423611111111,0.3119027777777777,26.657305555555556,14.349465277777778,17.454375,62.01264583333334,0.9426375,132.2468875,805.9845437500001,503.0224165497896,0.0
38.457125000000005,8.06048611111111,0.6233888888888889,0.3199236111111111,31.296173611111108,19.81088888888889,19.252666666666663,67.60386805555557,0.92339375,136.32639375000002,805.8881638888889,483.0934814814815,0.0
38.96289583333333,5.750430555555556,0.4775208333333333,0.3122430555555555,29.79296527777778,19.780875,19.367555555555555,70.77915972222223,0.91403125,144.65787430555557,805.6325166666667,519.1976447931527,0.0
29.874208333333332,6.065312499999999,0.6945416666666666,0.3438680555555555,27.850090277777777,22.29354006968641,17.981243055555556,81.53254861111111,0.97401875,178.83916041666666,804.9186347222222,330.4405501432665,6.6
21.734222222222225,6.288486111111111,1.4714722222222223,0.4384444444444444,23.792048611111117,20.212055555555555,17.599444444444444,80.26454166666667,0.9414659722222224,135.0755652777778,804.9425020833334,373.1528706896552,0.0
20.425317959468902,9.647013888888887,2.1361666666666665,0.5370069444444444,27.457798611111112,21.44278472222222,17.927222222222223,78.22030555555556,0.6788722222222222,111.05324166666666,805.5269152777777,338.7504173913043,0.0
16.184617258176758,5.450590277777778,2.0044097222222224,0.3789583333333333,15.97670138888889,14.413176638176637,17.302256944444444,77.24119444444445,1.1891840277777777,159.42107430555555,806.3301055555555,409.0674878744651,0.0
20.742756944444444,7.711361111111111,3.4069652777777777,0.4261111111111111,21.4113125,13.247032122905027,16.327972222222222,76.52588194444445,1.0891104166666667,93.79913194444444,807.0692090277778,343.0709985693848,0.0
21.65880555555556,8.066840277777779,1.3086319444444443,0.4202499999999999,19.77779861111111,9.44569264069264,16.860770833333333,69.72701388888889,2.020634027777778,128.70767569444445,807.2739534722223,463.5141090387374,0.0
24.4300625,8.400118055555556,2.3683125,0.4648263888888889,23.09570833333333,12.006379310344828,16.433625,60.87051388888889,1.38043125,129.0695298611111,806.697136111111,543.6526083815029,0.0
32.456875000000004,7.128118055555555,2.097277777777778,0.3802638888888889,21.088166666666663,10.1435754583921,16.210518750000002,53.956784722222224,0.8696923611111111,147.31722986111112,805.90640625,545.2941233859398,0.0
40.18366666666667,6.657861111111111,1.0944375,0.3970069444444445,27.920090277777778,13.80468595624559,16.878,59.0091875,1.0306083333333331,116.79349583333332,805.396448611111,537.3728651362984,0.0
39.71960416666667,6.010166666666667,0.7650277777777779,0.4319652777777777,27.564993055555554,18.730282404055032,17.1875625,59.717375,0.8723131944444446,121.22535416666668,806.1043944444444,545.6932376811594,0.0
34.48417361111111,4.0605,0.3215763888888889,0.3762152777777778,28.85370138888889,24.122104166666663,17.8094375,71.39180555555555,0.99093125,132.3203034722222,805.7230347222222,518.682877318117,0.0
33.14384027777778,2.991861111111111,0.3982777777777778,0.4131875,29.389569444444447,25.112715277777777,18.57914583333333,74.10925,1.185645138888889,178.5240076388889,804.8753784722222,501.347523943662,0.0
32.88072916666667,5.570034722222222,1.2629791666666668,0.4938541666666666,35.53745833333333,28.32484027777777,16.7313125,79.70449305555556,1.3298145833333332,147.11580416666666,804.5982798611111,383.9402741477272,0.0
17.2278517397882,7.89588502269289,1.783676248108926,0.3551285930408472,24.83776096822995,14.213267776096822,13.540862329803328,82.61172465960665,0.766590015128593,66.85898184568835,804.949756429652,269.2678149606299,0.0
17.184868055555555,3.1570555555555555,1.774298611111111,0.2755069444444444,11.415125,9.30363978899774,15.794183460736624,77.04897845726198,1.3539708130646282,170.69298332175123,805.4623328700486,285.0513019145803,0.0
15.048225694444444,5.067326388888889,2.1481944444444445,0.3510833333333333,14.981961057023645,11.67001390820584,15.716645833333336,73.2065,0.9434131944444444,133.81508055555554,805.9192958333334,319.89082148040643,0.0
25.583901408450703,5.41130985915493,0.7232112676056338,0.318943661971831,16.39377840909091,13.344666188083274,15.235957746478874,72.75458450704225,1.2189647887323944,96.0095323943662,806.635595774648,208.99759023066483,4.3
19.92018055555556,7.812013888888888,1.9764583333333328,0.3683611111111111,13.772033426183844,10.32281027104137,14.59425,77.36265972222222,1.530625,101.11513888888888,807.2414256944444,210.73586558345644,0.0
20.798784722222223,10.1479375,1.4819375,0.3859791666666666,21.52011805555556,13.819811715481173,14.770729166666666,75.06838194444444,1.6037736111111112,100.01458333333332,808.5657222222221,200.2668609929078,0.0
23.19620833333333,8.164284722222222,1.202625,0.3370902777777778,12.07828791055206,8.317886710239652,15.347375,73.33565277777778,1.749940972222222,93.19487708333332,809.0148819444444,254.3047476255088,0.0
14.319409722222222,9.928923611111111,1.2695138888888888,0.4129652777777777,7.316310820624546,6.60339546191248,12.211159722222222,92.78118055555557,1.3589111111111112,88.67222222222222,808.144682638889,88.59920169252469,10.3
17.789777777777775,5.365270833333333,1.278173611111111,0.3773888888888889,9.9976,7.197110125646711,13.38549652777778,79.07060416666667,0.6795673611111112,119.36200208333334,806.3384993055556,382.1698091168091,0.5
21.48265277777778,5.392798611111111,1.5584236111111112,0.3690069444444444,11.460243224461433,9.115128740431455,14.475167361111112,72.44675000000001,0.9452895833333332,115.55397291666668,806.73199375,373.5553697841726,0.0
25.049916666666665,7.19675,0.8241319444444445,0.3861736111111111,15.298104166666668,11.945427350427352,14.531993055555557,70.47757638888889,1.1126229166666666,89.5430548611111,806.7342881944444,326.98995588235294,0.0
21.80946527777778,8.986166666666666,1.3462569444444443,0.3483055555555555,11.081627906976744,8.6925,12.115831132731063,82.84726198749132,1.530737317581654,109.06993954134816,807.3139701181376,137.97798372781065,1.6
18.884631944444443,7.582659722222223,3.138118055555556,0.3980069444444444,15.842364285714286,12.453488372093023,10.062363194444444,86.27429166666667,1.1797854166666668,106.7439375,806.8409916666666,363.9878719772404,0.0
19.568284722222224,12.134569444444445,3.1546875,0.4995763888888889,29.079166666666666,23.471722222222223,12.63410277777778,80.02926388888889,0.7349659722222222,104.01864027777778,807.4175819444445,271.8375110782865,0.0
14.627116052814454,11.78625,3.5792916666666668,0.526888888888889,32.57244444444444,24.63334027777778,12.727493055555556,83.60445138888889,0.8279819444444445,127.34693055555556,807.6406812500001,170.6642564102564,0.0
20.282835302293257,9.930645833333331,3.4255,0.4782291666666666,24.93688888888889,20.22097902097902,14.340444444444444,81.89061805555556,0.9828923611111112,100.85076388888888,805.8562229166666,352.64292898550724,5.1
21.248860319666434,9.076798611111112,1.803826388888889,0.3548541666666667,16.09054861111111,12.322805555555556,14.467118055555556,75.97297916666666,1.2048805555555555,88.36391597222223,806.6153472222223,395.3463073593073,0.2
29.140208333333334,6.075180555555556,0.7629791666666667,0.2460416666666667,12.967118055555556,9.018670931058992,13.71694722222222,67.2065486111111,1.4074173611111112,87.96680347222222,806.9228840277777,488.8227196531792,0.0
37.62855555555556,7.561895833333333,0.9548680555555557,0.3528541666666667,21.047756944444444,16.771508220157255,13.22971388888889,60.88966666666666,0.7931881944444444,85.93924722222222,806.58439375,505.1168184480234,0.0
34.13065972222223,9.173916666666669,2.0605416666666665,0.5023888888888889,31.037423611111112,22.704013888888888,13.147947222222223,64.65357638888888,0.8497236111111112,79.2322138888889,805.98608125,480.2209546120058,0.0
42.00321527777778,7.181298611111111,0.7791597222222222,0.5921805555555556,33.96509722222222,27.331569444444444,13.745220138888888,64.63933333333333,0.9731444444444444,89.70993333333334,805.3115076388889,490.66058176555714,0.0
44.97535416666667,8.818895833333332,0.7966666666666667,0.4411736111111111,31.668763888888886,19.654606188466943,14.25766527777778,53.70609027777778,0.9887159722222222,102.01879305555556,805.9587041666666,456.883025147929,0.0
35.139854166666666,9.84357638888889,1.826493055555556,0.38575,28.622291666666666,16.67395138888889,14.00247986111111,49.19479861111111,1.1894,126.83902569444444,806.1633298611112,458.2854382352941,0.0
34.65788194444444,5.728333333333333,1.2724097222222222,0.3854583333333333,30.152729166666667,23.3995,14.620208333333332,68.37472916666667,1.7157687499999998,144.26639444444444,805.01953125,416.146892086331,0.0
31.327361111111117,3.554638888888889,0.3278194444444444,0.2881041666666666,21.17727083333333,18.936229166666667,15.229333333333336,73.12039583333333,1.6841847222222224,154.3246722222222,804.8882666666667,422.7052803468208,0.0
24.286708333333333,3.4972361111111114,0.249,0.3036666666666667,20.749902777777777,19.961328671328676,13.723715277777778,71.27792361111112,1.546386111111111,163.74395416666667,805.4640020833333,339.1661088235294,0.3
25.66252083333333,2.708854166666667,0.3425694444444444,0.2211736111111111,4.7165022761760245,4.87543062200957,11.795013888888889,79.75910416666667,1.7993243055555557,154.55883541666665,805.4697416666667,101.4075614814815,5.9
22.762666666666664,4.919284722222223,1.365763888888889,0.2949513888888889,6.440893736805067,5.75451968503937,12.889593055555554,74.58364583333334,1.7771270833333337,173.10815347222223,805.1944138888889,383.9136526772793,0.0
23.325229166666663,4.579868055555556,0.8315694444444445,0.3532083333333333,9.258375089477452,7.4791254480286735,11.08151111111111,74.56966666666668,0.9344986111111112,107.1166638888889,805.6301298611112,522.8089281524927,0.0
27.85879166666667,3.326326388888889,0.2868263888888889,0.38025,11.535395833333334,9.94347414420976,12.17595625,65.91790972222222,1.2215013888888888,165.19850833333334,805.835492361111,520.0686759124088,0.0
23.64385952208544,6.925047067342505,1.4140260680666183,0.4212671976828385,18.12226647356988,13.452037845705966,11.079048515568427,70.13596669080377,1.1783837798696597,86.59663649529327,807.8373642288196,449.7488318584071,0.0
29.35556944444444,2.9709652777777773,0.2742708333333333,0.3464236111111111,18.09851388888889,17.069215277777776,12.713656944444445,65.15467361111111,0.95615625,125.53134791666668,808.1860076388889,507.73204565537554,0.0
28.373055555555556,3.2428194444444443,0.4518888888888889,0.2912430555555555,13.16446527777778,9.460063604240284,14.014808333333333,62.256409722222216,1.834534722222222,174.50095069444444,807.2574902777778,452.337564469914,0.0
25.192409722222223,3.0752777777777776,0.5565555555555556,0.3085486111111111,13.457182203389827,10.185754310344828,14.795186805555556,57.2968125,2.1292979166666663,172.01898402777778,806.2722756944445,525.3089207048458,0.0
22.526027777777777,2.204111111111111,0.4492847222222222,0.2979652777777777,9.927590277777778,6.988622189992748,13.447515277777777,63.49444444444445,2.924855555555556,166.41067708333333,805.8783548611111,511.1258516405136,0.0
22.873069444444447,1.704590277777778,0.3110416666666667,0.2726388888888889,7.884246771879483,5.987872823618471,13.612695833333332,64.5124375,3.135573611111111,164.5926763888889,804.4167951388889,476.731866851595,0.0
21.196875,2.3018680555555555,0.5186527777777777,0.3055277777777778,8.826704953338119,6.0395076923076925,13.95239236111111,64.82503472222223,2.7716819444444445,176.36370694444446,804.2692375,515.4793913043478,0.0
16.354479166666668,3.0625069444444444,0.5436875,0.3375416666666667,10.499494382022473,6.009517638588912,13.774930555555557,70.21245833333333,1.1774444444444443,136.70568958333334,804.9098541666666,136.23846402349486,0.0
17.027291666666667,3.1732430555555555,1.2417847222222222,0.3065486111111111,11.518522648083623,6.539876989869755,14.83317361111111,66.33901388888889,2.221995138888889,171.85947916666666,804.6246368055555,391.42855070422536,0.0
19.806125,3.689784722222222,1.1205069444444444,0.1995833333333333,14.93916608269096,10.491298042059464,13.8290625,66.73040972222222,1.306078472222222,139.48403125000002,804.5444055555555,392.3393575581395,0.0
22.59813888888889,3.0299722222222223,0.6103125,0.1538611111111111,11.513520833333336,7.389332855093256,14.063404166666666,63.284645833333336,2.5903375,176.0074486111111,804.8568888888889,497.4446566523605,0.0
21.193416666666668,3.426,0.5882638888888889,0.1626527777777777,12.5184561891516,8.457077592458303,14.157189583333333,66.06835416666667,1.8715625,162.27840833333332,804.5386284722222,490.22250972222224,0.0
24.81572222222222,5.816951388888889,1.273763888888889,0.1998125,15.99238837703756,8.49043600562588,14.786210416666666,62.93656944444445,1.2464597222222222,122.53105,804.5629305555557,464.9381207386363,0.0
25.92910416666667,5.496645833333333,0.4928472222222222,0.1509791666666666,14.218868055555554,9.09661733615222,15.778902777777777,54.9450625,1.9236729166666664,144.4501111111111,804.4861041666667,412.0821125356125,0.0
25.16539583333333,5.0133125,0.8733819444444445,0.1370138888888889,12.628981158408934,7.158827838827838,15.046930555555557,51.32599305555555,0.9752611111111112,152.39835138888887,804.9722652777778,342.5730915697675,0.0
26.123548611111115,4.869868055555555,0.948902777777778,0.1969930555555555,16.746854558107167,9.35243105950653,15.49019513888889,51.7609375,0.91811875,139.20562916666665,805.0941888888889,531.7170647482014,0.0
27.909770833333333,5.740652777777778,1.4245694444444446,0.3433194444444444,22.199708333333334,12.818302446256483,15.80101875,54.53288194444445,1.0856194444444445,143.08528194444446,805.0566194444443,530.2850598540145,0.0
27.167145833333336,5.250659722222222,1.0463888888888888,0.3425208333333333,26.5803125,16.727185892725938,16.539353717859626,59.36173731758165,1.0493113273106325,148.15318832522584,806.2679888811674,460.5610759124088,0.0
33.36979320531758,7.027736131934033,1.1438116261957323,0.4131199411331861,29.399322162985527,15.658641063515509,16.926931567328918,47.60163355408389,1.2424069168506255,148.35558498896248,807.3797858719646,393.7504751655629,0.0
36.58883089770355,8.908162839248435,1.687168758716876,0.5160194850382742,36.15681280445372,19.085295755045237,17.38157967988866,45.64562282533055,0.9647578288100208,148.29056576200418,807.0384272790535,343.6679866863905,0.0
32.025777777777776,8.772569444444445,0.6253611111111111,0.4931805555555555,44.323881944444445,27.00993031358885,15.332263888888887,45.44378472222223,1.4846986111111111,189.69227916666665,808.0202222222223,207.25856168359945,0.0
30.56284722222222,6.1269375,0.4427291666666667,0.4871041666666666,30.265125,22.494771609276174,14.458166666666664,60.14836111111111,1.279002083333333,151.77715208333333,807.0364638888889,314.9594417009602,0.9
25.104875,4.526243055555556,0.878825573314802,0.4100277777777778,17.106930555555554,12.857328966521107,14.651119444444443,68.14249305555556,1.4913618055555558,184.63109166666663,806.3822805555556,371.7422442528736,0.1
23.709993055555557,3.971173611111111,0.8613927576601672,0.4289722222222222,15.5823125,11.50066091954023,16.013597222222224,60.38153472222223,1.7723368055555555,176.39502847222224,805.9494090277777,524.4589845070423,0.0
25.29263888888889,3.359590277777778,0.6284873949579832,0.3898402777777778,15.548666666666668,9.649625176803394,15.169368055555555,56.12334027777778,1.7881118055555554,184.12860694444447,805.944425,539.9662918454936,0.0
24.49093055555556,4.650284722222223,1.2259062281315605,0.4922152777777777,21.469090277777777,15.453890832750176,15.564245138888888,48.84399305555556,1.4430125,148.09399930555554,806.239882638889,530.8662248275862,0.0
22.230256944444445,4.646868055555555,1.5318771807397067,0.3788333333333333,16.267458217270196,11.951013513513514,16.189072222222222,42.843916666666665,2.0282840277777776,207.82899722222223,806.5471201388888,534.8165337078651,0.0
24.762416666666663,4.750756944444444,1.1086917188587335,0.392736111111111,16.712223006351447,11.881262057877814,15.65931527777778,44.448506944444446,1.2278659722222225,138.6358451388889,807.8422763888889,559.1667731811698,0.0
31.744728457639397,5.996965966690803,0.6648948513415518,0.4275162925416365,24.67692976104272,16.061460506706407,15.102029688631426,50.70933381607531,1.5270246198406952,156.5048189717596,809.2301860970313,465.3394985422741,0.0
30.100694444444443,4.9625208333333335,0.5386180555555555,0.4695902777777778,27.008576388888887,15.760271587743732,15.781625,62.36424305555556,1.8530458333333333,183.78263125,807.0058368055555,260.6792577903683,0.0
27.539583333333333,3.843972222222222,1.2087265135699374,0.4466666666666667,21.214604166666668,13.39697543859649,15.175972916666668,62.88744444444444,1.94785625,152.46296805555556,804.5379055555555,497.7221792318634,0.0
35.753236111111114,1.5095416666666666,0.2015896358543417,0.3850347222222222,14.229589422407791,8.957475655430711,15.466479166666666,54.344458333333336,3.4603020833333336,272.0374034722222,802.3602750000001,574.7568008474576,0.0
36.71118055555556,4.411604166666667,0.5016573426573426,0.4376875,17.607868055555556,11.33283650190114,14.077122222222222,45.165819444444445,1.2535444444444446,174.7005423611111,802.8173527777777,589.8510416068866,0.0
45.00276388888889,4.798604166666666,0.4419747899159664,0.4843472222222222,32.40647916666667,23.433472527472528,14.398230555555555,23.385,1.94345,170.53432638888887,804.7469680555556,580.2753166904422,0.0
42.50246527777778,6.8458194444444445,1.2511961057023644,0.5901527777777779,34.45044444444444,18.497409722222223,15.34857400972898,27.65463516330785,0.9457213342599028,102.67986031966645,805.372339819319,588.3870071022727,0.0
42.22634027777778,6.982215277777778,0.8680208333333334,0.6247013888888889,39.812645833333335,20.65246861924686,16.440089583333332,51.29478472222223,1.2805680555555556,153.16728125,805.6410437499999,561.277604815864,0.0
40.31036805555556,5.556319444444445,0.9208194444444444,0.580375,35.53865972222222,18.6493125,17.34930625,52.82500694444444,2.05384375,195.01873333333336,805.0163187500001,587.8575241477273,0.0
38.49885416666667,5.224388888888889,0.5577152777777777,0.5128611111111111,29.304513888888888,17.437097232079488,16.463438194444443,55.69468055555555,1.5743062500000002,150.43322430555554,804.5422,581.0311285310735,0.0
34.491166666666665,4.589222222222222,0.4637734537873523,0.4672638888888889,24.64095138888889,14.423048353188506,16.44410347222222,54.53590277777778,2.7896756944444445,203.33925625,804.5581256944445,580.3757264957266,0.0
32.07825,3.137486111111111,0.2015994436717663,0.4275555555555555,16.904270833333335,8.112984441301274,17.234166666666667,42.73338888888889,2.7512777777777777,181.0814138888889,803.0511902777778,564.7215345303867,0.0
28.6599375,4.30925,0.5416956219596942,0.4694583333333333,20.30942361111111,8.653829022988505,16.902229166666665,47.18340972222222,1.7634194444444444,138.03251805555556,804.0683361111112,447.0006230440968,0.0
36.17859722222222,5.396458333333333,0.8920972222222223,0.5111944444444444,24.724027777777778,10.13579058327477,17.156222222222222,40.60570138888889,1.8899069444444443,159.95544791666666,806.3492583333334,416.81142755681816,0.0
30.55161805555556,8.371006944444444,1.7379097222222224,0.5975694444444445,30.06763888888889,13.366395833333334,15.682625,52.0568125,1.656677083333333,125.11433819444444,807.6106583333333,301.4417241867044,0.0
33.233645833333334,6.858763888888889,1.5403127171646978,0.6064513888888888,30.31965972222222,12.3255625,16.16684722222222,52.38254861111111,1.577504861111111,156.04652708333333,806.6988611111112,405.0468025210084,0.0
25.9076875,4.5074375,0.7590138888888889,0.5556875,21.50920422535211,13.203603667136813,14.330819444444446,69.51784027777778,2.011047222222222,156.15367083333334,805.2506999999999,304.86452341597794,11.8
26.71636805555556,3.9181597222222218,0.2500416666666666,0.5184027777777778,6.270129589632829,5.726111524163569,12.348340277777778,75.21783333333333,1.865232638888889,128.67063402777777,803.2495520833334,328.2676002372479,8.3
32.876201388888894,5.120916666666667,0.6325608907446069,0.5457430555555556,9.077856145251396,6.967224199288257,11.464714583333333,61.38111111111111,1.5869347222222223,63.381357638888886,805.6881430555555,581.8800607734806,0.0
45.484631944444445,7.237138888888889,0.901169102296451,0.5167013888888888,16.22348611111111,11.22064587973274,14.578329166666668,46.11308333333333,1.1860881944444446,118.79299444444445,808.5631256944445,603.4903653585927,0.0
52.02514583333334,7.071888888888889,1.1592152777777778,0.3669305555555555,22.757305555555558,13.668187499999998,16.537899305555555,36.8673125,1.25258125,131.72870694444444,810.3584506944444,618.2284916201118,0.0
48.33290277777778,7.2399305555555555,1.1527361111111112,0.4193611111111111,33.58235416666666,19.41426388888889,17.05959236111111,47.17225694444445,0.9114069444444444,89.9478736111111,809.895825,617.1827240896359,0.0
57.25498611111111,7.732215277777778,1.0776736111111112,0.4135069444444444,32.50776388888889,18.32113194444445,17.715340277777777,39.64304861111111,1.176958333333333,147.96545972222222,807.0368041666666,610.2950250347706,0.0
61.173902777777776,6.862583333333334,0.8947394023627518,0.3583541666666666,28.688215277777772,15.99178472222222,18.380525694444444,35.0955,1.196542361111111,117.58980625,805.2759951388889,624.6548418079096,0.0
57.80980555555555,7.762416666666666,1.633127171646977,0.4483055555555555,33.05285416666667,21.78750704225352,18.669854166666667,42.82765972222222,1.1094131944444443,118.62674305555556,807.0174027777778,605.9731460674158,0.0
52.135645833333335,11.55632638888889,5.787958333333333,0.4005763888888889,30.8605,21.85898662913441,19.53861805555556,48.619638888888886,1.1116708333333334,113.08558472222222,808.1335208333334,593.7955773480663,0.0
36.00194675540765,6.437637271214642,0.941730449251248,0.4197171381031614,30.2898003327787,19.17943427620632,13.896056572379369,69.74379367720465,0.3424675540765391,98.49396006655574,809.3050998336106,293.65960655737706,0.0
40.048145833333336,4.377493055555556,0.5235763888888889,0.3766944444444445,31.515368055555555,20.011368055555558,18.11847222222222,42.11813888888889,1.9732236111111112,152.6596125,807.3848916666666,612.5111143250689,0.0
41.41460416666666,3.4136527777777776,0.4573175816539264,0.2724375,27.990236111111116,15.408444444444443,17.972486111111113,42.79142361111112,2.030230555555556,155.47254236111112,807.0595701388888,602.0040359116023,0.0
38.88227083333334,2.6225416666666668,0.3543224461431549,0.2774375,24.387972222222224,15.464625000000002,17.738666666666667,43.79743055555556,2.01388125,135.94948333333332,805.8634715277777,619.8217872928177,0.0
38.95588888888889,3.0194444444444444,0.5056944444444444,0.2778194444444444,28.6225,17.167777777777776,18.065402777777777,43.775354166666666,2.0680541666666667,168.0781826388889,804.6160451388889,619.0170835616439,0.0
37.63310416666666,3.881388888888889,0.4139263377345378,0.3455555555555555,30.02658333333333,17.221291666666666,17.687320138888886,42.78638888888889,1.522186111111111,157.17506527777778,803.9884923611111,628.0902660300136,0.0
39.93408333333333,3.750097222222223,0.5353092425295345,0.3035555555555556,31.48957638888889,15.056576388888889,18.39575,39.37332638888888,1.9513979166666664,164.27256458333332,803.4489680555555,627.0104439890711,0.0
39.06909722222223,5.190333333333333,0.5471230020847812,0.2806736111111111,27.46152083333333,12.87946704067321,18.87454861111111,35.27273611111111,2.514768055555556,156.28634166666666,803.560417361111,651.2027479338843,0.0
40.37890972222222,5.609048611111111,0.4475260597637248,0.4256666666666667,35.683687500000005,21.055722222222222,18.18694513888889,34.65390277777778,1.7296597222222223,149.6787048611111,804.0738590277779,633.5640336021505,0.0
38.0923125,4.387611111111111,0.404721835883171,0.439798611111111,29.211458333333333,17.078308771929823,19.616208333333333,37.78327083333333,1.9512756944444445,154.65294166666666,803.9003222222221,631.4475503355704,0.0
35.65232638888889,3.245930555555556,0.356481223922114,0.3753680555555555,21.617923611111117,13.284729166666663,19.28590277777778,40.88701388888889,2.161183333333333,121.74046458333332,805.0696979166667,632.5966364864864,0.0
35.876756944444445,3.207715277777777,0.4816805555555555,0.291875,24.30923611111111,12.76134965034965,19.02102083333333,36.75215277777777,2.048923611111111,152.06225972222222,806.4888597222223,623.3287862903226,0.0
40.032868055555554,3.4645069444444445,1.0266319444444445,0.2332986111111111,31.19758333333333,18.846527777777776,19.264652777777776,35.85040972222222,1.9454006944444444,191.12996041666665,807.1280965277778,602.4424342629482,0.0
40.04170138888889,2.6371666666666664,0.5726944444444445,0.2542222222222222,37.17675694444444,21.433055555555555,19.022319444444445,39.99531944444445,1.96055625,169.22761805555555,805.2221909722223,591.4839056603773,0.0
33.581867219917015,1.50850622406639,0.2,0.2644813278008299,30.9096265560166,22.978672199170123,14.703278008298756,55.49946058091287,0.884356846473029,154.5765560165975,804.1511576763486,0.046,0.0
41.92834027777778,2.5530820770519265,0.4817291666666667,0.3613541666666667,45.58445138888889,35.08686805555556,20.033597222222223,33.68530555555555,2.251936111111111,141.62207569444445,806.5823756944445,574.3730487483531,0.0
33.664145833333336,2.5429930555555558,0.451375,0.3369513888888888,40.81925,29.92607638888889,20.537088255733146,42.268505906879774,2.3644718554551774,192.3443981931897,805.4845045170257,596.9561197368421,0.0
32.006076388888886,4.070548611111112,0.3168611111111111,0.2712916666666667,30.68394444444444,20.034909722222224,20.85243055555556,40.07615277777778,2.486452777777778,159.30423611111112,803.111625,617.7329297573435,0.0
38.40700694444444,4.2547500000000005,0.5328472222222222,0.2866527777777778,34.91265972222222,21.28421527777778,19.51747222222222,32.253416666666666,2.4896909722222222,147.89653472222224,803.8231868055556,648.5796939313984,0.0
32.24795833333333,3.755180555555556,0.6440208333333334,0.3145902777777777,28.258354166666667,17.525937499999998,18.998694444444443,32.95166666666667,2.231705555555556,147.22777430555556,805.8682611111112,642.2735124835742,0.0
34.71211805555556,2.4202916666666665,0.3157430555555555,0.2444513888888888,22.977979166666668,13.254765897973446,20.82826388888889,33.876756944444445,2.5416159722222225,190.9145076388889,806.5130868055555,660.3957542706964,0.0
42.74701388888889,2.6215972222222224,0.3552916666666667,0.3200486111111111,32.026826388888885,24.1066875,20.744722222222222,34.87896527777778,1.986677777777777,187.43736736111111,805.2995486111112,587.1089239842726,0.0
39.27136111111111,3.3086319444444445,0.6321180555555556,0.3591597222222222,35.44886805555556,24.65375694444445,20.750006944444443,30.80727083333333,2.26505625,175.95994166666665,804.9446013888889,541.8935025641025,0.0
38.35505555555555,3.3074305555555554,0.4426666666666667,0.3281597222222222,37.774625,30.880458333333333,19.844527777777778,31.35736805555556,3.096274305555556,174.43458055555556,803.8954562499999,621.2204826732674,0.0
31.59933333333333,2.5294444444444446,0.3135347222222222,0.3356111111111111,27.595604166666664,18.45639583333333,19.695368055555555,43.70004861111112,2.5541805555555555,175.57659375,803.8804069444445,622.7621346153846,0.0
32.05447222222222,4.161409722222222,1.3605416666666668,0.4061527777777778,29.285083333333333,20.002097222222226,19.71936805555556,41.97302777777778,2.21204375,177.63925625000002,804.6870923611111,602.36010546875,0.0
36.42123611111112,5.1159375,1.052701388888889,0.4444027777777778,36.06565972222222,20.98001388888889,20.40084722222222,46.59588194444445,1.6092375,146.0894,807.7847493055556,558.0005520833333,0.0
48.24828472222222,4.770527777777778,0.7007083333333333,0.4715763888888889,45.796402777777786,27.778402777777774,22.207145833333332,43.78618055555555,1.8691555555555557,172.48508819444444,807.8741541666666,611.6587298701298,0.0
53.41093055555556,3.1046319444444443,0.2460625,0.474861111111111,46.65767361111112,33.635618055555554,23.008645833333333,42.96715972222222,1.805230555555556,169.89889027777778,806.1462847222222,607.6900567741935,0.0
48.93819444444444,2.578208333333333,0.3388680555555555,0.4178680555555555,48.47899305555556,32.68034027777778,23.147748436414176,45.75746351633079,2.0777630298818623,171.1527053509381,804.8439694232106,573.7378279009126,0.0
44.66847916666666,2.7005902777777777,0.3165555555555556,0.3509930555555555,40.93149305555556,28.23079861111111,23.74642361111111,38.90767361111112,2.1478472222222225,169.80623819444446,804.6400909722222,616.903623559539,0.0
47.503395833333336,2.404861111111111,0.2747430555555555,0.3424236111111111,40.014152777777774,23.743972222222222,23.51775,35.79001388888889,1.9602465277777776,166.04524791666668,805.2930104166667,586.4493943298969,0.0
47.19511111111112,2.8118819444444445,0.3074583333333333,0.3511944444444445,40.920791666666666,26.17253472222222,23.48788888888889,35.42697222222222,1.7199041666666666,198.21122847222225,805.4785756944444,479.4951095360825,0.0
45.66423611111111,4.497243055555556,0.7411388888888889,0.3984375,46.38047916666667,31.09133333333333,22.87843055555556,35.49986111111112,1.6851972222222225,165.39659375,805.2747972222223,454.3438028169014,0.0
45.43418055555556,2.9043611111111107,0.3185486111111111,0.3753194444444445,41.27388194444445,28.983354166666665,23.03311805555556,34.33197222222222,1.4794666666666665,159.04519375,805.7542395833333,501.192344516129,0.0
50.93453472222222,2.170541666666667,0.2278125,0.3418958333333333,34.77429166666667,25.455486111111117,22.810534722222226,30.125097222222223,1.60424375,181.0515722222222,805.28270625,509.8514529485571,0.0
47.33742477256823,4.377354166666667,0.7187986111111111,0.3822152777777777,42.62429861111111,28.205861111111112,21.50266851980542,39.2648575399583,1.8486699096594856,204.8674850590688,805.406704656011,472.9424375,0.6000000000000001
45.61479166666667,3.24325,0.2986111111111111,0.4054722222222222,39.06854861111111,29.806513888888887,22.020902777777778,34.91963194444444,1.719775,185.2603611111111,806.580604861111,522.7335690537085,0.0
51.32558333333333,3.2815486111111114,0.6832847222222223,0.4055972222222221,42.83017361111111,29.419916666666666,22.35734722222222,31.063625,1.622577777777778,144.31629236111112,806.6402930555556,551.3999078282828,0.0
49.54078472222222,3.28275,0.6556597222222222,0.4389375,50.05627777777777,32.80468055555556,22.542743055555555,34.649993055555555,2.002809722222222,185.5764895833333,805.8975652777777,521.6425492957746,0.0
47.31720833333333,3.517576388888889,0.3842222222222222,0.4812361111111111,47.08182638888889,30.99170138888889,21.374402777777775,34.71884027777777,1.5395534722222222,118.05070694444446,804.7300326388888,420.11525191815855,0.0
50.49930555555556,2.317923611111111,0.3011111111111111,0.4513333333333333,44.40922916666667,29.36359777313848,21.631916666666665,30.99276388888889,2.0353958333333333,157.97646736111113,803.6780965277778,625.0149397435897,0.0
46.102284722222215,1.774902777777778,0.2811875,0.4081180555555556,34.968375,26.982951388888885,21.286555555555555,32.82277083333334,2.0019020833333334,155.04815277777777,803.7095256944444,601.6695754475703,0.0
37.15773480662983,2.006740331491713,0.2,0.4274585635359116,36.55066298342541,26.147900552486192,16.92524861878453,35.10900552486188,0.4745524861878453,168.1932044198895,803.5521049723758,483.8610444352299,0.0
